class	method	flags	i	kind	payload
androidx.webkit.WebViewClientCompat	<clinit>		0	other	.registers 5
androidx.webkit.WebViewClientCompat	<clinit>		1	cstr	0|SHOULD_OVERRIDE_WITH_REDIRECTS
androidx.webkit.WebViewClientCompat	<clinit>		2	cstr	1|SAFE_BROWSING_HIT
androidx.webkit.WebViewClientCompat	<clinit>		3	cstr	2|VISUAL_STATE_CALLBACK
androidx.webkit.WebViewClientCompat	<clinit>		4	cstr	3|RECEIVE_WEB_RESOURCE_ERROR
androidx.webkit.WebViewClientCompat	<clinit>		5	cstr	4|RECEIVE_HTTP_ERROR
androidx.webkit.WebViewClientCompat	<clinit>		6	other	sput-object v0, Landroidx/webkit/WebViewClientCompat;->sSupportedFeatures:[Ljava/lang/String;
androidx.webkit.WebViewClientCompat	<init>		0	other	.registers 1
androidx.webkit.WebViewClientCompat	<init>		1	other	invoke-direct {v0}, Landroid/webkit/WebViewClient;-><init>()V
androidx.webkit.WebViewClientCompat	getSupportedFeatures	public	0	other	.registers 1
androidx.webkit.WebViewClientCompat	getSupportedFeatures	public	1	sget	0|Landroidx/webkit/WebViewClientCompat;|sSupportedFeatures|Ljava/lang/String;
androidx.webkit.WebViewClientCompat	onPageCommitVisible	public	0	other	.registers 3
androidx.webkit.WebViewClientCompat	onReceivedError	public	0	other	.registers 5
androidx.webkit.WebViewClientCompat	onReceivedError	public	1	new	0|Lg1/e;
androidx.webkit.WebViewClientCompat	onReceivedError	public	2	other	invoke-direct {v0, v4}, Lg1/e;-><init>(Landroid/webkit/WebResourceError;)V
androidx.webkit.WebViewClientCompat	onReceivedError	public	3	inv	virtual|None|v1, v2, v3, v0|Landroidx/webkit/WebViewClientCompat;|onReceivedError|La2/a;DLa0/e;|V
androidx.webkit.WebViewClientCompat	onReceivedHttpError	public	0	other	.registers 4
androidx.webkit.WebViewClientCompat	onSafeBrowsingHit	public	0	other	.registers 6
androidx.webkit.WebViewClientCompat	onSafeBrowsingHit	public	1	new	0|Lg1/d;
androidx.webkit.WebViewClientCompat	onSafeBrowsingHit	public	2	other	invoke-direct {v0, v5}, Lg1/d;-><init>(Landroid/webkit/SafeBrowsingResponse;)V
androidx.webkit.WebViewClientCompat	onSafeBrowsingHit	public	3	inv	virtual|None|v1, v2, v3, v4, v0|Landroidx/webkit/WebViewClientCompat;|onSafeBrowsingHit|BBBLa2/a;|V
bo.app.f1	<init>		0	other	.registers 34
bo.app.f1	<init>		1	cstr	0|applicationContext
bo.app.f1	<init>		2	inv	static|None|v1, v0|Lkotlin/jvm/internal/Intrinsics;|checkNotNullParameter|Landroid/app/KeyguardManager;La3/b;|V
bo.app.f1	<init>		3	cstr	0|locationManager
bo.app.f1	<init>		4	inv	static|None|v2, v0|Lkotlin/jvm/internal/Intrinsics;|checkNotNullParameter|Landroid/app/KeyguardManager;La3/b;|V
bo.app.f1	<init>		5	cstr	0|internalEventPublisher
bo.app.f1	<init>		6	inv	static|None|v3, v0|Lkotlin/jvm/internal/Intrinsics;|checkNotNullParameter|Landroid/app/KeyguardManager;La3/b;|V
bo.app.f1	<init>		7	cstr	0|brazeManager
bo.app.f1	<init>		8	inv	static|None|v4, v0|Lkotlin/jvm/internal/Intrinsics;|checkNotNullParameter|Landroid/app/KeyguardManager;La3/b;|V
bo.app.f1	<init>		9	cstr	0|userCache
bo.app.f1	<init>		10	inv	static|None|v5, v0|Lkotlin/jvm/internal/Intrinsics;|checkNotNullParameter|Landroid/app/KeyguardManager;La3/b;|V
bo.app.f1	<init>		11	cstr	0|deviceCache
bo.app.f1	<init>		12	inv	static|None|v6, v0|Lkotlin/jvm/internal/Intrinsics;|checkNotNullParameter|Landroid/app/KeyguardManager;La3/b;|V
bo.app.f1	<init>		13	cstr	0|triggerManager
bo.app.f1	<init>		14	inv	static|None|v7, v0|Lkotlin/jvm/internal/Intrinsics;|checkNotNullParameter|Landroid/app/KeyguardManager;La3/b;|V
bo.app.f1	<init>		15	cstr	0|triggerReEligibilityManager
bo.app.f1	<init>		16	inv	static|None|v8, v0|Lkotlin/jvm/internal/Intrinsics;|checkNotNullParameter|Landroid/app/KeyguardManager;La3/b;|V
bo.app.f1	<init>		17	cstr	0|eventStorageManager
bo.app.f1	<init>		18	inv	static|None|v9, v0|Lkotlin/jvm/internal/Intrinsics;|checkNotNullParameter|Landroid/app/KeyguardManager;La3/b;|V
bo.app.f1	<init>		19	cstr	0|geofenceManager
bo.app.f1	<init>		20	inv	static|None|v10, v0|Lkotlin/jvm/internal/Intrinsics;|checkNotNullParameter|Landroid/app/KeyguardManager;La3/b;|V
bo.app.f1	<init>		21	cstr	0|externalEventPublisher
bo.app.f1	<init>		22	inv	static|None|v11, v0|Lkotlin/jvm/internal/Intrinsics;|checkNotNullParameter|Landroid/app/KeyguardManager;La3/b;|V
bo.app.f1	<init>		23	cstr	0|configurationProvider
bo.app.f1	<init>		24	inv	static|None|v12, v0|Lkotlin/jvm/internal/Intrinsics;|checkNotNullParameter|Landroid/app/KeyguardManager;La3/b;|V
bo.app.f1	<init>		25	cstr	0|contentCardsStorageProvider
bo.app.f1	<init>		26	inv	static|None|v13, v0|Lkotlin/jvm/internal/Intrinsics;|checkNotNullParameter|Landroid/app/KeyguardManager;La3/b;|V
bo.app.f1	<init>		27	cstr	0|sdkMetadataCache
bo.app.f1	<init>		28	inv	static|None|v14, v0|Lkotlin/jvm/internal/Intrinsics;|checkNotNullParameter|Landroid/app/KeyguardManager;La3/b;|V
bo.app.f1	<init>		29	cstr	0|serverConfigStorageProvider
bo.app.f1	<init>		30	inv	static|None|v15, v0|Lkotlin/jvm/internal/Intrinsics;|checkNotNullParameter|Landroid/app/KeyguardManager;La3/b;|V
bo.app.f1	<init>		31	cstr	0|featureFlagsManager
bo.app.f1	<init>		32	inv	static|None|v15, v0|Lkotlin/jvm/internal/Intrinsics;|checkNotNullParameter|Landroid/app/KeyguardManager;La3/b;|V
bo.app.f1	<init>		33	cstr	0|pushDeliveryManager
bo.app.f1	<init>		34	inv	static|None|v15, v0|Lkotlin/jvm/internal/Intrinsics;|checkNotNullParameter|Landroid/app/KeyguardManager;La3/b;|V
bo.app.f1	<init>		35	other	invoke-direct/range {v16}, Ljava/lang/Object;-><init>()V
bo.app.f1	<init>		36	other	iput-object v1, v0, v3061, Lbo/app/f1;->a:Landroid/content/Context;
bo.app.f1	<init>		37	other	iput-object v2, v0, v3062, Lbo/app/f1;->b:Lbo/app/m2;
bo.app.f1	<init>		38	other	iput-object v3, v0, v3063, Lbo/app/f1;->c:Lbo/app/k2;
bo.app.f1	<init>		39	other	iput-object v4, v0, v3064, Lbo/app/f1;->d:Lbo/app/c2;
bo.app.f1	<init>		40	other	iput-object v5, v0, v3065, Lbo/app/f1;->e:Lbo/app/e7;
bo.app.f1	<init>		41	other	iput-object v6, v0, v3066, Lbo/app/f1;->f:Lbo/app/j0;
bo.app.f1	<init>		42	other	iput-object v7, v0, v3067, Lbo/app/f1;->g:Lbo/app/y2;
bo.app.f1	<init>		43	other	iput-object v8, v0, v3068, Lbo/app/f1;->h:Lbo/app/b3;
bo.app.f1	<init>		44	other	iput-object v9, v0, v3069, Lbo/app/f1;->i:Lbo/app/i1;
bo.app.f1	<init>		45	other	iput-object v10, v0, v3070, Lbo/app/f1;->j:Lcom/braze/managers/BrazeGeofenceManager;
bo.app.f1	<init>		46	other	iput-object v11, v0, v3071, Lbo/app/f1;->k:Lbo/app/k2;
bo.app.f1	<init>		47	other	iput-object v12, v0, v3072, Lbo/app/f1;->l:Lcom/braze/configuration/BrazeConfigurationProvider;
bo.app.f1	<init>		48	other	iput-object v13, v0, v3073, Lbo/app/f1;->m:Lbo/app/y;
bo.app.f1	<init>		49	other	iput-object v14, v0, v3074, Lbo/app/f1;->n:Lbo/app/m5;
bo.app.f1	<init>		50	other	iput-object v1, v0, v3075, Lbo/app/f1;->o:Lbo/app/r5;
bo.app.f1	<init>		51	other	iput-object v15, v0, v3076, Lbo/app/f1;->p:Lbo/app/m1;
bo.app.f1	<init>		52	other	iput-object v1, v0, v3077, Lbo/app/f1;->q:Lbo/app/o4;
bo.app.f1	<init>		53	new	1|Ljava/util/concurrent/atomic/AtomicBoolean;
bo.app.f1	<init>		54	other	invoke-direct {v1, v2}, Ljava/util/concurrent/atomic/AtomicBoolean;-><init>(Z)V
bo.app.f1	<init>		55	other	iput-object v1, v0, v3078, Lbo/app/f1;->r:Ljava/util/concurrent/atomic/AtomicBoolean;
bo.app.f1	<init>		56	new	1|Ljava/util/concurrent/atomic/AtomicBoolean;
bo.app.f1	<init>		57	other	invoke-direct {v1, v2}, Ljava/util/concurrent/atomic/AtomicBoolean;-><init>(Z)V
bo.app.f1	<init>		58	other	iput-object v1, v0, v3079, Lbo/app/f1;->s:Ljava/util/concurrent/atomic/AtomicBoolean;
bo.app.f1	<init>		59	new	1|Ljava/util/concurrent/atomic/AtomicBoolean;
bo.app.f1	<init>		60	other	invoke-direct {v1, v2}, Ljava/util/concurrent/atomic/AtomicBoolean;-><init>(Z)V
bo.app.f1	<init>		61	other	iput-object v1, v0, v3081, Lbo/app/f1;->u:Ljava/util/concurrent/atomic/AtomicBoolean;
bo.app.f1	<init>		62	new	1|Ljava/util/concurrent/atomic/AtomicBoolean;
bo.app.f1	<init>		63	other	invoke-direct {v1, v2}, Ljava/util/concurrent/atomic/AtomicBoolean;-><init>(Z)V
bo.app.f1	<init>		64	other	iput-object v1, v0, v3082, Lbo/app/f1;->v:Ljava/util/concurrent/atomic/AtomicBoolean;
bo.app.f1	<init>		65	new	1|Ljava/util/concurrent/atomic/AtomicBoolean;
bo.app.f1	<init>		66	other	invoke-direct {v1, v2}, Ljava/util/concurrent/atomic/AtomicBoolean;-><init>(Z)V
bo.app.f1	<init>		67	other	iput-object v1, v0, v3083, Lbo/app/f1;->w:Ljava/util/concurrent/atomic/AtomicBoolean;
bo.app.f1	<init>		68	new	1|Ljava/util/concurrent/atomic/AtomicBoolean;
bo.app.f1	<init>		69	other	invoke-direct {v1, v2}, Ljava/util/concurrent/atomic/AtomicBoolean;-><init>(Z)V
bo.app.f1	<init>		70	other	iput-object v1, v0, v3084, Lbo/app/f1;->x:Ljava/util/concurrent/atomic/AtomicBoolean;
bo.app.f1	<init>		71	new	1|Ljava/util/concurrent/atomic/AtomicBoolean;
bo.app.f1	<init>		72	other	invoke-direct {v1, v2}, Ljava/util/concurrent/atomic/AtomicBoolean;-><init>(Z)V
bo.app.f1	<init>		73	other	iput-object v1, v0, v3085, Lbo/app/f1;->y:Ljava/util/concurrent/atomic/AtomicBoolean;
bo.app.f1	a	private	0	other	.registers 3
bo.app.f1	a	private	1	new	0|Lbo/app/l7;
bo.app.f1	a	private	2	other	invoke-direct {v0, v2, v1}, Lbo/app/l7;-><init>(BB)V
bo.app.f1	a	private,static	0	other	.registers 3
bo.app.f1	a	private,static	1	cstr	0|this$0
bo.app.f1	a	private,static	2	inv	static|None|v1, v0|Lkotlin/jvm/internal/Intrinsics;|checkNotNullParameter|Landroid/app/KeyguardManager;La3/b;|V
bo.app.f1	a	private,static	3	cstr	0|<name for destructuring parameter 0>
bo.app.f1	a	private,static	4	inv	static|None|v2, v0|Lkotlin/jvm/internal/Intrinsics;|checkNotNullParameter|Landroid/app/KeyguardManager;La3/b;|V
bo.app.f1	a	private,static	5	inv	virtual|None|v2|Lbo/app/b7;|a||Ljava/util/List;
bo.app.f1	a	private,static	6	other	iget-object v0, v1, v3067, Lbo/app/f1;->g:Lbo/app/y2;
bo.app.f1	a	private,static	7	inv	interface|None|v0, v2|Lbo/app/a3;|a|Ljava/util/List;|V
bo.app.f1	a	private,static	8	inv	virtual|None|v1|Lbo/app/f1;|w||V
bo.app.f1	a	private,static	9	inv	virtual|None|v1|Lbo/app/f1;|v||V
bo.app.f1	a	private,static	0	other	.registers 6
bo.app.f1	a	private,static	1	cstr	0|this$0
bo.app.f1	a	private,static	2	inv	static|None|v3, v0|Lkotlin/jvm/internal/Intrinsics;|checkNotNullParameter|Landroid/app/KeyguardManager;La3/b;|V
bo.app.f1	a	private,static	3	other	iget-object v0, v3, v3064, Lbo/app/f1;->d:Lbo/app/c2;
bo.app.f1	a	private,static	4	inv	interface|None|v0, v5|Lbo/app/c2;|a|Ljava/lang/Throwable;|V
bo.app.f1	a	private,static	5	sget	0|Lcom/braze/support/BrazeLogger;|INSTANCE|Lcom/braze/support/BrazeLogger;
bo.app.f1	a	private,static	6	sget	1|Lcom/braze/support/BrazeLogger$Priority;|E|Lcom/braze/support/BrazeLogger$Priority;
bo.app.f1	a	private,static	7	sget	2|Lbo/app/f1$b;|b|Lbo/app/f1$b;
bo.app.f1	a	private,static	8	inv	virtual|None|v0, v3, v1, v5, v2|Lcom/braze/support/BrazeLogger;|brazelog|Landroid/app/KeyguardManager;La3/b;Lbo/app/l$c;Landroid/app/RemoteInput;|V
bo.app.f1	a	private,static	9	inv	virtual|None|v4|Ljava/util/concurrent/Semaphore;|release||V
bo.app.f1	a	private,static	10	inv	virtual|None|v4|Ljava/util/concurrent/Semaphore;|release||V
bo.app.f1	a	private	0	other	.registers 5
bo.app.f1	a	private	1	inv	virtual|None|v4|Lbo/app/w5;|a||Lbo/app/t5;
bo.app.f1	a	private	2	sget	0|Lbo/app/i;|h|Lbo/app/i$a;
bo.app.f1	a	private	3	inv	virtual|None|v4|Lbo/app/t5;|v||J
bo.app.f1	a	private	4	inv	virtual|None|v0, v1, v2|Lbo/app/i$a;|a|B|Lbo/app/a2;
bo.app.f1	a	private	5	inv	virtual|None|v4|Lbo/app/t5;|s||Lbo/app/v5;
bo.app.f1	a	private	6	inv	interface|None|v0, v4|Lbo/app/a2;|a|Lbo/app/v5;|V
bo.app.f1	a	private	7	other	iget-object v3, v3, v3064, Lbo/app/f1;->d:Lbo/app/c2;
bo.app.f1	a	private	8	inv	interface|None|v3, v0|Lbo/app/c2;|a|Lbo/app/a2;|Z
bo.app.f1	b	public,static	0	other	.registers 2
bo.app.f1	b	public,static	1	inv	static|None|v0, v1|Lbo/app/f1;|a|Landroid/app/Activity;La/a;|V
bo.app.f1	c	public,static	0	other	.registers 3
bo.app.f1	c	public,static	1	inv	static|None|v0, v1, v2|Lbo/app/f1;|a|Landroid/app/Activity;La/a;La2/a;|V
bo.app.f1	d	public,static	0	other	.registers 2
bo.app.f1	d	public,static	1	inv	static|None|v0, v1|Lbo/app/f1;|a|Landroid/app/Activity;La/a;|V
bo.app.f1	e	public,static	0	other	.registers 2
bo.app.f1	e	public,static	1	inv	static|None|v0, v1|Lbo/app/f1;|a|Landroid/app/Activity;La/a;|V
bo.app.f1	f	public,static	0	other	.registers 2
bo.app.f1	f	public,static	1	inv	static|None|v0, v1|Lbo/app/f1;|a|Landroid/app/Activity;La/a;|V
bo.app.f1	g	private	0	other	.registers 3
bo.app.f1	g	private	1	new	0|Lbo/app/l7;
bo.app.f1	g	private	2	other	invoke-direct {v0, v2, v1}, Lbo/app/l7;-><init>(BB)V
bo.app.f1	g	public,static	0	other	.registers 2
bo.app.f1	g	public,static	1	inv	static|None|v0, v1|Lbo/app/f1;|a|Landroid/app/Activity;La/a;|V
bo.app.f1	h	public,static	0	other	.registers 2
bo.app.f1	h	public,static	1	inv	static|None|v0, v1|Lbo/app/f1;|a|Landroid/app/Activity;La/a;|V
bo.app.f1	i	public,static	0	other	.registers 2
bo.app.f1	i	public,static	1	inv	static|None|v0, v1|Lbo/app/f1;|a|Landroid/app/Activity;La/a;|V
bo.app.f1	j	public,static	0	other	.registers 2
bo.app.f1	j	public,static	1	inv	static|None|v0, v1|Lbo/app/f1;|a|Landroid/app/Activity;La/a;|V
bo.app.f1	k	public,static	0	other	.registers 2
bo.app.f1	k	public,static	1	inv	static|None|v0, v1|Lbo/app/f1;|a|Landroid/app/Activity;La/a;|V
bo.app.f1	l	private	0	other	.registers 3
bo.app.f1	l	private	1	new	0|Lbo/app/k7;
bo.app.f1	l	private	2	other	invoke-direct {v0, v2, v1}, Lbo/app/k7;-><init>(BB)V
bo.app.f1	l	public,static	0	other	.registers 2
bo.app.f1	l	public,static	1	inv	static|None|v0, v1|Lbo/app/f1;|a|Landroid/app/Activity;La/a;|V
bo.app.f1	m	public,static	0	other	.registers 2
bo.app.f1	m	public,static	1	inv	static|None|v0, v1|Lbo/app/f1;|a|Landroid/app/Activity;La/a;|V
bo.app.f1	n	private	0	other	.registers 3
bo.app.f1	n	private	1	new	0|Lbo/app/m7;
bo.app.f1	n	private	2	other	invoke-direct {v0, v2, v1}, Lbo/app/m7;-><init>(BB)V
bo.app.f1	n	public,static	0	other	.registers 2
bo.app.f1	n	public,static	1	inv	static|None|v0, v1|Lbo/app/f1;|a|Landroid/app/Activity;La/a;|V
bo.app.f1	o	private	0	other	.registers 3
bo.app.f1	o	private	1	new	0|Lbo/app/l7;
bo.app.f1	o	private	2	other	invoke-direct {v0, v2, v1}, Lbo/app/l7;-><init>(BB)V
bo.app.f1	o	public,static	0	other	.registers 2
bo.app.f1	o	public,static	1	inv	static|None|v0, v1|Lbo/app/f1;|a|Landroid/app/Activity;La/a;|V
bo.app.f1	p	public,static	0	other	.registers 2
bo.app.f1	p	public,static	1	inv	static|None|v0, v1|Lbo/app/f1;|a|Landroid/app/Activity;La/a;|V
bo.app.f1	q	private	0	other	.registers 17
bo.app.f1	q	private	1	other	iget-object v0, v7, v3082, Lbo/app/f1;->v:Ljava/util/concurrent/atomic/AtomicBoolean;
bo.app.f1	q	private	2	inv	virtual|None|v0, v1, v2|Ljava/util/concurrent/atomic/AtomicBoolean;|compareAndSet|BB|Z
bo.app.f1	q	private	3	sget	0|Lcom/braze/support/BrazeLogger;|INSTANCE|Lcom/braze/support/BrazeLogger;
bo.app.f1	q	private	4	sget	4|Lbo/app/f1$c;|b|Lbo/app/f1$c;
bo.app.f1	q	private	5	inv	static|/range|v0, v1, v2, v3, v4, v5, v6|Lcom/braze/support/BrazeLogger;|brazelog$default|BBBLa/a;La0/e;Landroid/app/KeyguardManager;La3/b;|V
bo.app.f1	q	private	6	other	iget-object v0, v7, v3064, Lbo/app/f1;->d:Lbo/app/c2;
bo.app.f1	q	private	7	other	iget-object v1, v7, v3073, Lbo/app/f1;->m:Lbo/app/y;
bo.app.f1	q	private	8	inv	virtual|None|v1|Lbo/app/y;|e||J
bo.app.f1	q	private	9	other	iget-object v1, v7, v3073, Lbo/app/f1;->m:Lbo/app/y;
bo.app.f1	q	private	10	inv	virtual|None|v1|Lbo/app/y;|f||J
bo.app.f1	q	private	11	inv	static|/range|v7, v8, v9, v10, v11, v12, v13, v14, v15|Lbo/app/c2;|a|BBBLandroidx/appcompat/widget/SearchView$n;JBJ|V
bo.app.f1	q	private	12	sget	0|Lcom/braze/support/BrazeLogger;|INSTANCE|Lcom/braze/support/BrazeLogger;
bo.app.f1	q	private	13	sget	4|Lbo/app/f1$d;|b|Lbo/app/f1$d;
bo.app.f1	q	private	14	inv	static|/range|v0, v1, v2, v3, v4, v5, v6|Lcom/braze/support/BrazeLogger;|brazelog$default|BBBLa/a;La0/e;Landroid/app/KeyguardManager;La3/b;|V
bo.app.f1	q	public,static	0	other	.registers 2
bo.app.f1	q	public,static	1	inv	static|None|v0, v1|Lbo/app/f1;|a|Landroid/app/Activity;La/a;|V
bo.app.f1	r	private	0	other	.registers 9
bo.app.f1	r	private	1	other	iget-object v0, v8, v3085, Lbo/app/f1;->y:Ljava/util/concurrent/atomic/AtomicBoolean;
bo.app.f1	r	private	2	inv	virtual|None|v0, v1, v2|Ljava/util/concurrent/atomic/AtomicBoolean;|compareAndSet|BB|Z
bo.app.f1	r	private	3	sget	1|Lcom/braze/support/BrazeLogger;|INSTANCE|Lcom/braze/support/BrazeLogger;
bo.app.f1	r	private	4	sget	5|Lbo/app/f1$e;|b|Lbo/app/f1$e;
bo.app.f1	r	private	5	inv	static|/range|v1, v2, v3, v4, v5, v6, v7|Lcom/braze/support/BrazeLogger;|brazelog$default|BBBLa/a;La0/e;Landroid/app/KeyguardManager;La3/b;|V
bo.app.f1	r	private	6	other	iget-object v8, v8, v3064, Lbo/app/f1;->d:Lbo/app/c2;
bo.app.f1	r	private	7	inv	interface|None|v8|Lbo/app/c2;|d||V
bo.app.f1	r	private	8	sget	0|Lcom/braze/support/BrazeLogger;|INSTANCE|Lcom/braze/support/BrazeLogger;
bo.app.f1	r	private	9	sget	4|Lbo/app/f1$f;|b|Lbo/app/f1$f;
bo.app.f1	r	private	10	inv	static|/range|v0, v1, v2, v3, v4, v5, v6|Lcom/braze/support/BrazeLogger;|brazelog$default|BBBLa/a;La0/e;Landroid/app/KeyguardManager;La3/b;|V
bo.app.f1	r	public,static	0	other	.registers 2
bo.app.f1	r	public,static	1	inv	static|None|v0, v1|Lbo/app/f1;|a|Landroid/app/Activity;La/a;|V
bo.app.f1	s	private	0	other	.registers 9
bo.app.f1	s	private	1	other	iget-object v0, v8, v3083, Lbo/app/f1;->w:Ljava/util/concurrent/atomic/AtomicBoolean;
bo.app.f1	s	private	2	inv	virtual|None|v0, v1, v2|Ljava/util/concurrent/atomic/AtomicBoolean;|compareAndSet|BB|Z
bo.app.f1	s	private	3	sget	1|Lcom/braze/support/BrazeLogger;|INSTANCE|Lcom/braze/support/BrazeLogger;
bo.app.f1	s	private	4	sget	5|Lbo/app/f1$g;|b|Lbo/app/f1$g;
bo.app.f1	s	private	5	inv	static|/range|v1, v2, v3, v4, v5, v6, v7|Lcom/braze/support/BrazeLogger;|brazelog$default|BBBLa/a;La0/e;Landroid/app/KeyguardManager;La3/b;|V
bo.app.f1	s	private	6	other	iget-object v8, v8, v3076, Lbo/app/f1;->p:Lbo/app/m1;
bo.app.f1	s	private	7	inv	virtual|None|v8|Lbo/app/m1;|a||V
bo.app.f1	s	private	8	sget	0|Lcom/braze/support/BrazeLogger;|INSTANCE|Lcom/braze/support/BrazeLogger;
bo.app.f1	s	private	9	sget	4|Lbo/app/f1$h;|b|Lbo/app/f1$h;
bo.app.f1	s	private	10	inv	static|/range|v0, v1, v2, v3, v4, v5, v6|Lcom/braze/support/BrazeLogger;|brazelog$default|BBBLa/a;La0/e;Landroid/app/KeyguardManager;La3/b;|V
bo.app.f1	t	private	0	other	.registers 9
bo.app.f1	t	private	1	other	iget-object v0, v8, v3084, Lbo/app/f1;->x:Ljava/util/concurrent/atomic/AtomicBoolean;
bo.app.f1	t	private	2	inv	virtual|None|v0, v1, v2|Ljava/util/concurrent/atomic/AtomicBoolean;|compareAndSet|BB|Z
bo.app.f1	t	private	3	sget	1|Lcom/braze/support/BrazeLogger;|INSTANCE|Lcom/braze/support/BrazeLogger;
bo.app.f1	t	private	4	sget	5|Lbo/app/f1$i;|b|Lbo/app/f1$i;
bo.app.f1	t	private	5	inv	static|/range|v1, v2, v3, v4, v5, v6, v7|Lcom/braze/support/BrazeLogger;|brazelog$default|BBBLa/a;La0/e;Landroid/app/KeyguardManager;La3/b;|V
bo.app.f1	t	private	6	other	iget-object v8, v8, v3064, Lbo/app/f1;->d:Lbo/app/c2;
bo.app.f1	t	private	7	inv	interface|None|v8|Lbo/app/c2;|h||V
bo.app.f1	t	private	8	sget	0|Lcom/braze/support/BrazeLogger;|INSTANCE|Lcom/braze/support/BrazeLogger;
bo.app.f1	t	private	9	sget	4|Lbo/app/f1$j;|b|Lbo/app/f1$j;
bo.app.f1	t	private	10	inv	static|/range|v0, v1, v2, v3, v4, v5, v6|Lcom/braze/support/BrazeLogger;|brazelog$default|BBBLa/a;La0/e;Landroid/app/KeyguardManager;La3/b;|V
bo.app.f1	u	private	0	other	.registers 8
bo.app.f1	u	private	1	sget	0|Lcom/braze/support/BrazeLogger;|INSTANCE|Lcom/braze/support/BrazeLogger;
bo.app.f1	u	private	2	sget	4|Lbo/app/f1$l;|b|Lbo/app/f1$l;
bo.app.f1	u	private	3	inv	static|/range|v0, v1, v2, v3, v4, v5, v6|Lcom/braze/support/BrazeLogger;|brazelog$default|BBBLa/a;La0/e;Landroid/app/KeyguardManager;La3/b;|V
bo.app.f1	u	private	4	other	iget-object v7, v7, v3064, Lbo/app/f1;->d:Lbo/app/c2;
bo.app.f1	u	private	5	inv	static|None|v7, v2, v3, v0, v1|Lbo/app/c2;|a|BBBLandroidx/appcompat/widget/SearchView$n;|V
bo.app.f1	a	public	0	other	.registers 4
bo.app.f1	a	public	1	new	0|Lbo/app/n7;
bo.app.f1	a	public	2	other	invoke-direct {v0, v2, v1, v3}, Lbo/app/n7;-><init>(BBB)V
bo.app.f1	a	public	0	other	.registers 10
bo.app.f1	a	public	1	cstr	0|eventMessenger
bo.app.f1	a	public	2	inv	static|None|v9, v0|Lkotlin/jvm/internal/Intrinsics;|checkNotNullParameter|Landroid/app/KeyguardManager;La3/b;|V
bo.app.f1	a	public	3	sget	1|Lcom/braze/support/BrazeLogger;|INSTANCE|Lcom/braze/support/BrazeLogger;
bo.app.f1	a	public	4	new	5|Lbo/app/f1$x;
bo.app.f1	a	public	5	other	invoke-direct {v5, v9}, Lbo/app/f1$x;-><init>(Lbo/app/k2;)V
bo.app.f1	a	public	6	inv	static|/range|v1, v2, v3, v4, v5, v6, v7|Lcom/braze/support/BrazeLogger;|brazelog$default|BBBLa/a;La0/e;Landroid/app/KeyguardManager;La3/b;|V
bo.app.f1	a	public	7	inv	virtual|None|v8|Lbo/app/f1;|b||Lcom/braze/events/IEventSubscriber;
bo.app.f1	a	public	8	ccls	1|Lbo/app/p0;
bo.app.f1	a	public	9	inv	interface|None|v9, v1, v0|Lbo/app/k2;|c|Landroid/accounts/OperationCanceledException;La3/b;|Z
bo.app.f1	a	public	10	inv	virtual|None|v8|Lbo/app/f1;|c||Lcom/braze/events/IEventSubscriber;
bo.app.f1	a	public	11	ccls	1|Lbo/app/q0;
bo.app.f1	a	public	12	inv	interface|None|v9, v1, v0|Lbo/app/k2;|c|Landroid/accounts/OperationCanceledException;La3/b;|Z
bo.app.f1	a	public	13	inv	virtual|None|v8|Lbo/app/f1;|i||Lcom/braze/events/IEventSubscriber;
bo.app.f1	a	public	14	ccls	1|Lbo/app/u5;
bo.app.f1	a	public	15	inv	interface|None|v9, v1, v0|Lbo/app/k2;|c|Landroid/accounts/OperationCanceledException;La3/b;|Z
bo.app.f1	a	public	16	inv	virtual|None|v8|Lbo/app/f1;|k||Lcom/braze/events/IEventSubscriber;
bo.app.f1	a	public	17	ccls	1|Lbo/app/x5;
bo.app.f1	a	public	18	inv	interface|None|v9, v1, v0|Lbo/app/k2;|c|Landroid/accounts/OperationCanceledException;La3/b;|Z
bo.app.f1	a	public	19	inv	virtual|None|v8|Lbo/app/f1;|j||Lcom/braze/events/IEventSubscriber;
bo.app.f1	a	public	20	ccls	1|Lbo/app/w5;
bo.app.f1	a	public	21	inv	interface|None|v9, v1, v0|Lbo/app/k2;|c|Landroid/accounts/OperationCanceledException;La3/b;|Z
bo.app.f1	a	public	22	inv	virtual|None|v8|Lbo/app/f1;|m||Lcom/braze/events/IEventSubscriber;
bo.app.f1	a	public	23	ccls	1|Lbo/app/q6;
bo.app.f1	a	public	24	inv	interface|None|v9, v1, v0|Lbo/app/k2;|c|Landroid/accounts/OperationCanceledException;La3/b;|Z
bo.app.f1	a	public	25	inv	virtual|None|v8|Lbo/app/f1;|h||Lcom/braze/events/IEventSubscriber;
bo.app.f1	a	public	26	ccls	1|Lbo/app/q5;
bo.app.f1	a	public	27	inv	interface|None|v9, v1, v0|Lbo/app/k2;|c|Landroid/accounts/OperationCanceledException;La3/b;|Z
bo.app.f1	a	public	28	inv	virtual|None|v8, v0|Lbo/app/f1;|a|Ljava/util/concurrent/Semaphore;|Lcom/braze/events/IEventSubscriber;
bo.app.f1	a	public	29	ccls	1|Ljava/lang/Throwable;
bo.app.f1	a	public	30	inv	interface|None|v9, v1, v0|Lbo/app/k2;|c|Landroid/accounts/OperationCanceledException;La3/b;|Z
bo.app.f1	a	public	31	inv	direct|None|v8|Lbo/app/f1;|l||Lcom/braze/events/IEventSubscriber;
bo.app.f1	a	public	32	ccls	1|Lbo/app/c6;
bo.app.f1	a	public	33	inv	interface|None|v9, v1, v0|Lbo/app/k2;|c|Landroid/accounts/OperationCanceledException;La3/b;|Z
bo.app.f1	a	public	34	inv	virtual|None|v8|Lbo/app/f1;|p||Lcom/braze/events/IEventSubscriber;
bo.app.f1	a	public	35	ccls	1|Lbo/app/b7;
bo.app.f1	a	public	36	inv	interface|None|v9, v1, v0|Lbo/app/k2;|c|Landroid/accounts/OperationCanceledException;La3/b;|Z
bo.app.f1	a	public	37	inv	direct|None|v8|Lbo/app/f1;|g||Lcom/braze/events/IEventSubscriber;
bo.app.f1	a	public	38	ccls	1|Lbo/app/p3;
bo.app.f1	a	public	39	inv	interface|None|v9, v1, v0|Lbo/app/k2;|c|Landroid/accounts/OperationCanceledException;La3/b;|Z
bo.app.f1	a	public	40	inv	virtual|None|v8|Lbo/app/f1;|e||Lcom/braze/events/IEventSubscriber;
bo.app.f1	a	public	41	ccls	1|Lbo/app/w1;
bo.app.f1	a	public	42	inv	interface|None|v9, v1, v0|Lbo/app/k2;|c|Landroid/accounts/OperationCanceledException;La3/b;|Z
bo.app.f1	a	public	43	inv	virtual|None|v8|Lbo/app/f1;|d||Lcom/braze/events/IEventSubscriber;
bo.app.f1	a	public	44	ccls	1|Lbo/app/n1;
bo.app.f1	a	public	45	inv	interface|None|v9, v1, v0|Lbo/app/k2;|c|Landroid/accounts/OperationCanceledException;La3/b;|Z
bo.app.f1	a	public	46	inv	direct|None|v8|Lbo/app/f1;|n||Lcom/braze/events/IEventSubscriber;
bo.app.f1	a	public	47	ccls	1|Lbo/app/s6;
bo.app.f1	a	public	48	inv	interface|None|v9, v1, v0|Lbo/app/k2;|c|Landroid/accounts/OperationCanceledException;La3/b;|Z
bo.app.f1	a	public	49	inv	virtual|None|v8|Lbo/app/f1;|f||Lcom/braze/events/IEventSubscriber;
bo.app.f1	a	public	50	ccls	1|Lbo/app/g3;
bo.app.f1	a	public	51	inv	interface|None|v9, v1, v0|Lbo/app/k2;|c|Landroid/accounts/OperationCanceledException;La3/b;|Z
bo.app.f1	a	public	52	inv	direct|None|v8|Lbo/app/f1;|o||Lcom/braze/events/IEventSubscriber;
bo.app.f1	a	public	53	ccls	1|Lbo/app/z6;
bo.app.f1	a	public	54	inv	interface|None|v9, v1, v0|Lbo/app/k2;|c|Landroid/accounts/OperationCanceledException;La3/b;|Z
bo.app.f1	a	public	55	inv	direct|None|v8|Lbo/app/f1;|a||Lcom/braze/events/IEventSubscriber;
bo.app.f1	a	public	56	ccls	0|Lbo/app/u;
bo.app.f1	a	public	57	inv	interface|None|v9, v0, v8|Lbo/app/k2;|c|Landroid/accounts/OperationCanceledException;La3/b;|Z
bo.app.f1	b	public	0	other	.registers 3
bo.app.f1	b	public	1	new	0|Lbo/app/m7;
bo.app.f1	b	public	2	other	invoke-direct {v0, v2, v1}, Lbo/app/m7;-><init>(BB)V
bo.app.f1	c	public	0	other	.registers 3
bo.app.f1	c	public	1	new	0|Lbo/app/k7;
bo.app.f1	c	public	2	other	invoke-direct {v0, v2, v1}, Lbo/app/k7;-><init>(BB)V
bo.app.f1	d	public	0	other	.registers 3
bo.app.f1	d	public	1	new	0|Lbo/app/l7;
bo.app.f1	d	public	2	other	invoke-direct {v0, v2, v1}, Lbo/app/l7;-><init>(BB)V
bo.app.f1	e	public	0	other	.registers 3
bo.app.f1	e	public	1	new	0|Lbo/app/k7;
bo.app.f1	e	public	2	other	invoke-direct {v0, v2, v1}, Lbo/app/k7;-><init>(BB)V
bo.app.f1	f	public	0	other	.registers 3
bo.app.f1	f	public	1	new	0|Lbo/app/l7;
bo.app.f1	f	public	2	other	invoke-direct {v0, v2, v1}, Lbo/app/l7;-><init>(BB)V
bo.app.f1	h	public	0	other	.registers 3
bo.app.f1	h	public	1	new	0|Lbo/app/k7;
bo.app.f1	h	public	2	other	invoke-direct {v0, v2, v1}, Lbo/app/k7;-><init>(BB)V
bo.app.f1	i	public	0	other	.registers 3
bo.app.f1	i	public	1	new	0|Lbo/app/k7;
bo.app.f1	i	public	2	other	invoke-direct {v0, v2, v1}, Lbo/app/k7;-><init>(BB)V
bo.app.f1	j	public	0	other	.registers 3
bo.app.f1	j	public	1	new	0|Lbo/app/m7;
bo.app.f1	j	public	2	other	invoke-direct {v0, v2, v1}, Lbo/app/m7;-><init>(BB)V
bo.app.f1	k	public	0	other	.registers 3
bo.app.f1	k	public	1	new	0|Lbo/app/k7;
bo.app.f1	k	public	2	other	invoke-direct {v0, v2, v1}, Lbo/app/k7;-><init>(BB)V
bo.app.f1	m	public	0	other	.registers 3
bo.app.f1	m	public	1	new	0|Lbo/app/l7;
bo.app.f1	m	public	2	other	invoke-direct {v0, v2, v1}, Lbo/app/l7;-><init>(BB)V
bo.app.f1	p	public	0	other	.registers 3
bo.app.f1	p	public	1	new	0|Lbo/app/m7;
bo.app.f1	p	public	2	other	invoke-direct {v0, v2, v1}, Lbo/app/m7;-><init>(BB)V
bo.app.f1	v	public	0	other	.registers 5
bo.app.f1	v	public	1	other	iget-object v0, v4, v3079, Lbo/app/f1;->s:Ljava/util/concurrent/atomic/AtomicBoolean;
bo.app.f1	v	public	2	inv	virtual|None|v0, v1, v2|Ljava/util/concurrent/atomic/AtomicBoolean;|compareAndSet|BB|Z
bo.app.f1	v	public	3	other	iget-object v0, v4, v3080, Lbo/app/f1;->t:Lbo/app/q6;
bo.app.f1	v	public	4	other	iget-object v1, v4, v3067, Lbo/app/f1;->g:Lbo/app/y2;
bo.app.f1	v	public	5	new	2|Lbo/app/l4;
bo.app.f1	v	public	6	inv	virtual|None|v0|Lbo/app/q6;|a||Ljava/lang/String;
bo.app.f1	v	public	7	inv	virtual|None|v0|Lbo/app/q6;|b||Lbo/app/a2;
bo.app.f1	v	public	8	other	invoke-direct {v2, v3, v0}, Lbo/app/l4;-><init>(Landroid/app/NotificationChannel;La3/b;)V
bo.app.f1	v	public	9	inv	interface|None|v1, v2|Lbo/app/y2;|a|Lbo/app/x2;|V
bo.app.f1	v	public	10	other	iput-object v0, v4, v3080, Lbo/app/f1;->t:Lbo/app/q6;
bo.app.f1	w	public	0	other	.registers 4
bo.app.f1	w	public	1	other	iget-object v0, v3, v3078, Lbo/app/f1;->r:Ljava/util/concurrent/atomic/AtomicBoolean;
bo.app.f1	w	public	2	inv	virtual|None|v0, v1, v2|Ljava/util/concurrent/atomic/AtomicBoolean;|compareAndSet|BB|Z
bo.app.f1	w	public	3	other	iget-object v3, v3, v3067, Lbo/app/f1;->g:Lbo/app/y2;
bo.app.f1	w	public	4	new	0|Lbo/app/y3;
bo.app.f1	w	public	5	other	invoke-direct {v0}, Lbo/app/y3;-><init>()V
bo.app.f1	w	public	6	inv	interface|None|v3, v0|Lbo/app/y2;|a|Lbo/app/x2;|V
bo.app.f1	x	public	0	other	.registers 16
bo.app.f1	x	public	1	new	7|Lbo/app/b4$a;
bo.app.f1	x	public	2	other	invoke-direct/range {v0, v1, v2, v3, v4, v5, v6}, Lbo/app/b4$a;-><init>(BBBLandroid/app/NotificationChannel;La3/b;Landroid/accounts/AccountManager;)V
bo.app.f1	x	public	3	other	iget-object v0, v15, v3064, Lbo/app/f1;->d:Lbo/app/c2;
bo.app.f1	x	public	4	inv	interface|None|v0|Lbo/app/c2;|c||Z
bo.app.f1	x	public	5	sget	8|Lcom/braze/support/BrazeLogger;|INSTANCE|Lcom/braze/support/BrazeLogger;
bo.app.f1	x	public	6	sget	12|Lbo/app/f1$m;|b|Lbo/app/f1$m;
bo.app.f1	x	public	7	inv	static|/range|v8, v9, v10, v11, v12, v13, v14|Lcom/braze/support/BrazeLogger;|brazelog$default|BBBLa/a;La0/e;Landroid/app/KeyguardManager;La3/b;|V
bo.app.f1	x	public	8	inv	virtual|None|v7|Lbo/app/b4$a;|d||Lbo/app/b4$a;
bo.app.f1	x	public	9	other	iget-object v0, v15, v3064, Lbo/app/f1;->d:Lbo/app/c2;
bo.app.f1	x	public	10	inv	interface|None|v0, v1|Lbo/app/c2;|a|Z|V
bo.app.f1	x	public	11	other	iget-object v0, v15, v3064, Lbo/app/f1;->d:Lbo/app/c2;
bo.app.f1	x	public	12	inv	interface|None|v0|Lbo/app/c2;|b||Z
bo.app.f1	x	public	13	other	iget-object v0, v15, v3078, Lbo/app/f1;->r:Ljava/util/concurrent/atomic/AtomicBoolean;
bo.app.f1	x	public	14	inv	virtual|None|v0, v2|Ljava/util/concurrent/atomic/AtomicBoolean;|set|Z|V
bo.app.f1	x	public	15	sget	8|Lcom/braze/support/BrazeLogger;|INSTANCE|Lcom/braze/support/BrazeLogger;
bo.app.f1	x	public	16	sget	12|Lbo/app/f1$n;|b|Lbo/app/f1$n;
bo.app.f1	x	public	17	inv	static|/range|v8, v9, v10, v11, v12, v13, v14|Lcom/braze/support/BrazeLogger;|brazelog$default|BBBLa/a;La0/e;Landroid/app/KeyguardManager;La3/b;|V
bo.app.f1	x	public	18	inv	virtual|None|v7|Lbo/app/b4$a;|e||Lbo/app/b4$a;
bo.app.f1	x	public	19	other	iget-object v0, v15, v3064, Lbo/app/f1;->d:Lbo/app/c2;
bo.app.f1	x	public	20	inv	interface|None|v0, v1|Lbo/app/c2;|b|Z|V
bo.app.f1	x	public	21	inv	virtual|None|v7|Lbo/app/b4$a;|c||Ljava/lang/Boolean;
bo.app.f1	x	public	22	sget	1|Ljava/lang/Boolean;|TRUE|Ljava/lang/Boolean;
bo.app.f1	x	public	23	inv	static|None|v0, v1|Lkotlin/jvm/internal/Intrinsics;|a|Landroid/app/KeyguardManager;La3/b;|Z
bo.app.f1	x	public	24	inv	virtual|None|v7|Lbo/app/b4$a;|b||Ljava/lang/Boolean;
bo.app.f1	x	public	25	inv	static|None|v0, v1|Lkotlin/jvm/internal/Intrinsics;|a|Landroid/app/KeyguardManager;La3/b;|Z
bo.app.f1	x	public	26	other	iget-object v15, v15, v3064, Lbo/app/f1;->d:Lbo/app/c2;
bo.app.f1	x	public	27	inv	interface|None|v15, v7|Lbo/app/c2;|a|Lbo/app/b4$a;|V
bo.app.l	<clinit>		0	other	.registers 2
bo.app.l	<clinit>		1	new	0|Lbo/app/l$a;
bo.app.l	<clinit>		2	other	invoke-direct {v0, v1}, Lbo/app/l$a;-><init>(Lkotlin/jvm/internal/DefaultConstructorMarker;)V
bo.app.l	<clinit>		3	other	sput-object v0, Lbo/app/l;->i:Lbo/app/l$a;
bo.app.l	<init>		0	other	.registers 9
bo.app.l	<init>		1	cstr	0|context
bo.app.l	<init>		2	inv	static|None|v5, v0|Lkotlin/jvm/internal/Intrinsics;|checkNotNullParameter|Landroid/app/KeyguardManager;La3/b;|V
bo.app.l	<init>		3	cstr	0|apiKey
bo.app.l	<init>		4	inv	static|None|v6, v0|Lkotlin/jvm/internal/Intrinsics;|checkNotNullParameter|Landroid/app/KeyguardManager;La3/b;|V
bo.app.l	<init>		5	cstr	0|serverConfigStorageProvider
bo.app.l	<init>		6	inv	static|None|v7, v0|Lkotlin/jvm/internal/Intrinsics;|checkNotNullParameter|Landroid/app/KeyguardManager;La3/b;|V
bo.app.l	<init>		7	cstr	0|internalIEventMessenger
bo.app.l	<init>		8	inv	static|None|v8, v0|Lkotlin/jvm/internal/Intrinsics;|checkNotNullParameter|Landroid/app/KeyguardManager;La3/b;|V
bo.app.l	<init>		9	other	invoke-direct {v4}, Ljava/lang/Object;-><init>()V
bo.app.l	<init>		10	new	0|Lbo/app/h7;
bo.app.l	<init>		11	other	invoke-direct {v0, v1, v4}, Lbo/app/h7;-><init>(BB)V
bo.app.l	<init>		12	ccls	1|Lbo/app/u5;
bo.app.l	<init>		13	inv	interface|None|v8, v1, v0|Lbo/app/k2;|c|Landroid/accounts/OperationCanceledException;La3/b;|Z
bo.app.l	<init>		14	new	8|Ljava/lang/StringBuilder;
bo.app.l	<init>		15	cstr	0|com.appboy.managers.geofences.eligibility.global.
bo.app.l	<init>		16	other	invoke-direct {v8, v0}, Ljava/lang/StringBuilder;-><init>(Ljava/lang/String;)V
bo.app.l	<init>		17	inv	virtual|None|v8, v6|Ljava/lang/StringBuilder;|append|Ljava/lang/String;|Ljava/lang/StringBuilder;
bo.app.l	<init>		18	inv	virtual|None|v8|Ljava/lang/StringBuilder;|toString||Ljava/lang/String;
bo.app.l	<init>		19	inv	virtual|None|v5, v8, v0|Landroid/content/Context;|getSharedPreferences|BB|Landroid/content/SharedPreferences;
bo.app.l	<init>		20	other	const-string v1, "context.getSharedPrefere…ontext.MODE_PRIVATE
bo.app.l	<init>		21	other	"
bo.app.l	<init>		22	inv	static|None|v8, v1|Lkotlin/jvm/internal/Intrinsics;|checkNotNullExpressionValue|Landroid/app/KeyguardManager;La3/b;|V
bo.app.l	<init>		23	other	iput-object v8, v4, v3543, Lbo/app/l;->a:Landroid/content/SharedPreferences;
bo.app.l	<init>		24	new	2|Ljava/lang/StringBuilder;
bo.app.l	<init>		25	cstr	3|com.appboy.managers.geofences.eligibility.individual.
bo.app.l	<init>		26	other	invoke-direct {v2, v3}, Ljava/lang/StringBuilder;-><init>(Ljava/lang/String;)V
bo.app.l	<init>		27	inv	virtual|None|v2, v6|Ljava/lang/StringBuilder;|append|Ljava/lang/String;|Ljava/lang/StringBuilder;
bo.app.l	<init>		28	inv	virtual|None|v2|Ljava/lang/StringBuilder;|toString||Ljava/lang/String;
bo.app.l	<init>		29	inv	virtual|None|v5, v6, v0|Landroid/content/Context;|getSharedPreferences|BB|Landroid/content/SharedPreferences;
bo.app.l	<init>		30	inv	static|None|v5, v1|Lkotlin/jvm/internal/Intrinsics;|checkNotNullExpressionValue|Landroid/app/KeyguardManager;La3/b;|V
bo.app.l	<init>		31	other	iput-object v5, v4, v3544, Lbo/app/l;->b:Landroid/content/SharedPreferences;
bo.app.l	<init>		32	inv	virtual|None|v4, v5|Lbo/app/l;|a|Landroid/content/SharedPreferences;|Ljava/util/Map;
bo.app.l	<init>		33	other	iput-object v5, v4, v3545, Lbo/app/l;->c:Ljava/util/Map;
bo.app.l	<init>		34	new	5|Ljava/util/concurrent/atomic/AtomicBoolean;
bo.app.l	<init>		35	other	invoke-direct {v5, v0}, Ljava/util/concurrent/atomic/AtomicBoolean;-><init>(Z)V
bo.app.l	<init>		36	other	iput-object v5, v4, v3546, Lbo/app/l;->d:Ljava/util/concurrent/atomic/AtomicBoolean;
bo.app.l	<init>		37	cstr	5|last_request_global
bo.app.l	<init>		38	inv	interface|None|v8, v5, v0, v1|Landroid/content/SharedPreferences;|getLong|BB|J
bo.app.l	<init>		39	cstr	5|last_report_global
bo.app.l	<init>		40	inv	interface|None|v8, v5, v0, v1|Landroid/content/SharedPreferences;|getLong|BB|J
bo.app.l	<init>		41	inv	virtual|None|v7|Lbo/app/r5;|s||I
bo.app.l	<init>		42	inv	virtual|None|v7|Lbo/app/r5;|r||I
bo.app.l	a	private,static	0	other	.registers 3
bo.app.l	a	private,static	1	cstr	0|this$0
bo.app.l	a	private,static	2	inv	static|None|v1, v0|Lkotlin/jvm/internal/Intrinsics;|checkNotNullParameter|Landroid/app/KeyguardManager;La3/b;|V
bo.app.l	a	private,static	3	cstr	0|it
bo.app.l	a	private,static	4	inv	static|None|v2, v0|Lkotlin/jvm/internal/Intrinsics;|checkNotNullParameter|Landroid/app/KeyguardManager;La3/b;|V
bo.app.l	a	private,static	5	other	iget-object v1, v1, v3546, Lbo/app/l;->d:Ljava/util/concurrent/atomic/AtomicBoolean;
bo.app.l	a	private,static	6	inv	virtual|None|v1, v2|Ljava/util/concurrent/atomic/AtomicBoolean;|set|Z|V
bo.app.l	b	public,static	0	other	.registers 2
bo.app.l	b	public,static	1	inv	static|None|v0, v1|Lbo/app/l;|a|La4/b;La0/a$a;|V
bo.app.l	a	public	0	other	.registers 6
bo.app.l	a	public	1	cstr	0|reEligibilityId
bo.app.l	a	public	2	inv	static|None|v5, v0|Lkotlin/jvm/internal/Intrinsics;|checkNotNullParameter|Landroid/app/KeyguardManager;La3/b;|V
bo.app.l	a	public	3	new	0|Lkotlin/text/Regex;
bo.app.l	a	public	4	cstr	1|_
bo.app.l	a	public	5	other	invoke-direct {v0, v1}, Lkotlin/text/Regex;-><init>(Ljava/lang/String;)V
bo.app.l	a	public	6	inv	virtual|None|v0, v5|Lkotlin/text/Regex;|b|Ljava/lang/CharSequence;|Ljava/util/List;
bo.app.l	a	public	7	inv	interface|None|v0, v1|Ljava/util/List;|get|I|Ljava/lang/Object;
bo.app.l	a	public	8	ccast	0|Ljava/lang/String;
bo.app.l	a	public	9	sget	1|Lcom/braze/support/BrazeLogger;|INSTANCE|Lcom/braze/support/BrazeLogger;
bo.app.l	a	public	10	sget	2|Lcom/braze/support/BrazeLogger$Priority;|E|Lcom/braze/support/BrazeLogger$Priority;
bo.app.l	a	public	11	new	3|Lbo/app/l$o;
bo.app.l	a	public	12	other	invoke-direct {v3, v5}, Lbo/app/l$o;-><init>(Ljava/lang/String;)V
bo.app.l	a	public	13	inv	virtual|None|v1, v4, v2, v0, v3|Lcom/braze/support/BrazeLogger;|brazelog|Landroid/app/KeyguardManager;La3/b;Lbo/app/l$c;Landroid/app/RemoteInput;|V
bo.app.l	a	public	0	other	.registers 5
bo.app.l	a	public	1	cstr	2|geofenceId
bo.app.l	a	public	2	inv	static|None|v3, v2|Lkotlin/jvm/internal/Intrinsics;|checkNotNullParameter|Landroid/app/KeyguardManager;La3/b;|V
bo.app.l	a	public	3	cstr	2|transitionType
bo.app.l	a	public	4	inv	static|None|v4, v2|Lkotlin/jvm/internal/Intrinsics;|checkNotNullParameter|Landroid/app/KeyguardManager;La3/b;|V
bo.app.l	a	public	5	new	2|Ljava/lang/StringBuilder;
bo.app.l	a	public	6	other	invoke-direct {v2}, Ljava/lang/StringBuilder;-><init>()V
bo.app.l	a	public	7	inv	virtual|None|v4|Ljava/lang/Object;|toString||Ljava/lang/String;
bo.app.l	a	public	8	sget	0|Ljava/util/Locale;|US|Ljava/util/Locale;
bo.app.l	a	public	9	cstr	1|US
bo.app.l	a	public	10	inv	static|None|v0, v1|Lkotlin/jvm/internal/Intrinsics;|checkNotNullExpressionValue|Landroid/app/KeyguardManager;La3/b;|V
bo.app.l	a	public	11	inv	virtual|None|v4, v0|Ljava/lang/String;|toLowerCase|Ljava/util/Locale;|Ljava/lang/String;
bo.app.l	a	public	12	cstr	0|this as java.lang.String).toLowerCase(locale)
bo.app.l	a	public	13	inv	static|None|v4, v0|Lkotlin/jvm/internal/Intrinsics;|checkNotNullExpressionValue|Landroid/app/KeyguardManager;La3/b;|V
bo.app.l	a	public	14	inv	virtual|None|v2, v4|Ljava/lang/StringBuilder;|append|Ljava/lang/String;|Ljava/lang/StringBuilder;
bo.app.l	a	public	15	inv	virtual|None|v2, v4|Ljava/lang/StringBuilder;|append|C|Ljava/lang/StringBuilder;
bo.app.l	a	public	16	inv	virtual|None|v2, v3|Ljava/lang/StringBuilder;|append|Ljava/lang/String;|Ljava/lang/StringBuilder;
bo.app.l	a	public	17	inv	virtual|None|v2|Ljava/lang/StringBuilder;|toString||Ljava/lang/String;
bo.app.l	a	public	0	other	.registers 14
bo.app.l	a	public	1	cstr	0|sharedPreferences
bo.app.l	a	public	2	inv	static|None|v13, v0|Lkotlin/jvm/internal/Intrinsics;|checkNotNullParameter|Landroid/app/KeyguardManager;La3/b;|V
bo.app.l	a	public	3	new	0|Ljava/util/concurrent/ConcurrentHashMap;
bo.app.l	a	public	4	other	invoke-direct {v0}, Ljava/util/concurrent/ConcurrentHashMap;-><init>()V
bo.app.l	a	public	5	inv	interface|None|v13|Landroid/content/SharedPreferences;|getAll||Ljava/util/Map;
bo.app.l	a	public	6	inv	interface|None|v1|Ljava/util/Map;|isEmpty||Z
bo.app.l	a	public	7	inv	interface|None|v1|Ljava/util/Map;|keySet||Ljava/util/Set;
bo.app.l	a	public	8	inv	interface|None|v1|Ljava/util/Set;|isEmpty||Z
bo.app.l	a	public	9	inv	interface|None|v1|Ljava/util/Set;|iterator||Ljava/util/Iterator;
bo.app.l	a	public	10	inv	interface|None|v1|Ljava/util/Iterator;|hasNext||Z
bo.app.l	a	public	11	inv	interface|None|v1|Ljava/util/Iterator;|next||Ljava/lang/Object;
bo.app.l	a	public	12	ccast	2|Ljava/lang/String;
bo.app.l	a	public	13	inv	interface|None|v13, v2, v3, v4|Landroid/content/SharedPreferences;|getLong|BB|J
bo.app.l	a	public	14	sget	5|Lcom/braze/support/BrazeLogger;|INSTANCE|Lcom/braze/support/BrazeLogger;
bo.app.l	a	public	15	new	9|Lbo/app/l$d;
bo.app.l	a	public	16	other	invoke-direct {v9, v12, v2}, Lbo/app/l$d;-><init>(La4/b;La0/a$a;)V
bo.app.l	a	public	17	inv	static|/range|v5, v6, v7, v8, v9, v10, v11|Lcom/braze/support/BrazeLogger;|brazelog$default|BBBLa/a;La0/e;Landroid/app/KeyguardManager;La3/b;|V
bo.app.l	a	public	18	inv	static|None|v3, v4|Ljava/lang/Long;|valueOf|B|Ljava/lang/Long;
bo.app.l	a	public	19	cstr	4|reEligibilityId
bo.app.l	a	public	20	inv	static|None|v2, v4|Lkotlin/jvm/internal/Intrinsics;|checkNotNullExpressionValue|Landroid/app/KeyguardManager;La3/b;|V
bo.app.l	a	public	21	inv	virtual|None|v0, v2, v3|Ljava/util/concurrent/ConcurrentHashMap;|put|Landroid/app/KeyguardManager;La3/b;|Ljava/lang/Object;
bo.app.l	a	public	0	other	.registers 10
bo.app.l	a	public	1	sget	0|Lcom/braze/support/BrazeLogger;|INSTANCE|Lcom/braze/support/BrazeLogger;
bo.app.l	a	public	2	new	4|Lbo/app/l$r;
bo.app.l	a	public	3	other	invoke-direct {v4, v8, v9}, Lbo/app/l$r;-><init>(B)V
bo.app.l	a	public	4	inv	static|/range|v0, v1, v2, v3, v4, v5, v6|Lcom/braze/support/BrazeLogger;|brazelog$default|BBBLa/a;La0/e;Landroid/app/KeyguardManager;La3/b;|V
bo.app.l	a	public	5	other	iget-object v8, v7, v3543, Lbo/app/l;->a:Landroid/content/SharedPreferences;
bo.app.l	a	public	6	inv	interface|None|v8|Landroid/content/SharedPreferences;|edit||Landroid/content/SharedPreferences$Editor;
bo.app.l	a	public	7	cstr	7|last_request_global
bo.app.l	a	public	8	inv	interface|None|v8, v7, v0, v1|Landroid/content/SharedPreferences$Editor;|putLong|BB|Landroid/content/SharedPreferences$Editor;
bo.app.l	a	public	9	inv	interface|None|v7|Landroid/content/SharedPreferences$Editor;|apply||V
bo.app.l	a	public	0	other	.registers 10
bo.app.l	a	public	1	cstr	0|serverConfig
bo.app.l	a	public	2	inv	static|None|v9, v0|Lkotlin/jvm/internal/Intrinsics;|checkNotNullParameter|Landroid/app/KeyguardManager;La3/b;|V
bo.app.l	a	public	3	inv	virtual|None|v9|Lbo/app/p5;|v||I
bo.app.l	a	public	4	sget	1|Lcom/braze/support/BrazeLogger;|INSTANCE|Lcom/braze/support/BrazeLogger;
bo.app.l	a	public	5	sget	3|Lcom/braze/support/BrazeLogger$Priority;|I|Lcom/braze/support/BrazeLogger$Priority;
bo.app.l	a	public	6	new	5|Lbo/app/l$b;
bo.app.l	a	public	7	other	invoke-direct {v5, v0}, Lbo/app/l$b;-><init>(I)V
bo.app.l	a	public	8	inv	static|/range|v1, v2, v3, v4, v5, v6, v7|Lcom/braze/support/BrazeLogger;|brazelog$default|BBBLa/a;La0/e;Landroid/app/KeyguardManager;La3/b;|V
bo.app.l	a	public	9	inv	virtual|None|v9|Lbo/app/p5;|u||I
bo.app.l	a	public	10	sget	0|Lcom/braze/support/BrazeLogger;|INSTANCE|Lcom/braze/support/BrazeLogger;
bo.app.l	a	public	11	sget	2|Lcom/braze/support/BrazeLogger$Priority;|I|Lcom/braze/support/BrazeLogger$Priority;
bo.app.l	a	public	12	new	4|Lbo/app/l$c;
bo.app.l	a	public	13	other	invoke-direct {v4, v9}, Lbo/app/l$c;-><init>(I)V
bo.app.l	a	public	14	inv	static|/range|v0, v1, v2, v3, v4, v5, v6|Lcom/braze/support/BrazeLogger;|brazelog$default|BBBLa/a;La0/e;Landroid/app/KeyguardManager;La3/b;|V
bo.app.l	a	public	0	other	.registers 13
bo.app.l	a	public	1	cstr	0|brazeGeofenceList
bo.app.l	a	public	2	inv	static|None|v12, v0|Lkotlin/jvm/internal/Intrinsics;|checkNotNullParameter|Landroid/app/KeyguardManager;La3/b;|V
bo.app.l	a	public	3	new	0|Ljava/util/LinkedHashSet;
bo.app.l	a	public	4	other	invoke-direct {v0}, Ljava/util/LinkedHashSet;-><init>()V
bo.app.l	a	public	5	inv	interface|None|v12|Ljava/util/List;|iterator||Ljava/util/Iterator;
bo.app.l	a	public	6	inv	interface|None|v12|Ljava/util/Iterator;|hasNext||Z
bo.app.l	a	public	7	inv	interface|None|v12|Ljava/util/Iterator;|next||Ljava/lang/Object;
bo.app.l	a	public	8	ccast	1|Lcom/braze/models/BrazeGeofence;
bo.app.l	a	public	9	inv	virtual|None|v1|Lcom/braze/models/BrazeGeofence;|getId||Ljava/lang/String;
bo.app.l	a	public	10	inv	interface|None|v0, v1|Ljava/util/Set;|add|Ljava/lang/Object;|Z
bo.app.l	a	public	11	new	12|Ljava/util/HashSet;
bo.app.l	a	public	12	other	iget-object v1, v11, v3545, Lbo/app/l;->c:Ljava/util/Map;
bo.app.l	a	public	13	inv	interface|None|v1|Ljava/util/Map;|keySet||Ljava/util/Set;
bo.app.l	a	public	14	other	invoke-direct {v12, v1}, Ljava/util/HashSet;-><init>(Ljava/util/Collection;)V
bo.app.l	a	public	15	other	iget-object v1, v11, v3544, Lbo/app/l;->b:Landroid/content/SharedPreferences;
bo.app.l	a	public	16	inv	interface|None|v1|Landroid/content/SharedPreferences;|edit||Landroid/content/SharedPreferences$Editor;
bo.app.l	a	public	17	inv	virtual|None|v12|Ljava/util/HashSet;|iterator||Ljava/util/Iterator;
bo.app.l	a	public	18	inv	interface|None|v12|Ljava/util/Iterator;|hasNext||Z
bo.app.l	a	public	19	inv	interface|None|v12|Ljava/util/Iterator;|next||Ljava/lang/Object;
bo.app.l	a	public	20	ccast	2|Ljava/lang/String;
bo.app.l	a	public	21	cstr	3|reEligibilityId
bo.app.l	a	public	22	inv	static|None|v2, v3|Lkotlin/jvm/internal/Intrinsics;|checkNotNullExpressionValue|Landroid/app/KeyguardManager;La3/b;|V
bo.app.l	a	public	23	inv	virtual|None|v11, v2|Lbo/app/l;|a|Ljava/lang/String;|Ljava/lang/String;
bo.app.l	a	public	24	inv	interface|None|v0, v3|Ljava/util/Set;|contains|Ljava/lang/Object;|Z
bo.app.l	a	public	25	sget	4|Lcom/braze/support/BrazeLogger;|INSTANCE|Lcom/braze/support/BrazeLogger;
bo.app.l	a	public	26	new	8|Lbo/app/l$p;
bo.app.l	a	public	27	other	invoke-direct {v8, v2}, Lbo/app/l$p;-><init>(Ljava/lang/String;)V
bo.app.l	a	public	28	inv	static|/range|v4, v5, v6, v7, v8, v9, v10|Lcom/braze/support/BrazeLogger;|brazelog$default|BBBLa/a;La0/e;Landroid/app/KeyguardManager;La3/b;|V
bo.app.l	a	public	29	other	iget-object v3, v11, v3545, Lbo/app/l;->c:Ljava/util/Map;
bo.app.l	a	public	30	inv	interface|None|v3, v2|Ljava/util/Map;|remove|Ljava/lang/Object;|Ljava/lang/Object;
bo.app.l	a	public	31	inv	interface|None|v1, v2|Landroid/content/SharedPreferences$Editor;|remove|Ljava/lang/String;|Landroid/content/SharedPreferences$Editor;
bo.app.l	a	public	32	new	8|Lbo/app/l$q;
bo.app.l	a	public	33	other	invoke-direct {v8, v2}, Lbo/app/l$q;-><init>(Ljava/lang/String;)V
bo.app.l	a	public	34	inv	static|/range|v4, v5, v6, v7, v8, v9, v10|Lcom/braze/support/BrazeLogger;|brazelog$default|BBBLa/a;La0/e;Landroid/app/KeyguardManager;La3/b;|V
bo.app.l	a	public	35	inv	interface|None|v1|Landroid/content/SharedPreferences$Editor;|apply||V
bo.app.l	a	public	0	other	.registers 21
bo.app.l	a	public	1	cstr	0|geofence
bo.app.l	a	public	2	inv	static|None|v1, v0|Lkotlin/jvm/internal/Intrinsics;|checkNotNullParameter|Landroid/app/KeyguardManager;La3/b;|V
bo.app.l	a	public	3	cstr	0|transitionType
bo.app.l	a	public	4	inv	static|None|v5, v0|Lkotlin/jvm/internal/Intrinsics;|checkNotNullParameter|Landroid/app/KeyguardManager;La3/b;|V
bo.app.l	a	public	5	inv	virtual|/range|v19|Lcom/braze/models/BrazeGeofence;|getId||Ljava/lang/String;
bo.app.l	a	public	6	sget	0|Lcom/braze/support/BrazeLogger;|INSTANCE|Lcom/braze/support/BrazeLogger;
bo.app.l	a	public	7	new	4|Lbo/app/l$e;
bo.app.l	a	public	8	other	invoke-direct {v4, v11, v12, v7, v10}, Lbo/app/l$e;-><init>(BBB)V
bo.app.l	a	public	9	inv	static|/range|v0, v1, v2, v3, v4, v5, v6|Lcom/braze/support/BrazeLogger;|brazelog$default|BBBLa/a;La0/e;Landroid/app/KeyguardManager;La3/b;|V
bo.app.l	a	public	10	inv	virtual|None|v7, v10, v5|Lbo/app/l;|a|Landroid/app/NotificationChannel;La3/b;|Ljava/lang/String;
bo.app.l	a	public	11	sget	0|Lcom/braze/enums/GeofenceTransitionType;|ENTER|Lcom/braze/enums/GeofenceTransitionType;
bo.app.l	a	public	12	inv	virtual|/range|v19|Lcom/braze/models/BrazeGeofence;|getCooldownEnterSeconds||I
bo.app.l	a	public	13	inv	virtual|/range|v19|Lcom/braze/models/BrazeGeofence;|getCooldownExitSeconds||I
bo.app.l	a	public	14	other	iget-object v0, v7, v3545, Lbo/app/l;->c:Ljava/util/Map;
bo.app.l	a	public	15	inv	interface|None|v0, v14|Ljava/util/Map;|containsKey|Ljava/lang/Object;|Z
bo.app.l	a	public	16	other	iget-object v0, v7, v3545, Lbo/app/l;->c:Ljava/util/Map;
bo.app.l	a	public	17	inv	interface|None|v0, v14|Ljava/util/Map;|get|Ljava/lang/Object;|Ljava/lang/Object;
bo.app.l	a	public	18	ccast	0|Ljava/lang/Long;
bo.app.l	a	public	19	inv	virtual|None|v0|Ljava/lang/Long;|longValue||J
bo.app.l	a	public	20	sget	6|Lcom/braze/support/BrazeLogger;|INSTANCE|Lcom/braze/support/BrazeLogger;
bo.app.l	a	public	21	new	8|Lbo/app/l$f;
bo.app.l	a	public	22	other	invoke-direct/range {v0, v1, v2, v3, v4, v5}, Lbo/app/l$f;-><init>(BBBJ)V
bo.app.l	a	public	23	inv	static|/range|v0, v1, v2, v3, v4, v5, v6|Lcom/braze/support/BrazeLogger;|brazelog$default|BBBLa/a;La0/e;Landroid/app/KeyguardManager;La3/b;|V
bo.app.l	a	public	24	new	13|Lbo/app/l$g;
bo.app.l	a	public	25	other	invoke-direct/range {v0, v1, v2, v3, v4, v5}, Lbo/app/l$g;-><init>(BBBJ)V
bo.app.l	a	public	26	sget	0|Lcom/braze/support/BrazeLogger;|INSTANCE|Lcom/braze/support/BrazeLogger;
bo.app.l	a	public	27	new	4|Lbo/app/l$h;
bo.app.l	a	public	28	other	invoke-direct {v4, v10, v5}, Lbo/app/l$h;-><init>(Landroid/app/NotificationChannel;La3/b;)V
bo.app.l	a	public	29	inv	static|/range|v0, v1, v2, v3, v4, v5, v6|Lcom/braze/support/BrazeLogger;|brazelog$default|BBBLa/a;La0/e;Landroid/app/KeyguardManager;La3/b;|V
bo.app.l	a	public	30	sget	0|Lcom/braze/support/BrazeLogger;|INSTANCE|Lcom/braze/support/BrazeLogger;
bo.app.l	a	public	31	new	4|Lbo/app/l$i;
bo.app.l	a	public	32	other	invoke-direct {v4, v11, v12, v7, v10}, Lbo/app/l$i;-><init>(BBB)V
bo.app.l	a	public	33	inv	static|/range|v0, v1, v2, v3, v4, v5, v6|Lcom/braze/support/BrazeLogger;|brazelog$default|BBBLa/a;La0/e;Landroid/app/KeyguardManager;La3/b;|V
bo.app.l	a	public	34	inv	static|/range|v17, v18|Ljava/lang/Long;|valueOf|B|Ljava/lang/Long;
bo.app.l	a	public	35	other	iget-object v1, v7, v3545, Lbo/app/l;->c:Ljava/util/Map;
bo.app.l	a	public	36	inv	interface|None|v1, v2, v0|Ljava/util/Map;|put|Landroid/app/KeyguardManager;La3/b;|Ljava/lang/Object;
bo.app.l	a	public	37	other	iget-object v0, v7, v3544, Lbo/app/l;->b:Landroid/content/SharedPreferences;
bo.app.l	a	public	38	inv	interface|None|v0|Landroid/content/SharedPreferences;|edit||Landroid/content/SharedPreferences$Editor;
bo.app.l	a	public	39	inv	interface|None|v0, v2, v8, v9|Landroid/content/SharedPreferences$Editor;|putLong|BB|Landroid/content/SharedPreferences$Editor;
bo.app.l	a	public	40	inv	interface|None|v0|Landroid/content/SharedPreferences$Editor;|apply||V
bo.app.l	a	public	41	other	iget-object v0, v7, v3543, Lbo/app/l;->a:Landroid/content/SharedPreferences;
bo.app.l	a	public	42	inv	interface|None|v0|Landroid/content/SharedPreferences;|edit||Landroid/content/SharedPreferences$Editor;
bo.app.l	a	public	43	cstr	1|last_report_global
bo.app.l	a	public	44	inv	interface|None|v0, v1, v8, v9|Landroid/content/SharedPreferences$Editor;|putLong|BB|Landroid/content/SharedPreferences$Editor;
bo.app.l	a	public	45	inv	interface|None|v0|Landroid/content/SharedPreferences$Editor;|apply||V
bo.app.l	a	public	0	other	.registers 13
bo.app.l	a	public	1	sget	2|Lcom/braze/support/BrazeLogger;|INSTANCE|Lcom/braze/support/BrazeLogger;
bo.app.l	a	public	2	new	4|Lbo/app/l$j;
bo.app.l	a	public	3	other	invoke-direct {v4, v0, v1, v9}, Lbo/app/l$j;-><init>(BB)V
bo.app.l	a	public	4	inv	static|/range|v0, v1, v2, v3, v4, v5, v6|Lcom/braze/support/BrazeLogger;|brazelog$default|BBBLa/a;La0/e;Landroid/app/KeyguardManager;La3/b;|V
bo.app.l	a	public	5	sget	2|Lcom/braze/support/BrazeLogger;|INSTANCE|Lcom/braze/support/BrazeLogger;
bo.app.l	a	public	6	new	4|Lbo/app/l$k;
bo.app.l	a	public	7	other	invoke-direct {v4, v0, v1}, Lbo/app/l$k;-><init>(B)V
bo.app.l	a	public	8	new	4|Lbo/app/l$l;
bo.app.l	a	public	9	other	invoke-direct {v4, v0, v1, v9}, Lbo/app/l$l;-><init>(BB)V
bo.app.l	a	public	10	inv	static|/range|v0, v1, v2, v3, v4, v5, v6|Lcom/braze/support/BrazeLogger;|brazelog$default|BBBLa/a;La0/e;Landroid/app/KeyguardManager;La3/b;|V
bo.app.l	a	public	11	other	iget-object v0, v9, v3546, Lbo/app/l;->d:Ljava/util/concurrent/atomic/AtomicBoolean;
bo.app.l	a	public	12	inv	virtual|None|v0, v7, v8|Ljava/util/concurrent/atomic/AtomicBoolean;|compareAndSet|BB|Z
bo.app.l	a	public	13	sget	0|Lcom/braze/support/BrazeLogger;|INSTANCE|Lcom/braze/support/BrazeLogger;
bo.app.l	a	public	14	sget	4|Lbo/app/l$m;|b|Lbo/app/l$m;
bo.app.l	a	public	15	inv	static|/range|v0, v1, v2, v3, v4, v5, v6|Lcom/braze/support/BrazeLogger;|brazelog$default|BBBLa/a;La0/e;Landroid/app/KeyguardManager;La3/b;|V
bo.app.l	a	public	16	sget	0|Lcom/braze/support/BrazeLogger;|INSTANCE|Lcom/braze/support/BrazeLogger;
bo.app.l	a	public	17	sget	4|Lbo/app/l$n;|b|Lbo/app/l$n;
bo.app.l	a	public	18	inv	static|/range|v0, v1, v2, v3, v4, v5, v6|Lcom/braze/support/BrazeLogger;|brazelog$default|BBBLa/a;La0/e;Landroid/app/KeyguardManager;La3/b;|V
bo.app.p7	<init>		0	other	.registers 3
bo.app.p7	<init>		1	other	iput-object v2, v0, v3851, Lbo/app/p7;->c:Ljava/lang/Object;
bo.app.p7	<init>		2	other	invoke-direct {v0}, Ljava/lang/Object;-><init>()V
bo.app.p7	b	public	0	other	.registers 3
bo.app.p7	b	public	1	other	iget-object v1, v1, v3851, Lbo/app/p7;->c:Ljava/lang/Object;
bo.app.p7	b	public	2	ccast	1|Lcom/activision/game/DWGooglePlayIntegrityAsyncTask$a;
bo.app.p7	b	public	3	inv	static|None|v1, v2|Lcom/activision/game/DWGooglePlayIntegrityAsyncTask;|a|Landroid/accounts/AccountManagerFuture;La0/b$a;|V
bo.app.p7	b	public	4	ccast	1|Lbo/app/t1;
bo.app.p7	b	public	5	inv	static|None|v1, v2|Lbo/app/t1;|b|Landroid/adservices/measurement/WebSourceRegistrationRequest$Builder;La0/a;|V
bo.app.p7	b	public	6	ccast	1|Landroid/content/Intent;
bo.app.p7	b	public	7	inv	static|None|v1|Lcom/google/firebase/messaging/h0;|a|Landroid/content/Intent;|V
bo.app.p7	c	public	0	other	.registers 2
bo.app.p7	c	public	1	other	iget-object v0, v0, v3851, Lbo/app/p7;->c:Ljava/lang/Object;
bo.app.p7	c	public	2	ccast	0|Ljava/lang/String;
bo.app.p7	c	public	3	ccast	1|Lcom/google/firebase/messaging/f0;
bo.app.p7	c	public	4	inv	static|None|v0, v1|Lcom/google/firebase/messaging/FirebaseMessaging;|i|Landroid/app/NotificationChannel;La3/b;|Ld4/i;
bo.app.p7	e	public	0	other	.registers 4
bo.app.p7	e	public	1	other	iget-object v2, v2, v3851, Lbo/app/p7;->c:Ljava/lang/Object;
bo.app.p7	e	public	2	ccast	2|Lcom/google/firebase/messaging/n;
bo.app.p7	e	public	3	inv	virtual|None|v2|Ljava/lang/Object;|getClass||Ljava/lang/Class;
bo.app.p7	e	public	4	inv	virtual|None|v3|Ld4/i;|j||Ljava/lang/Object;
bo.app.p7	e	public	5	ccast	2|Landroid/os/Bundle;
bo.app.p7	e	public	6	cstr	3|SERVICE_NOT_AVAILABLE
bo.app.p7	e	public	7	cstr	0|registration_id
bo.app.p7	e	public	8	inv	virtual|None|v2, v0|Landroid/os/BaseBundle;|getString|Ljava/lang/String;|Ljava/lang/String;
bo.app.p7	e	public	9	cstr	0|unregistered
bo.app.p7	e	public	10	inv	virtual|None|v2, v0|Landroid/os/BaseBundle;|getString|Ljava/lang/String;|Ljava/lang/String;
bo.app.p7	e	public	11	cstr	0|error
bo.app.p7	e	public	12	inv	virtual|None|v2, v0|Landroid/os/BaseBundle;|getString|Ljava/lang/String;|Ljava/lang/String;
bo.app.p7	e	public	13	cstr	1|RST
bo.app.p7	e	public	14	inv	virtual|None|v1, v0|Ljava/lang/String;|equals|Ljava/lang/Object;|Z
bo.app.p7	e	public	15	new	2|Ljava/io/IOException;
bo.app.p7	e	public	16	other	invoke-direct {v2, v0}, Ljava/io/IOException;-><init>(Ljava/lang/String;)V
bo.app.p7	e	public	17	new	0|Ljava/lang/StringBuilder;
bo.app.p7	e	public	18	cstr	1|Unexpected response: 
bo.app.p7	e	public	19	other	invoke-direct {v0, v1}, Ljava/lang/StringBuilder;-><init>(Ljava/lang/String;)V
bo.app.p7	e	public	20	inv	virtual|None|v0, v2|Ljava/lang/StringBuilder;|append|Ljava/lang/Object;|Ljava/lang/StringBuilder;
bo.app.p7	e	public	21	inv	virtual|None|v0|Ljava/lang/StringBuilder;|toString||Ljava/lang/String;
bo.app.p7	e	public	22	new	0|Ljava/lang/Throwable;
bo.app.p7	e	public	23	other	invoke-direct {v0}, Ljava/lang/Throwable;-><init>()V
bo.app.p7	e	public	24	cstr	1|FirebaseMessaging
bo.app.p7	e	public	25	inv	static|None|v1, v2, v0|Landroid/util/Log;|w|Landroid/app/NotificationChannel;La3/b;Landroid/app/NotificationChannel;|I
bo.app.p7	e	public	26	new	2|Ljava/io/IOException;
bo.app.p7	e	public	27	other	invoke-direct {v2, v3}, Ljava/io/IOException;-><init>(Ljava/lang/String;)V
bo.app.p7	e	public	28	new	2|Ljava/io/IOException;
bo.app.p7	e	public	29	cstr	3|INSTANCE_ID_RESET
bo.app.p7	e	public	30	other	invoke-direct {v2, v3}, Ljava/io/IOException;-><init>(Ljava/lang/String;)V
bo.app.p7	e	public	31	new	2|Ljava/io/IOException;
bo.app.p7	e	public	32	other	invoke-direct {v2, v3}, Ljava/io/IOException;-><init>(Ljava/lang/String;)V
com.activision.anr.ANRError$a$a	<init>		0	other	.registers 3
com.activision.anr.ANRError$a$a	<init>		1	other	iput-object v1, v0, v4429, Lcom/activision/anr/ANRError$a$a;->b:Lcom/activision/anr/ANRError$a;
com.activision.anr.ANRError$a$a	<init>		2	other	iget-object v1, v1, v4430, Lcom/activision/anr/ANRError$a;->b:Ljava/lang/String;
com.activision.anr.ANRError$a$a	<init>		3	other	invoke-direct {v0, v1, v2}, Ljava/lang/Throwable;-><init>(Landroid/app/NotificationChannel;La3/b;)V
com.activision.anr.ANRError$a$a	fillInStackTrace	public	0	other	.registers 2
com.activision.anr.ANRError$a$a	fillInStackTrace	public	1	other	iget-object v0, v1, v4429, Lcom/activision/anr/ANRError$a$a;->b:Lcom/activision/anr/ANRError$a;
com.activision.anr.ANRError$a$a	fillInStackTrace	public	2	other	iget-object v0, v0, v4431, Lcom/activision/anr/ANRError$a;->c:[Ljava/lang/StackTraceElement;
com.activision.anr.ANRError$a$a	fillInStackTrace	public	3	inv	virtual|None|v1, v0|Ljava/lang/Throwable;|setStackTrace|[Ljava/lang/StackTraceElement;|V
com.activision.anr.ANRError$a	<init>		0	other	.registers 3
com.activision.anr.ANRError$a	<init>		1	other	invoke-direct {v0}, Ljava/lang/Object;-><init>()V
com.activision.anr.ANRError$a	<init>		2	other	iput-object v1, v0, v4430, Lcom/activision/anr/ANRError$a;->b:Ljava/lang/String;
com.activision.anr.ANRError$a	<init>		3	other	iput-object v2, v0, v4431, Lcom/activision/anr/ANRError$a;->c:[Ljava/lang/StackTraceElement;
com.activision.anr.ANRError	<init>		0	other	.registers 6
com.activision.anr.ANRError	<init>		1	new	0|Ljava/lang/StringBuilder;
com.activision.anr.ANRError	<init>		2	cstr	1|Application Not Responding for at least 
com.activision.anr.ANRError	<init>		3	other	invoke-direct {v0, v1}, Ljava/lang/StringBuilder;-><init>(Ljava/lang/String;)V
com.activision.anr.ANRError	<init>		4	inv	virtual|None|v0, v4, v5|Ljava/lang/StringBuilder;|append|B|Ljava/lang/StringBuilder;
com.activision.anr.ANRError	<init>		5	cstr	4| ms.
com.activision.anr.ANRError	<init>		6	inv	virtual|None|v0, v4|Ljava/lang/StringBuilder;|append|Ljava/lang/String;|Ljava/lang/StringBuilder;
com.activision.anr.ANRError	<init>		7	inv	virtual|None|v0|Ljava/lang/StringBuilder;|toString||Ljava/lang/String;
com.activision.anr.ANRError	<init>		8	other	invoke-direct {v2, v4, v3}, Ljava/lang/Error;-><init>(Landroid/app/NotificationChannel;La3/b;)V
com.activision.anr.ANRError	fillInStackTrace	public	0	other	.registers 2
com.activision.anr.ANRError	fillInStackTrace	public	1	inv	virtual|None|v1, v0|Ljava/lang/Throwable;|setStackTrace|[Ljava/lang/StackTraceElement;|V
com.activision.game.ActivityStateHandler	<init>		0	other	.registers 2
com.activision.game.ActivityStateHandler	<init>		1	other	invoke-direct {v0}, Ljava/lang/Object;-><init>()V
com.activision.game.ActivityStateHandler	<init>		2	other	iget-object v1, v1, v4504, Lcom/activision/game/MainActivity;->i:Ljava/util/ArrayList;
com.activision.game.ActivityStateHandler	<init>		3	inv	virtual|None|v1, v0|Ljava/util/ArrayList;|add|Ljava/lang/Object;|Z
com.activision.game.ActivityStateHandler	a	public	0	other	.registers 1
com.activision.game.ActivityStateHandler	a	public	1	inv	direct|None|v0|Lcom/activision/game/ActivityStateHandler;|nativeOnAppResume||V
com.activision.game.ActivityStateHandler	b	public	0	other	.registers 1
com.activision.game.ActivityStateHandler	b	public	1	inv	direct|None|v0|Lcom/activision/game/ActivityStateHandler;|nativeOnAppSuspend||V
com.activision.game.ActivityStateHandler	c	public	0	other	.registers 1
com.activision.game.ActivityStateHandler	c	public	1	inv	direct|None|v0|Lcom/activision/game/ActivityStateHandler;|nativeOnAppClose||V
com.activision.game.AdvertisingId$a	<init>		0	other	.registers 3
com.activision.game.AdvertisingId$a	<init>		1	other	invoke-direct {v1}, Landroid/os/AsyncTask;-><init>()V
com.activision.game.AdvertisingId$a	<init>		2	new	0|Ljava/lang/ref/WeakReference;
com.activision.game.AdvertisingId$a	<init>		3	other	invoke-direct {v0, v2}, Ljava/lang/ref/WeakReference;-><init>(Ljava/lang/Object;)V
com.activision.game.AdvertisingId$a	<init>		4	other	iput-object v0, v1, v4433, Lcom/activision/game/AdvertisingId$a;->a:Ljava/lang/ref/WeakReference;
com.activision.game.AdvertisingId$a	doInBackground	public	0	other	.registers 3
com.activision.game.AdvertisingId$a	doInBackground	public	1	other	check-cast v2, [Ljava/lang/Void;
com.activision.game.AdvertisingId$a	doInBackground	public	2	other	iget-object v1, v1, v4433, Lcom/activision/game/AdvertisingId$a;->a:Ljava/lang/ref/WeakReference;
com.activision.game.AdvertisingId$a	doInBackground	public	3	inv	virtual|None|v1|Ljava/lang/ref/Reference;|get||Ljava/lang/Object;
com.activision.game.AdvertisingId$a	doInBackground	public	4	ccast	1|Landroid/content/Context;
com.activision.game.AdvertisingId$a	doInBackground	public	5	inv	static|None|v1|La3/a;|a|Landroid/content/Context;|La3/a$a;
com.activision.game.AdvertisingId$a	doInBackground	public	6	new	2|Ljava/lang/StringBuilder;
com.activision.game.AdvertisingId$a	doInBackground	public	7	cstr	0|Failed to retrieve Advertising ID 
com.activision.game.AdvertisingId$a	doInBackground	public	8	other	invoke-direct {v2, v0}, Ljava/lang/StringBuilder;-><init>(Ljava/lang/String;)V
com.activision.game.AdvertisingId$a	doInBackground	public	9	inv	virtual|None|v1|Ljava/lang/Throwable;|getMessage||Ljava/lang/String;
com.activision.game.AdvertisingId$a	doInBackground	public	10	inv	virtual|None|v2, v1|Ljava/lang/StringBuilder;|append|Ljava/lang/String;|Ljava/lang/StringBuilder;
com.activision.game.AdvertisingId$a	doInBackground	public	11	inv	virtual|None|v2|Ljava/lang/StringBuilder;|toString||Ljava/lang/String;
com.activision.game.AdvertisingId$a	doInBackground	public	12	inv	static|None|v1|Lcom/activision/game/GameApplication;|c|Ljava/lang/String;|V
com.activision.game.AdvertisingId$a	doInBackground	public	13	other	iget-object v1, v1, v47, La3/a$a;->a:Ljava/lang/String;
com.activision.game.AdvertisingId$a	doInBackground	public	14	new	2|Ljava/lang/StringBuilder;
com.activision.game.AdvertisingId$a	doInBackground	public	15	cstr	0|Error returning Advertising ID 
com.activision.game.AdvertisingId$a	doInBackground	public	16	other	invoke-direct {v2, v0}, Ljava/lang/StringBuilder;-><init>(Ljava/lang/String;)V
com.activision.game.AdvertisingId$a	doInBackground	public	17	inv	virtual|None|v1|Ljava/lang/Throwable;|getMessage||Ljava/lang/String;
com.activision.game.AdvertisingId$a	doInBackground	public	18	inv	virtual|None|v2, v1|Ljava/lang/StringBuilder;|append|Ljava/lang/String;|Ljava/lang/StringBuilder;
com.activision.game.AdvertisingId$a	doInBackground	public	19	inv	virtual|None|v2|Ljava/lang/StringBuilder;|toString||Ljava/lang/String;
com.activision.game.AdvertisingId$a	doInBackground	public	20	inv	static|None|v1|Lcom/activision/game/GameApplication;|c|Ljava/lang/String;|V
com.activision.game.AdvertisingId$a	doInBackground	public	21	cstr	1|
com.activision.game.AdvertisingId$a	onPostExecute	public	0	other	.registers 2
com.activision.game.AdvertisingId$a	onPostExecute	public	1	ccast	1|Ljava/lang/String;
com.activision.game.AdvertisingId$a	onPostExecute	public	2	inv	static|None|v1|Lcom/activision/game/AdvertisingId;|a|Ljava/lang/String;|V
com.activision.game.AdvertisingId	<init>		0	other	.registers 1
com.activision.game.AdvertisingId	<init>		1	other	invoke-direct {v0}, Ljava/lang/Object;-><init>()V
com.activision.game.AdvertisingId	a	public,static	0	other	.registers 1
com.activision.game.AdvertisingId	a	public,static	1	inv	static|None|v0|Lcom/activision/game/AdvertisingId;|setAdvertisingId|Ljava/lang/String;|V
com.activision.game.AdvertisingId	init	public,static	0	other	.registers 2
com.activision.game.AdvertisingId	init	public,static	1	new	0|Lcom/activision/game/AdvertisingId$a;
com.activision.game.AdvertisingId	init	public,static	2	other	invoke-direct {v0, v1}, Lcom/activision/game/AdvertisingId$a;-><init>(Landroid/content/Context;)V
com.activision.game.AdvertisingId	init	public,static	3	inv	virtual|None|v0, v1|Landroid/os/AsyncTask;|execute|[Ljava/lang/Object;|Landroid/os/AsyncTask;
com.activision.game.AppAudioManager$a	<init>		0	other	.registers 2
com.activision.game.AppAudioManager$a	<init>		1	other	iput-object v1, v0, v4434, Lcom/activision/game/AppAudioManager$a;->a:Lcom/activision/game/AppAudioManager;
com.activision.game.AppAudioManager$a	<init>		2	other	invoke-direct {v0}, Landroid/media/AudioDeviceCallback;-><init>()V
com.activision.game.AppAudioManager$a	onAudioDevicesAdded	public	0	other	.registers 4
com.activision.game.AppAudioManager$a	onAudioDevicesAdded	public	1	new	0|Ljava/lang/StringBuilder;
com.activision.game.AppAudioManager$a	onAudioDevicesAdded	public	2	cstr	1|Added 
com.activision.game.AppAudioManager$a	onAudioDevicesAdded	public	3	other	invoke-direct {v0, v1}, Ljava/lang/StringBuilder;-><init>(Ljava/lang/String;)V
com.activision.game.AppAudioManager$a	onAudioDevicesAdded	public	4	inv	virtual|None|v0, v3|Ljava/lang/StringBuilder;|append|I|Ljava/lang/StringBuilder;
com.activision.game.AppAudioManager$a	onAudioDevicesAdded	public	5	cstr	3| devices and hasHeadphones:
com.activision.game.AppAudioManager$a	onAudioDevicesAdded	public	6	inv	virtual|None|v0, v3|Ljava/lang/StringBuilder;|append|Ljava/lang/String;|Ljava/lang/StringBuilder;
com.activision.game.AppAudioManager$a	onAudioDevicesAdded	public	7	other	iget-object v2, v2, v4434, Lcom/activision/game/AppAudioManager$a;->a:Lcom/activision/game/AppAudioManager;
com.activision.game.AppAudioManager$a	onAudioDevicesAdded	public	8	inv	virtual|None|v2|Lcom/activision/game/AppAudioManager;|hasHeadphones||Z
com.activision.game.AppAudioManager$a	onAudioDevicesAdded	public	9	inv	virtual|None|v0, v3|Ljava/lang/StringBuilder;|append|Z|Ljava/lang/StringBuilder;
com.activision.game.AppAudioManager$a	onAudioDevicesAdded	public	10	inv	virtual|None|v0|Ljava/lang/StringBuilder;|toString||Ljava/lang/String;
com.activision.game.AppAudioManager$a	onAudioDevicesAdded	public	11	cstr	0|AppAudioManager
com.activision.game.AppAudioManager$a	onAudioDevicesAdded	public	12	inv	static|None|v0, v3|Landroid/util/Log;|i|Landroid/app/NotificationChannel;La3/b;|I
com.activision.game.AppAudioManager$a	onAudioDevicesAdded	public	13	inv	static|None|v2|Lcom/activision/game/AppAudioManager;|a|Lcom/activision/game/AppAudioManager;|V
com.activision.game.AppAudioManager$a	onAudioDevicesRemoved	public	0	other	.registers 4
com.activision.game.AppAudioManager$a	onAudioDevicesRemoved	public	1	new	0|Ljava/lang/StringBuilder;
com.activision.game.AppAudioManager$a	onAudioDevicesRemoved	public	2	cstr	1|Removed 
com.activision.game.AppAudioManager$a	onAudioDevicesRemoved	public	3	other	invoke-direct {v0, v1}, Ljava/lang/StringBuilder;-><init>(Ljava/lang/String;)V
com.activision.game.AppAudioManager$a	onAudioDevicesRemoved	public	4	inv	virtual|None|v0, v3|Ljava/lang/StringBuilder;|append|I|Ljava/lang/StringBuilder;
com.activision.game.AppAudioManager$a	onAudioDevicesRemoved	public	5	cstr	3| devices and hasHeadphones:
com.activision.game.AppAudioManager$a	onAudioDevicesRemoved	public	6	inv	virtual|None|v0, v3|Ljava/lang/StringBuilder;|append|Ljava/lang/String;|Ljava/lang/StringBuilder;
com.activision.game.AppAudioManager$a	onAudioDevicesRemoved	public	7	other	iget-object v2, v2, v4434, Lcom/activision/game/AppAudioManager$a;->a:Lcom/activision/game/AppAudioManager;
com.activision.game.AppAudioManager$a	onAudioDevicesRemoved	public	8	inv	virtual|None|v2|Lcom/activision/game/AppAudioManager;|hasHeadphones||Z
com.activision.game.AppAudioManager$a	onAudioDevicesRemoved	public	9	inv	virtual|None|v0, v3|Ljava/lang/StringBuilder;|append|Z|Ljava/lang/StringBuilder;
com.activision.game.AppAudioManager$a	onAudioDevicesRemoved	public	10	inv	virtual|None|v0|Ljava/lang/StringBuilder;|toString||Ljava/lang/String;
com.activision.game.AppAudioManager$a	onAudioDevicesRemoved	public	11	cstr	0|AppAudioManager
com.activision.game.AppAudioManager$a	onAudioDevicesRemoved	public	12	inv	static|None|v0, v3|Landroid/util/Log;|i|Landroid/app/NotificationChannel;La3/b;|I
com.activision.game.AppAudioManager$a	onAudioDevicesRemoved	public	13	inv	static|None|v2|Lcom/activision/game/AppAudioManager;|a|Lcom/activision/game/AppAudioManager;|V
com.activision.game.AppAudioManager	<init>		0	other	.registers 4
com.activision.game.AppAudioManager	<init>		1	other	invoke-direct {v2}, Ljava/lang/Object;-><init>()V
com.activision.game.AppAudioManager	<init>		2	other	iput-object v3, v2, v4435, Lcom/activision/game/AppAudioManager;->a:Lcom/activision/game/MainActivity;
com.activision.game.AppAudioManager	<init>		3	new	0|Landroid/os/Handler;
com.activision.game.AppAudioManager	<init>		4	inv	static|None||Landroid/os/Looper;|getMainLooper||Landroid/os/Looper;
com.activision.game.AppAudioManager	<init>		5	other	invoke-direct {v0, v1}, Landroid/os/Handler;-><init>(Landroid/os/Looper;)V
com.activision.game.AppAudioManager	<init>		6	ccls	0|Landroid/media/AudioManager;
com.activision.game.AppAudioManager	<init>		7	inv	virtual|None|v3, v0|Landroid/content/Context;|getSystemService|Ljava/lang/Class;|Ljava/lang/Object;
com.activision.game.AppAudioManager	<init>		8	ccast	3|Landroid/media/AudioManager;
com.activision.game.AppAudioManager	<init>		9	other	iput-object v3, v2, v4436, Lcom/activision/game/AppAudioManager;->b:Landroid/media/AudioManager;
com.activision.game.AppAudioManager	<init>		10	new	3|Lcom/activision/game/AppAudioManager$a;
com.activision.game.AppAudioManager	<init>		11	other	invoke-direct {v3, v2}, Lcom/activision/game/AppAudioManager$a;-><init>(Lcom/activision/game/AppAudioManager;)V
com.activision.game.AppAudioManager	<init>		12	other	iput-object v3, v2, v4437, Lcom/activision/game/AppAudioManager;->c:Lcom/activision/game/AppAudioManager$a;
com.activision.game.AppAudioManager	<init>		13	inv	static|None||Ljava/util/concurrent/Executors;|newSingleThreadExecutor||Ljava/util/concurrent/ExecutorService;
com.activision.game.AppAudioManager	<init>		14	other	iput-object v3, v2, v4441, Lcom/activision/game/AppAudioManager;->g:Ljava/util/concurrent/ExecutorService;
com.activision.game.AppAudioManager	<init>		15	inv	direct|None|v2|Lcom/activision/game/AppAudioManager;|setAppAudioManager||V
com.activision.game.AppAudioManager	a	public,static	0	other	.registers 10
com.activision.game.AppAudioManager	a	public,static	1	other	iget-object v0, v9, v4436, Lcom/activision/game/AppAudioManager;->b:Landroid/media/AudioManager;
com.activision.game.AppAudioManager	a	public,static	2	inv	virtual|None|v0, v1|Landroid/media/AudioManager;|getDevices|I|[Landroid/media/AudioDeviceInfo;
com.activision.game.AppAudioManager	a	public,static	3	inv	virtual|None|v6|Landroid/media/AudioDeviceInfo;|isSource||Z
com.activision.game.AppAudioManager	a	public,static	4	inv	virtual|None|v6|Landroid/media/AudioDeviceInfo;|getType||I
com.activision.game.AppAudioManager	a	public,static	5	inv	virtual|None|v9, v5, v0|Lcom/activision/game/AppAudioManager;|c|BB|V
com.activision.game.AppAudioManager	a	public,static	6	inv	virtual|None|v9|Lcom/activision/game/AppAudioManager;|hasHeadphones||Z
com.activision.game.AppAudioManager	a	public,static	7	inv	direct|None|v9, v0|Lcom/activision/game/AppAudioManager;|onDeviceChangeCallback|Z|V
com.activision.game.AppAudioManager	CreateAEC	public	0	other	.registers 4
com.activision.game.AppAudioManager	CreateAEC	public	1	other	iget-object v0, v2, v4438, Lcom/activision/game/AppAudioManager;->d:Landroid/media/audiofx/AcousticEchoCanceler;
com.activision.game.AppAudioManager	CreateAEC	public	2	inv	static|None|v3|Landroid/media/audiofx/AcousticEchoCanceler;|create|I|Landroid/media/audiofx/AcousticEchoCanceler;
com.activision.game.AppAudioManager	CreateAEC	public	3	other	iput-object v0, v2, v4438, Lcom/activision/game/AppAudioManager;->d:Landroid/media/audiofx/AcousticEchoCanceler;
com.activision.game.AppAudioManager	CreateAEC	public	4	new	2|Ljava/lang/StringBuilder;
com.activision.game.AppAudioManager	CreateAEC	public	5	cstr	0|CreateAEC failed for session 
com.activision.game.AppAudioManager	CreateAEC	public	6	other	invoke-direct {v2, v0}, Ljava/lang/StringBuilder;-><init>(Ljava/lang/String;)V
com.activision.game.AppAudioManager	CreateAEC	public	7	inv	static|None|v3|Ljava/lang/Integer;|toString|I|Ljava/lang/String;
com.activision.game.AppAudioManager	CreateAEC	public	8	inv	virtual|None|v2, v3|Ljava/lang/StringBuilder;|append|Ljava/lang/String;|Ljava/lang/StringBuilder;
com.activision.game.AppAudioManager	CreateAEC	public	9	inv	virtual|None|v2|Ljava/lang/StringBuilder;|toString||Ljava/lang/String;
com.activision.game.AppAudioManager	CreateAEC	public	10	cstr	3|AppAudioManager
com.activision.game.AppAudioManager	CreateAEC	public	11	inv	static|None|v3, v2|Landroid/util/Log;|e|Landroid/app/NotificationChannel;La3/b;|I
com.activision.game.AppAudioManager	CreateAGC	public	0	other	.registers 4
com.activision.game.AppAudioManager	CreateAGC	public	1	other	iget-object v0, v2, v4440, Lcom/activision/game/AppAudioManager;->f:Landroid/media/audiofx/AutomaticGainControl;
com.activision.game.AppAudioManager	CreateAGC	public	2	inv	static|None|v3|Landroid/media/audiofx/AutomaticGainControl;|create|I|Landroid/media/audiofx/AutomaticGainControl;
com.activision.game.AppAudioManager	CreateAGC	public	3	other	iput-object v0, v2, v4440, Lcom/activision/game/AppAudioManager;->f:Landroid/media/audiofx/AutomaticGainControl;
com.activision.game.AppAudioManager	CreateAGC	public	4	new	2|Ljava/lang/StringBuilder;
com.activision.game.AppAudioManager	CreateAGC	public	5	cstr	0|CreateAGC failed for session 
com.activision.game.AppAudioManager	CreateAGC	public	6	other	invoke-direct {v2, v0}, Ljava/lang/StringBuilder;-><init>(Ljava/lang/String;)V
com.activision.game.AppAudioManager	CreateAGC	public	7	inv	static|None|v3|Ljava/lang/Integer;|toString|I|Ljava/lang/String;
com.activision.game.AppAudioManager	CreateAGC	public	8	inv	virtual|None|v2, v3|Ljava/lang/StringBuilder;|append|Ljava/lang/String;|Ljava/lang/StringBuilder;
com.activision.game.AppAudioManager	CreateAGC	public	9	inv	virtual|None|v2|Ljava/lang/StringBuilder;|toString||Ljava/lang/String;
com.activision.game.AppAudioManager	CreateAGC	public	10	cstr	3|AppAudioManager
com.activision.game.AppAudioManager	CreateAGC	public	11	inv	static|None|v3, v2|Landroid/util/Log;|e|Landroid/app/NotificationChannel;La3/b;|I
com.activision.game.AppAudioManager	CreateNS	public	0	other	.registers 4
com.activision.game.AppAudioManager	CreateNS	public	1	other	iget-object v0, v2, v4439, Lcom/activision/game/AppAudioManager;->e:Landroid/media/audiofx/NoiseSuppressor;
com.activision.game.AppAudioManager	CreateNS	public	2	inv	static|None|v3|Landroid/media/audiofx/NoiseSuppressor;|create|I|Landroid/media/audiofx/NoiseSuppressor;
com.activision.game.AppAudioManager	CreateNS	public	3	other	iput-object v0, v2, v4439, Lcom/activision/game/AppAudioManager;->e:Landroid/media/audiofx/NoiseSuppressor;
com.activision.game.AppAudioManager	CreateNS	public	4	new	2|Ljava/lang/StringBuilder;
com.activision.game.AppAudioManager	CreateNS	public	5	cstr	0|CreateNS failed for session 
com.activision.game.AppAudioManager	CreateNS	public	6	other	invoke-direct {v2, v0}, Ljava/lang/StringBuilder;-><init>(Ljava/lang/String;)V
com.activision.game.AppAudioManager	CreateNS	public	7	inv	static|None|v3|Ljava/lang/Integer;|toString|I|Ljava/lang/String;
com.activision.game.AppAudioManager	CreateNS	public	8	inv	virtual|None|v2, v3|Ljava/lang/StringBuilder;|append|Ljava/lang/String;|Ljava/lang/StringBuilder;
com.activision.game.AppAudioManager	CreateNS	public	9	inv	virtual|None|v2|Ljava/lang/StringBuilder;|toString||Ljava/lang/String;
com.activision.game.AppAudioManager	CreateNS	public	10	cstr	3|AppAudioManager
com.activision.game.AppAudioManager	CreateNS	public	11	inv	static|None|v3, v2|Landroid/util/Log;|e|Landroid/app/NotificationChannel;La3/b;|I
com.activision.game.AppAudioManager	DestroyAEC	public	0	other	.registers 3
com.activision.game.AppAudioManager	DestroyAEC	public	1	other	iget-object v0, v2, v4438, Lcom/activision/game/AppAudioManager;->d:Landroid/media/audiofx/AcousticEchoCanceler;
com.activision.game.AppAudioManager	DestroyAEC	public	2	inv	virtual|None|v0, v1|Landroid/media/audiofx/AudioEffect;|setEnabled|Z|I
com.activision.game.AppAudioManager	DestroyAEC	public	3	other	iget-object v0, v2, v4438, Lcom/activision/game/AppAudioManager;->d:Landroid/media/audiofx/AcousticEchoCanceler;
com.activision.game.AppAudioManager	DestroyAEC	public	4	inv	virtual|None|v0|Landroid/media/audiofx/AudioEffect;|release||V
com.activision.game.AppAudioManager	DestroyAEC	public	5	other	iput-object v0, v2, v4438, Lcom/activision/game/AppAudioManager;->d:Landroid/media/audiofx/AcousticEchoCanceler;
com.activision.game.AppAudioManager	DestroyAGC	public	0	other	.registers 3
com.activision.game.AppAudioManager	DestroyAGC	public	1	other	iget-object v0, v2, v4440, Lcom/activision/game/AppAudioManager;->f:Landroid/media/audiofx/AutomaticGainControl;
com.activision.game.AppAudioManager	DestroyAGC	public	2	inv	virtual|None|v0, v1|Landroid/media/audiofx/AudioEffect;|setEnabled|Z|I
com.activision.game.AppAudioManager	DestroyAGC	public	3	other	iget-object v0, v2, v4440, Lcom/activision/game/AppAudioManager;->f:Landroid/media/audiofx/AutomaticGainControl;
com.activision.game.AppAudioManager	DestroyAGC	public	4	inv	virtual|None|v0|Landroid/media/audiofx/AudioEffect;|release||V
com.activision.game.AppAudioManager	DestroyAGC	public	5	other	iput-object v0, v2, v4440, Lcom/activision/game/AppAudioManager;->f:Landroid/media/audiofx/AutomaticGainControl;
com.activision.game.AppAudioManager	DestroyNS	public	0	other	.registers 3
com.activision.game.AppAudioManager	DestroyNS	public	1	other	iget-object v0, v2, v4439, Lcom/activision/game/AppAudioManager;->e:Landroid/media/audiofx/NoiseSuppressor;
com.activision.game.AppAudioManager	DestroyNS	public	2	inv	virtual|None|v0, v1|Landroid/media/audiofx/AudioEffect;|setEnabled|Z|I
com.activision.game.AppAudioManager	DestroyNS	public	3	other	iget-object v0, v2, v4439, Lcom/activision/game/AppAudioManager;->e:Landroid/media/audiofx/NoiseSuppressor;
com.activision.game.AppAudioManager	DestroyNS	public	4	inv	virtual|None|v0|Landroid/media/audiofx/AudioEffect;|release||V
com.activision.game.AppAudioManager	DestroyNS	public	5	other	iput-object v0, v2, v4439, Lcom/activision/game/AppAudioManager;->e:Landroid/media/audiofx/NoiseSuppressor;
com.activision.game.AppAudioManager	SetEnableAEC	public	0	other	.registers 6
com.activision.game.AppAudioManager	SetEnableAEC	public	1	other	iget-object v0, v4, v4438, Lcom/activision/game/AppAudioManager;->d:Landroid/media/audiofx/AcousticEchoCanceler;
com.activision.game.AppAudioManager	SetEnableAEC	public	2	inv	virtual|None|v0|Landroid/media/audiofx/AudioEffect;|getEnabled||Z
com.activision.game.AppAudioManager	SetEnableAEC	public	3	other	iget-object v0, v4, v4438, Lcom/activision/game/AppAudioManager;->d:Landroid/media/audiofx/AcousticEchoCanceler;
com.activision.game.AppAudioManager	SetEnableAEC	public	4	inv	virtual|None|v0, v5|Landroid/media/audiofx/AudioEffect;|setEnabled|Z|I
com.activision.game.AppAudioManager	SetEnableAEC	public	5	other	iget-object v0, v4, v4438, Lcom/activision/game/AppAudioManager;->d:Landroid/media/audiofx/AcousticEchoCanceler;
com.activision.game.AppAudioManager	SetEnableAEC	public	6	inv	virtual|None|v0|Landroid/media/audiofx/AudioEffect;|getEnabled||Z
com.activision.game.AppAudioManager	SetEnableAEC	public	7	cstr	0|AppAudioManager
com.activision.game.AppAudioManager	SetEnableAEC	public	8	new	2|Ljava/lang/StringBuilder;
com.activision.game.AppAudioManager	SetEnableAEC	public	9	cstr	3|SetEnableAEC failed to set 
com.activision.game.AppAudioManager	SetEnableAEC	public	10	other	invoke-direct {v2, v3}, Ljava/lang/StringBuilder;-><init>(Ljava/lang/String;)V
com.activision.game.AppAudioManager	SetEnableAEC	public	11	inv	static|None|v5|Ljava/lang/Boolean;|toString|Z|Ljava/lang/String;
com.activision.game.AppAudioManager	SetEnableAEC	public	12	inv	virtual|None|v2, v3|Ljava/lang/StringBuilder;|append|Ljava/lang/String;|Ljava/lang/StringBuilder;
com.activision.game.AppAudioManager	SetEnableAEC	public	13	inv	virtual|None|v2|Ljava/lang/StringBuilder;|toString||Ljava/lang/String;
com.activision.game.AppAudioManager	SetEnableAEC	public	14	inv	static|None|v0, v2|Landroid/util/Log;|e|Landroid/app/NotificationChannel;La3/b;|I
com.activision.game.AppAudioManager	SetEnableAEC	public	15	other	iget-object v4, v4, v4438, Lcom/activision/game/AppAudioManager;->d:Landroid/media/audiofx/AcousticEchoCanceler;
com.activision.game.AppAudioManager	SetEnableAEC	public	16	inv	virtual|None|v4|Landroid/media/audiofx/AudioEffect;|hasControl||Z
com.activision.game.AppAudioManager	SetEnableAEC	public	17	cstr	4|AEC enabled but is not in control!
com.activision.game.AppAudioManager	SetEnableAEC	public	18	inv	static|None|v0, v4|Landroid/util/Log;|w|Landroid/app/NotificationChannel;La3/b;|I
com.activision.game.AppAudioManager	SetEnableAEC	public	19	cstr	4|AEC enabled!
com.activision.game.AppAudioManager	SetEnableAEC	public	20	inv	static|None|v0, v4|Landroid/util/Log;|d|Landroid/app/NotificationChannel;La3/b;|I
com.activision.game.AppAudioManager	SetEnableAGC	public	0	other	.registers 6
com.activision.game.AppAudioManager	SetEnableAGC	public	1	other	iget-object v0, v4, v4440, Lcom/activision/game/AppAudioManager;->f:Landroid/media/audiofx/AutomaticGainControl;
com.activision.game.AppAudioManager	SetEnableAGC	public	2	inv	virtual|None|v0|Landroid/media/audiofx/AudioEffect;|getEnabled||Z
com.activision.game.AppAudioManager	SetEnableAGC	public	3	other	iget-object v0, v4, v4440, Lcom/activision/game/AppAudioManager;->f:Landroid/media/audiofx/AutomaticGainControl;
com.activision.game.AppAudioManager	SetEnableAGC	public	4	inv	virtual|None|v0, v5|Landroid/media/audiofx/AudioEffect;|setEnabled|Z|I
com.activision.game.AppAudioManager	SetEnableAGC	public	5	other	iget-object v0, v4, v4440, Lcom/activision/game/AppAudioManager;->f:Landroid/media/audiofx/AutomaticGainControl;
com.activision.game.AppAudioManager	SetEnableAGC	public	6	inv	virtual|None|v0|Landroid/media/audiofx/AudioEffect;|getEnabled||Z
com.activision.game.AppAudioManager	SetEnableAGC	public	7	cstr	0|AppAudioManager
com.activision.game.AppAudioManager	SetEnableAGC	public	8	new	2|Ljava/lang/StringBuilder;
com.activision.game.AppAudioManager	SetEnableAGC	public	9	cstr	3|SetEnableAGC failed to set 
com.activision.game.AppAudioManager	SetEnableAGC	public	10	other	invoke-direct {v2, v3}, Ljava/lang/StringBuilder;-><init>(Ljava/lang/String;)V
com.activision.game.AppAudioManager	SetEnableAGC	public	11	inv	static|None|v5|Ljava/lang/Boolean;|toString|Z|Ljava/lang/String;
com.activision.game.AppAudioManager	SetEnableAGC	public	12	inv	virtual|None|v2, v3|Ljava/lang/StringBuilder;|append|Ljava/lang/String;|Ljava/lang/StringBuilder;
com.activision.game.AppAudioManager	SetEnableAGC	public	13	inv	virtual|None|v2|Ljava/lang/StringBuilder;|toString||Ljava/lang/String;
com.activision.game.AppAudioManager	SetEnableAGC	public	14	inv	static|None|v0, v2|Landroid/util/Log;|e|Landroid/app/NotificationChannel;La3/b;|I
com.activision.game.AppAudioManager	SetEnableAGC	public	15	other	iget-object v4, v4, v4440, Lcom/activision/game/AppAudioManager;->f:Landroid/media/audiofx/AutomaticGainControl;
com.activision.game.AppAudioManager	SetEnableAGC	public	16	inv	virtual|None|v4|Landroid/media/audiofx/AudioEffect;|hasControl||Z
com.activision.game.AppAudioManager	SetEnableAGC	public	17	cstr	4|AGC enabled but is not in control!
com.activision.game.AppAudioManager	SetEnableAGC	public	18	inv	static|None|v0, v4|Landroid/util/Log;|w|Landroid/app/NotificationChannel;La3/b;|I
com.activision.game.AppAudioManager	SetEnableAGC	public	19	cstr	4|AGC enabled!
com.activision.game.AppAudioManager	SetEnableAGC	public	20	inv	static|None|v0, v4|Landroid/util/Log;|d|Landroid/app/NotificationChannel;La3/b;|I
com.activision.game.AppAudioManager	SetEnableNS	public	0	other	.registers 6
com.activision.game.AppAudioManager	SetEnableNS	public	1	other	iget-object v0, v4, v4439, Lcom/activision/game/AppAudioManager;->e:Landroid/media/audiofx/NoiseSuppressor;
com.activision.game.AppAudioManager	SetEnableNS	public	2	inv	virtual|None|v0|Landroid/media/audiofx/AudioEffect;|getEnabled||Z
com.activision.game.AppAudioManager	SetEnableNS	public	3	other	iget-object v0, v4, v4439, Lcom/activision/game/AppAudioManager;->e:Landroid/media/audiofx/NoiseSuppressor;
com.activision.game.AppAudioManager	SetEnableNS	public	4	inv	virtual|None|v0, v5|Landroid/media/audiofx/AudioEffect;|setEnabled|Z|I
com.activision.game.AppAudioManager	SetEnableNS	public	5	other	iget-object v0, v4, v4439, Lcom/activision/game/AppAudioManager;->e:Landroid/media/audiofx/NoiseSuppressor;
com.activision.game.AppAudioManager	SetEnableNS	public	6	inv	virtual|None|v0|Landroid/media/audiofx/AudioEffect;|getEnabled||Z
com.activision.game.AppAudioManager	SetEnableNS	public	7	cstr	0|AppAudioManager
com.activision.game.AppAudioManager	SetEnableNS	public	8	new	2|Ljava/lang/StringBuilder;
com.activision.game.AppAudioManager	SetEnableNS	public	9	cstr	3|SetEnableNS failed to set 
com.activision.game.AppAudioManager	SetEnableNS	public	10	other	invoke-direct {v2, v3}, Ljava/lang/StringBuilder;-><init>(Ljava/lang/String;)V
com.activision.game.AppAudioManager	SetEnableNS	public	11	inv	static|None|v5|Ljava/lang/Boolean;|toString|Z|Ljava/lang/String;
com.activision.game.AppAudioManager	SetEnableNS	public	12	inv	virtual|None|v2, v3|Ljava/lang/StringBuilder;|append|Ljava/lang/String;|Ljava/lang/StringBuilder;
com.activision.game.AppAudioManager	SetEnableNS	public	13	inv	virtual|None|v2|Ljava/lang/StringBuilder;|toString||Ljava/lang/String;
com.activision.game.AppAudioManager	SetEnableNS	public	14	inv	static|None|v0, v2|Landroid/util/Log;|e|Landroid/app/NotificationChannel;La3/b;|I
com.activision.game.AppAudioManager	SetEnableNS	public	15	other	iget-object v4, v4, v4439, Lcom/activision/game/AppAudioManager;->e:Landroid/media/audiofx/NoiseSuppressor;
com.activision.game.AppAudioManager	SetEnableNS	public	16	inv	virtual|None|v4|Landroid/media/audiofx/AudioEffect;|hasControl||Z
com.activision.game.AppAudioManager	SetEnableNS	public	17	cstr	4|NS enabled but is not in control!
com.activision.game.AppAudioManager	SetEnableNS	public	18	inv	static|None|v0, v4|Landroid/util/Log;|w|Landroid/app/NotificationChannel;La3/b;|I
com.activision.game.AppAudioManager	SetEnableNS	public	19	cstr	4|NS enabled!
com.activision.game.AppAudioManager	SetEnableNS	public	20	inv	static|None|v0, v4|Landroid/util/Log;|d|Landroid/app/NotificationChannel;La3/b;|I
com.activision.game.AppAudioManager	b	public	0	other	.registers 5
com.activision.game.AppAudioManager	b	public	1	other	iget-object v0, v3, v4441, Lcom/activision/game/AppAudioManager;->g:Ljava/util/concurrent/ExecutorService;
com.activision.game.AppAudioManager	b	public	2	new	2|Lw/c;
com.activision.game.AppAudioManager	b	public	3	other	invoke-direct {v2, v4, v1, v3}, Lw/c;-><init>(BBB)V
com.activision.game.AppAudioManager	b	public	4	inv	interface|None|v0, v2|Ljava/util/concurrent/ExecutorService;|submit|Ljava/lang/Runnable;|Ljava/util/concurrent/Future;
com.activision.game.AppAudioManager	b	public	5	new	4|Ljava/lang/StringBuilder;
com.activision.game.AppAudioManager	b	public	6	cstr	0|Failed to adjust volume: 
com.activision.game.AppAudioManager	b	public	7	other	invoke-direct {v4, v0}, Ljava/lang/StringBuilder;-><init>(Ljava/lang/String;)V
com.activision.game.AppAudioManager	b	public	8	inv	virtual|None|v4, v3|Ljava/lang/StringBuilder;|append|Ljava/lang/Object;|Ljava/lang/StringBuilder;
com.activision.game.AppAudioManager	b	public	9	inv	virtual|None|v4|Ljava/lang/StringBuilder;|toString||Ljava/lang/String;
com.activision.game.AppAudioManager	b	public	10	cstr	4|AppAudioManager
com.activision.game.AppAudioManager	b	public	11	inv	static|None|v4, v3|Landroid/util/Log;|e|Landroid/app/NotificationChannel;La3/b;|I
com.activision.game.AppAudioManager	c	public	0	other	.registers 7
com.activision.game.AppAudioManager	c	public	1	cstr	0|AppAudioManager
com.activision.game.AppAudioManager	c	public	2	cstr	4|Invalid audio device selection
com.activision.game.AppAudioManager	c	public	3	inv	static|None|v0, v4|Landroid/util/Log;|e|Landroid/app/NotificationChannel;La3/b;|I
com.activision.game.AppAudioManager	c	public	4	inv	virtual|None|v4, v3|Lcom/activision/game/AppAudioManager;|setMode|I|V
com.activision.game.AppAudioManager	c	public	5	inv	virtual|None|v4, v3|Lcom/activision/game/AppAudioManager;|forceSpeakerphoneForComms|Z|V
com.activision.game.AppAudioManager	c	public	6	cstr	5|No audio device selected
com.activision.game.AppAudioManager	c	public	7	inv	static|None|v0, v5|Landroid/util/Log;|e|Landroid/app/NotificationChannel;La3/b;|I
com.activision.game.AppAudioManager	c	public	8	inv	virtual|None|v4, v1|Lcom/activision/game/AppAudioManager;|setMode|I|V
com.activision.game.AppAudioManager	c	public	9	inv	virtual|None|v4, v2|Lcom/activision/game/AppAudioManager;|forceSpeakerphoneForComms|Z|V
com.activision.game.AppAudioManager	d	public	0	other	.registers 3
com.activision.game.AppAudioManager	d	public	1	other	iget-object v0, v2, v4435, Lcom/activision/game/AppAudioManager;->a:Lcom/activision/game/MainActivity;
com.activision.game.AppAudioManager	d	public	2	inv	virtual|None|v0, v1|Landroid/app/Activity;|setVolumeControlStream|I|V
com.activision.game.AppAudioManager	d	public	3	other	iget-object v0, v2, v4437, Lcom/activision/game/AppAudioManager;->c:Lcom/activision/game/AppAudioManager$a;
com.activision.game.AppAudioManager	d	public	4	other	iget-object v2, v2, v4436, Lcom/activision/game/AppAudioManager;->b:Landroid/media/AudioManager;
com.activision.game.AppAudioManager	d	public	5	inv	virtual|None|v2, v0, v1|Landroid/media/AudioManager;|registerAudioDeviceCallback|BB|V
com.activision.game.AppAudioManager	forceSpeakerphoneForComms	public	0	other	.registers 7
com.activision.game.AppAudioManager	forceSpeakerphoneForComms	public	1	cstr	2|forceSpeakerphoneForComms(): 
com.activision.game.AppAudioManager	forceSpeakerphoneForComms	public	2	cstr	3|AppAudioManager
com.activision.game.AppAudioManager	forceSpeakerphoneForComms	public	3	other	iget-object v5, v5, v4436, Lcom/activision/game/AppAudioManager;->b:Landroid/media/AudioManager;
com.activision.game.AppAudioManager	forceSpeakerphoneForComms	public	4	inv	static|None|v5|Landroidx/core/app/p;|f|Landroid/media/AudioManager;|Landroid/media/AudioDeviceInfo;
com.activision.game.AppAudioManager	forceSpeakerphoneForComms	public	5	new	4|Ljava/lang/StringBuilder;
com.activision.game.AppAudioManager	forceSpeakerphoneForComms	public	6	other	invoke-direct {v4, v2}, Ljava/lang/StringBuilder;-><init>(Ljava/lang/String;)V
com.activision.game.AppAudioManager	forceSpeakerphoneForComms	public	7	inv	virtual|None|v4, v6|Ljava/lang/StringBuilder;|append|Z|Ljava/lang/StringBuilder;
com.activision.game.AppAudioManager	forceSpeakerphoneForComms	public	8	cstr	2|. Current Device: 
com.activision.game.AppAudioManager	forceSpeakerphoneForComms	public	9	inv	virtual|None|v4, v2|Ljava/lang/StringBuilder;|append|Ljava/lang/String;|Ljava/lang/StringBuilder;
com.activision.game.AppAudioManager	forceSpeakerphoneForComms	public	10	inv	virtual|None|v0|Landroid/media/AudioDeviceInfo;|getType||I
com.activision.game.AppAudioManager	forceSpeakerphoneForComms	public	11	inv	virtual|None|v4, v2|Ljava/lang/StringBuilder;|append|I|Ljava/lang/StringBuilder;
com.activision.game.AppAudioManager	forceSpeakerphoneForComms	public	12	inv	virtual|None|v4|Ljava/lang/StringBuilder;|toString||Ljava/lang/String;
com.activision.game.AppAudioManager	forceSpeakerphoneForComms	public	13	inv	static|None|v3, v2|Landroid/util/Log;|d|Landroid/app/NotificationChannel;La3/b;|I
com.activision.game.AppAudioManager	forceSpeakerphoneForComms	public	14	inv	virtual|None|v0|Landroid/media/AudioDeviceInfo;|getType||I
com.activision.game.AppAudioManager	forceSpeakerphoneForComms	public	15	inv	static|None|v5|Landroidx/core/app/q;|l|Landroid/media/AudioManager;|V
com.activision.game.AppAudioManager	forceSpeakerphoneForComms	public	16	inv	static|None|v5|Landroidx/core/app/p;|i|Landroid/media/AudioManager;|Ljava/util/List;
com.activision.game.AppAudioManager	forceSpeakerphoneForComms	public	17	inv	interface|None|v6|Ljava/util/List;|iterator||Ljava/util/Iterator;
com.activision.game.AppAudioManager	forceSpeakerphoneForComms	public	18	inv	interface|None|v6|Ljava/util/Iterator;|hasNext||Z
com.activision.game.AppAudioManager	forceSpeakerphoneForComms	public	19	inv	interface|None|v6|Ljava/util/Iterator;|next||Ljava/lang/Object;
com.activision.game.AppAudioManager	forceSpeakerphoneForComms	public	20	ccast	0|Landroid/media/AudioDeviceInfo;
com.activision.game.AppAudioManager	forceSpeakerphoneForComms	public	21	inv	virtual|None|v0|Landroid/media/AudioDeviceInfo;|getType||I
com.activision.game.AppAudioManager	forceSpeakerphoneForComms	public	22	inv	static|None|v5, v0|Landroidx/core/app/q;|o|BB|Z
com.activision.game.AppAudioManager	forceSpeakerphoneForComms	public	23	cstr	5|Failed to set communication device to speaker
com.activision.game.AppAudioManager	forceSpeakerphoneForComms	public	24	inv	static|None|v3, v5|Landroid/util/Log;|e|Landroid/app/NotificationChannel;La3/b;|I
com.activision.game.AppAudioManager	forceSpeakerphoneForComms	public	25	inv	virtual|None|v5|Landroid/media/AudioManager;|isSpeakerphoneOn||Z
com.activision.game.AppAudioManager	forceSpeakerphoneForComms	public	26	new	1|Ljava/lang/StringBuilder;
com.activision.game.AppAudioManager	forceSpeakerphoneForComms	public	27	other	invoke-direct {v1, v2}, Ljava/lang/StringBuilder;-><init>(Ljava/lang/String;)V
com.activision.game.AppAudioManager	forceSpeakerphoneForComms	public	28	inv	virtual|None|v1, v6|Ljava/lang/StringBuilder;|append|Z|Ljava/lang/StringBuilder;
com.activision.game.AppAudioManager	forceSpeakerphoneForComms	public	29	cstr	2|. Was on: 
com.activision.game.AppAudioManager	forceSpeakerphoneForComms	public	30	inv	virtual|None|v1, v2|Ljava/lang/StringBuilder;|append|Ljava/lang/String;|Ljava/lang/StringBuilder;
com.activision.game.AppAudioManager	forceSpeakerphoneForComms	public	31	inv	virtual|None|v1, v0|Ljava/lang/StringBuilder;|append|Z|Ljava/lang/StringBuilder;
com.activision.game.AppAudioManager	forceSpeakerphoneForComms	public	32	inv	virtual|None|v1|Ljava/lang/StringBuilder;|toString||Ljava/lang/String;
com.activision.game.AppAudioManager	forceSpeakerphoneForComms	public	33	inv	static|None|v3, v1|Landroid/util/Log;|d|Landroid/app/NotificationChannel;La3/b;|I
com.activision.game.AppAudioManager	forceSpeakerphoneForComms	public	34	inv	virtual|None|v5, v6|Landroid/media/AudioManager;|setSpeakerphoneOn|Z|V
com.activision.game.AppAudioManager	getDeviceVolume	public	0	other	.registers 4
com.activision.game.AppAudioManager	getDeviceVolume	public	1	other	iget-object v3, v3, v4436, Lcom/activision/game/AppAudioManager;->b:Landroid/media/AudioManager;
com.activision.game.AppAudioManager	getDeviceVolume	public	2	inv	virtual|None|v3, v0|Landroid/media/AudioManager;|getStreamMaxVolume|I|I
com.activision.game.AppAudioManager	getDeviceVolume	public	3	inv	virtual|None|v3, v0|Landroid/media/AudioManager;|getStreamMinVolume|I|I
com.activision.game.AppAudioManager	getDeviceVolume	public	4	inv	virtual|None|v3, v0|Landroid/media/AudioManager;|getStreamVolume|I|I
com.activision.game.AppAudioManager	hasHeadphones	public	0	other	.registers 6
com.activision.game.AppAudioManager	hasHeadphones	public	1	other	iget-object v5, v5, v4436, Lcom/activision/game/AppAudioManager;->b:Landroid/media/AudioManager;
com.activision.game.AppAudioManager	hasHeadphones	public	2	inv	virtual|None|v5, v0|Landroid/media/AudioManager;|getDevices|I|[Landroid/media/AudioDeviceInfo;
com.activision.game.AppAudioManager	hasHeadphones	public	3	inv	virtual|None|v3|Landroid/media/AudioDeviceInfo;|getType||I
com.activision.game.AppAudioManager	setMicEnabled	public	0	other	.registers 4
com.activision.game.AppAudioManager	setMicEnabled	public	1	inv	virtual|None|v2, v0, v3|Lcom/activision/game/AppAudioManager;|c|BB|V
com.activision.game.AppAudioManager	setMicEnabled	public	2	new	0|Ljava/lang/StringBuilder;
com.activision.game.AppAudioManager	setMicEnabled	public	3	cstr	1|setMicEnabled():
com.activision.game.AppAudioManager	setMicEnabled	public	4	other	invoke-direct {v0, v1}, Ljava/lang/StringBuilder;-><init>(Ljava/lang/String;)V
com.activision.game.AppAudioManager	setMicEnabled	public	5	inv	virtual|None|v0, v3|Ljava/lang/StringBuilder;|append|Z|Ljava/lang/StringBuilder;
com.activision.game.AppAudioManager	setMicEnabled	public	6	inv	virtual|None|v0|Ljava/lang/StringBuilder;|toString||Ljava/lang/String;
com.activision.game.AppAudioManager	setMicEnabled	public	7	cstr	1|AppAudioManager
com.activision.game.AppAudioManager	setMicEnabled	public	8	inv	static|None|v1, v0|Landroid/util/Log;|d|Landroid/app/NotificationChannel;La3/b;|I
com.activision.game.AppAudioManager	setMode	public	0	other	.registers 5
com.activision.game.AppAudioManager	setMode	public	1	other	iget-object v0, v3, v4436, Lcom/activision/game/AppAudioManager;->b:Landroid/media/AudioManager;
com.activision.game.AppAudioManager	setMode	public	2	inv	virtual|None|v0|Landroid/media/AudioManager;|getMode||I
com.activision.game.AppAudioManager	setMode	public	3	cstr	1|UNKNOWN
com.activision.game.AppAudioManager	setMode	public	4	cstr	1|COMMUNICATION_REDIRECT
com.activision.game.AppAudioManager	setMode	public	5	cstr	1|CALL_REDIRECT
com.activision.game.AppAudioManager	setMode	public	6	cstr	1|CALL_SCREENING
com.activision.game.AppAudioManager	setMode	public	7	cstr	1|IN_COMMUNICATION
com.activision.game.AppAudioManager	setMode	public	8	cstr	1|IN_CALL
com.activision.game.AppAudioManager	setMode	public	9	cstr	1|RINGTONE
com.activision.game.AppAudioManager	setMode	public	10	cstr	1|NORMAL
com.activision.game.AppAudioManager	setMode	public	11	cstr	1|INVALID
com.activision.game.AppAudioManager	setMode	public	12	cstr	2|setMode():
com.activision.game.AppAudioManager	setMode	public	13	inv	virtual|None|v2, v1|Ljava/lang/String;|concat|Ljava/lang/String;|Ljava/lang/String;
com.activision.game.AppAudioManager	setMode	public	14	cstr	2|AppAudioManager
com.activision.game.AppAudioManager	setMode	public	15	inv	static|None|v2, v1|Landroid/util/Log;|d|Landroid/app/NotificationChannel;La3/b;|I
com.activision.game.AppAudioManager	setMode	public	16	inv	virtual|None|v0, v4|Landroid/media/AudioManager;|setMode|I|V
com.activision.game.AppAudioManager	setMode	public	17	other	iget-object v3, v3, v4435, Lcom/activision/game/AppAudioManager;->a:Lcom/activision/game/MainActivity;
com.activision.game.AppAudioManager	setMode	public	18	inv	virtual|None|v3, v4|Landroid/app/Activity;|setVolumeControlStream|I|V
com.activision.game.AppReview	<init>		0	other	.registers 1
com.activision.game.AppReview	<init>		1	other	invoke-direct {v0}, Ljava/lang/Object;-><init>()V
com.activision.game.AppReview	requestAppReview	public,static	0	other	.registers 12
com.activision.game.AppReview	requestAppReview	public,static	1	inv	virtual|None|v11|Landroid/content/Context;|getApplicationContext||Landroid/content/Context;
com.activision.game.AppReview	requestAppReview	public,static	2	new	1|Lg4/f;
com.activision.game.AppReview	requestAppReview	public,static	3	new	2|Lg4/h;
com.activision.game.AppReview	requestAppReview	public,static	4	other	invoke-direct {v2, v0}, Lg4/h;-><init>(Landroid/content/Context;)V
com.activision.game.AppReview	requestAppReview	public,static	5	other	invoke-direct {v1, v2}, Lg4/f;-><init>(Lg4/h;)V
com.activision.game.AppReview	requestAppReview	public,static	6	other	iget-object v0, v1, v14173, Lg4/f;->a:Lg4/h;
com.activision.game.AppReview	requestAppReview	public,static	7	sget	2|Lg4/h;|c|Lh4/f;
com.activision.game.AppReview	requestAppReview	public,static	8	other	iget-object v5, v0, v14179, Lg4/h;->b:Ljava/lang/String;
com.activision.game.AppReview	requestAppReview	public,static	9	cstr	5|requestInAppReview (%s)
com.activision.game.AppReview	requestAppReview	public,static	10	inv	virtual|None|v2, v5, v4|Lh4/f;|a|Landroid/app/NotificationChannel;La3/b;|V
com.activision.game.AppReview	requestAppReview	public,static	11	other	iget-object v4, v0, v14178, Lg4/h;->a:Lh4/o;
com.activision.game.AppReview	requestAppReview	public,static	12	cstr	4|PlayCore
com.activision.game.AppReview	requestAppReview	public,static	13	inv	static|None|v4, v5|Landroid/util/Log;|isLoggable|BB|Z
com.activision.game.AppReview	requestAppReview	public,static	14	other	iget-object v2, v2, v14421, Lh4/f;->a:Ljava/lang/String;
com.activision.game.AppReview	requestAppReview	public,static	15	cstr	5|Play Store app is either not installed or not the official version
com.activision.game.AppReview	requestAppReview	public,static	16	inv	static|None|v2, v5, v0|Lh4/f;|b|Landroid/app/NotificationChannel;La3/b;Landroid/app/NotificationChannel;|Ljava/lang/String;
com.activision.game.AppReview	requestAppReview	public,static	17	inv	static|None|v4, v0|Landroid/util/Log;|e|Landroid/app/NotificationChannel;La3/b;|I
com.activision.game.AppReview	requestAppReview	public,static	18	new	0|Lg4/a;
com.activision.game.AppReview	requestAppReview	public,static	19	other	invoke-direct {v0}, Lg4/a;-><init>()V
com.activision.game.AppReview	requestAppReview	public,static	20	inv	static|None|v0|Ld4/l;|d|Ljava/lang/Exception;|Ld4/v;
com.activision.game.AppReview	requestAppReview	public,static	21	new	2|Ld4/j;
com.activision.game.AppReview	requestAppReview	public,static	22	other	invoke-direct {v2}, Ld4/j;-><init>()V
com.activision.game.AppReview	requestAppReview	public,static	23	other	iget-object v4, v0, v14178, Lg4/h;->a:Lh4/o;
com.activision.game.AppReview	requestAppReview	public,static	24	new	5|Lh4/i;
com.activision.game.AppReview	requestAppReview	public,static	25	other	invoke-direct {v5, v0, v2, v2, v3}, Lh4/i;-><init>(BBBLandroid/app/KeyguardManager;)V
com.activision.game.AppReview	requestAppReview	public,static	26	other	iget-object v0, v4, v14439, Lh4/o;->f:Ljava/lang/Object;
com.activision.game.AppReview	requestAppReview	public,static	27	other	monitor-enter v0
com.activision.game.AppReview	requestAppReview	public,static	28	other	iget-object v7, v4, v14438, Lh4/o;->e:Ljava/util/HashSet;
com.activision.game.AppReview	requestAppReview	public,static	29	inv	virtual|None|v7, v2|Ljava/util/HashSet;|add|Ljava/lang/Object;|Z
com.activision.game.AppReview	requestAppReview	public,static	30	other	iget-object v7, v2, v13422, Ld4/j;->a:Ld4/v;
com.activision.game.AppReview	requestAppReview	public,static	31	new	8|Lu0/f;
com.activision.game.AppReview	requestAppReview	public,static	32	other	invoke-direct {v8, v4, v9, v2}, Lu0/f;-><init>(BBB)V
com.activision.game.AppReview	requestAppReview	public,static	33	inv	virtual|None|v7, v8|Ld4/v;|b|Ld4/d;|V
com.activision.game.AppReview	requestAppReview	public,static	34	other	monitor-exit v0
com.activision.game.AppReview	requestAppReview	public,static	35	other	iget-object v7, v4, v14439, Lh4/o;->f:Ljava/lang/Object;
com.activision.game.AppReview	requestAppReview	public,static	36	other	monitor-enter v7
com.activision.game.AppReview	requestAppReview	public,static	37	other	iget-object v0, v4, v14444, Lh4/o;->k:Ljava/util/concurrent/atomic/AtomicInteger;
com.activision.game.AppReview	requestAppReview	public,static	38	inv	virtual|None|v0|Ljava/util/concurrent/atomic/AtomicInteger;|getAndIncrement||I
com.activision.game.AppReview	requestAppReview	public,static	39	other	iget-object v0, v4, v14435, Lh4/o;->b:Lh4/f;
com.activision.game.AppReview	requestAppReview	public,static	40	inv	virtual|None|v0|Ljava/lang/Object;|getClass||Ljava/lang/Class;
com.activision.game.AppReview	requestAppReview	public,static	41	cstr	9|PlayCore
com.activision.game.AppReview	requestAppReview	public,static	42	inv	static|None|v9, v10|Landroid/util/Log;|isLoggable|BB|Z
com.activision.game.AppReview	requestAppReview	public,static	43	other	iget-object v0, v0, v14421, Lh4/f;->a:Ljava/lang/String;
com.activision.game.AppReview	requestAppReview	public,static	44	cstr	10|Already connected to the service.
com.activision.game.AppReview	requestAppReview	public,static	45	inv	static|None|v0, v10, v8|Lh4/f;|b|Landroid/app/NotificationChannel;La3/b;Landroid/app/NotificationChannel;|Ljava/lang/String;
com.activision.game.AppReview	requestAppReview	public,static	46	inv	static|None|v9, v0|Landroid/util/Log;|d|Landroid/app/NotificationChannel;La3/b;|I
com.activision.game.AppReview	requestAppReview	public,static	47	other	monitor-exit v7
com.activision.game.AppReview	requestAppReview	public,static	48	new	0|Lh4/i;
com.activision.game.AppReview	requestAppReview	public,static	49	other	invoke-direct {v0, v4, v2, v5, v6}, Lh4/i;-><init>(BBBLandroid/app/KeyguardManager;)V
com.activision.game.AppReview	requestAppReview	public,static	50	inv	virtual|None|v4|Lh4/o;|a||Landroid/os/Handler;
com.activision.game.AppReview	requestAppReview	public,static	51	inv	virtual|None|v4, v0|Landroid/os/Handler;|post|Ljava/lang/Runnable;|Z
com.activision.game.AppReview	requestAppReview	public,static	52	other	iget-object v0, v2, v13422, Ld4/j;->a:Ld4/v;
com.activision.game.AppReview	requestAppReview	public,static	53	new	2|Lp0/a;
com.activision.game.AppReview	requestAppReview	public,static	54	other	invoke-direct {v2, v1, v3, v11}, Lp0/a;-><init>(BBB)V
com.activision.game.AppReview	requestAppReview	public,static	55	inv	virtual|None|v0, v2|Ld4/v;|b|Ld4/d;|V
com.activision.game.AppReview	requestAppReview	public,static	56	other	monitor-exit v7
com.activision.game.AppReview	requestAppReview	public,static	57	other	monitor-exit v0
com.activision.game.AppsFlyerWrapper$a	<init>		0	other	.registers 1
com.activision.game.AppsFlyerWrapper$a	<init>		1	other	invoke-direct {v0}, Ljava/lang/Object;-><init>()V
com.activision.game.AppsFlyerWrapper$a	onError	public	0	other	.registers 4
com.activision.game.AppsFlyerWrapper$a	onError	public	1	new	1|Ljava/lang/StringBuilder;
com.activision.game.AppsFlyerWrapper$a	onError	public	2	cstr	0|Start failed with; code: 
com.activision.game.AppsFlyerWrapper$a	onError	public	3	other	invoke-direct {v1, v0}, Ljava/lang/StringBuilder;-><init>(Ljava/lang/String;)V
com.activision.game.AppsFlyerWrapper$a	onError	public	4	inv	virtual|None|v1, v2|Ljava/lang/StringBuilder;|append|I|Ljava/lang/StringBuilder;
com.activision.game.AppsFlyerWrapper$a	onError	public	5	cstr	2|, description: 
com.activision.game.AppsFlyerWrapper$a	onError	public	6	inv	virtual|None|v1, v2|Ljava/lang/StringBuilder;|append|Ljava/lang/String;|Ljava/lang/StringBuilder;
com.activision.game.AppsFlyerWrapper$a	onError	public	7	inv	virtual|None|v1, v3|Ljava/lang/StringBuilder;|append|Ljava/lang/String;|Ljava/lang/StringBuilder;
com.activision.game.AppsFlyerWrapper$a	onError	public	8	inv	virtual|None|v1|Ljava/lang/StringBuilder;|toString||Ljava/lang/String;
com.activision.game.AppsFlyerWrapper$a	onError	public	9	cstr	2|AppsFlyerWrapper
com.activision.game.AppsFlyerWrapper$a	onError	public	10	inv	static|None|v2, v1|Landroid/util/Log;|d|Landroid/app/NotificationChannel;La3/b;|I
com.activision.game.AppsFlyerWrapper$a	onSuccess	public	0	other	.registers 2
com.activision.game.AppsFlyerWrapper$a	onSuccess	public	1	cstr	1|AppsFlyerWrapper
com.activision.game.AppsFlyerWrapper$a	onSuccess	public	2	cstr	0|Start successful
com.activision.game.AppsFlyerWrapper$a	onSuccess	public	3	inv	static|None|v1, v0|Landroid/util/Log;|d|Landroid/app/NotificationChannel;La3/b;|I
com.activision.game.AppsFlyerWrapper	<init>		0	other	.registers 1
com.activision.game.AppsFlyerWrapper	<init>		1	other	invoke-direct {v0}, Ljava/lang/Object;-><init>()V
com.activision.game.AppsFlyerWrapper	getDeviceId	public,static	0	other	.registers 2
com.activision.game.AppsFlyerWrapper	getDeviceId	public,static	1	inv	static|None||Lcom/appsflyer/AppsFlyerLib;|getInstance||Lcom/appsflyer/AppsFlyerLib;
com.activision.game.AppsFlyerWrapper	getDeviceId	public,static	2	sget	1|Lcom/activision/game/AppsFlyerWrapper;|a|Landroid/content/Context;
com.activision.game.AppsFlyerWrapper	getDeviceId	public,static	3	inv	virtual|None|v0, v1|Lcom/appsflyer/AppsFlyerLib;|getAppsFlyerUID|Landroid/content/Context;|Ljava/lang/String;
com.activision.game.AppsFlyerWrapper	logEvent	public,static	0	other	.registers 7
com.activision.game.AppsFlyerWrapper	logEvent	public,static	1	new	0|Ljava/lang/StringBuilder;
com.activision.game.AppsFlyerWrapper	logEvent	public,static	2	cstr	1|logEvent: 
com.activision.game.AppsFlyerWrapper	logEvent	public,static	3	other	invoke-direct {v0, v1}, Ljava/lang/StringBuilder;-><init>(Ljava/lang/String;)V
com.activision.game.AppsFlyerWrapper	logEvent	public,static	4	inv	virtual|None|v0, v5|Ljava/lang/StringBuilder;|append|Ljava/lang/String;|Ljava/lang/StringBuilder;
com.activision.game.AppsFlyerWrapper	logEvent	public,static	5	cstr	1|, params: 
com.activision.game.AppsFlyerWrapper	logEvent	public,static	6	inv	virtual|None|v0, v1|Ljava/lang/StringBuilder;|append|Ljava/lang/String;|Ljava/lang/StringBuilder;
com.activision.game.AppsFlyerWrapper	logEvent	public,static	7	inv	static|None|v6|Ljava/util/Arrays;|toString|[Ljava/lang/Object;|Ljava/lang/String;
com.activision.game.AppsFlyerWrapper	logEvent	public,static	8	inv	virtual|None|v0, v1|Ljava/lang/StringBuilder;|append|Ljava/lang/String;|Ljava/lang/StringBuilder;
com.activision.game.AppsFlyerWrapper	logEvent	public,static	9	inv	virtual|None|v0|Ljava/lang/StringBuilder;|toString||Ljava/lang/String;
com.activision.game.AppsFlyerWrapper	logEvent	public,static	10	cstr	1|AppsFlyerWrapper
com.activision.game.AppsFlyerWrapper	logEvent	public,static	11	inv	static|None|v1, v0|Landroid/util/Log;|d|Landroid/app/NotificationChannel;La3/b;|I
com.activision.game.AppsFlyerWrapper	logEvent	public,static	12	new	0|Ljava/util/HashMap;
com.activision.game.AppsFlyerWrapper	logEvent	public,static	13	other	invoke-direct {v0}, Ljava/util/HashMap;-><init>()V
com.activision.game.AppsFlyerWrapper	logEvent	public,static	14	inv	interface|None|v3|Ljava/util/Map$Entry;|getKey||Ljava/lang/Object;
com.activision.game.AppsFlyerWrapper	logEvent	public,static	15	ccast	4|Ljava/lang/String;
com.activision.game.AppsFlyerWrapper	logEvent	public,static	16	inv	interface|None|v3|Ljava/util/Map$Entry;|getValue||Ljava/lang/Object;
com.activision.game.AppsFlyerWrapper	logEvent	public,static	17	inv	virtual|None|v0, v4, v3|Ljava/util/HashMap;|put|Landroid/app/KeyguardManager;La3/b;|Ljava/lang/Object;
com.activision.game.AppsFlyerWrapper	logEvent	public,static	18	inv	static|None||Lcom/appsflyer/AppsFlyerLib;|getInstance||Lcom/appsflyer/AppsFlyerLib;
com.activision.game.AppsFlyerWrapper	logEvent	public,static	19	sget	1|Lcom/activision/game/AppsFlyerWrapper;|a|Landroid/content/Context;
com.activision.game.AppsFlyerWrapper	logEvent	public,static	20	inv	virtual|None|v6, v1, v5, v0|Lcom/appsflyer/AppsFlyerLib;|logEvent|BBB|V
com.activision.game.AppsFlyerWrapper	start	public,static	0	other	.registers 4
com.activision.game.AppsFlyerWrapper	start	public,static	1	cstr	0|AppsFlyerWrapper
com.activision.game.AppsFlyerWrapper	start	public,static	2	cstr	1|AppsFlyer Start
com.activision.game.AppsFlyerWrapper	start	public,static	3	inv	static|None|v0, v1|Landroid/util/Log;|d|Landroid/app/NotificationChannel;La3/b;|I
com.activision.game.AppsFlyerWrapper	start	public,static	4	inv	static|None||Lcom/appsflyer/AppsFlyerLib;|getInstance||Lcom/appsflyer/AppsFlyerLib;
com.activision.game.AppsFlyerWrapper	start	public,static	5	sget	1|Lcom/activision/game/AppsFlyerWrapper;|a|Landroid/content/Context;
com.activision.game.AppsFlyerWrapper	start	public,static	6	new	2|Lcom/activision/game/AppsFlyerWrapper$a;
com.activision.game.AppsFlyerWrapper	start	public,static	7	other	invoke-direct {v2}, Lcom/activision/game/AppsFlyerWrapper$a;-><init>()V
com.activision.game.AppsFlyerWrapper	start	public,static	8	cstr	3|S7oHMwdvL5a7fS765oDJaD
com.activision.game.AppsFlyerWrapper	start	public,static	9	inv	virtual|None|v0, v1, v3, v2|Lcom/appsflyer/AppsFlyerLib;|start|BBB|V
com.activision.game.BatteryLevelReceiver$a	<init>		0	other	.registers 3
com.activision.game.BatteryLevelReceiver$a	<init>		1	other	invoke-direct {v2}, Ljava/lang/Object;-><init>()V
com.activision.game.BatteryLevelReceiver	<clinit>		0	other	.registers 4
com.activision.game.BatteryLevelReceiver	<clinit>		1	new	0|Ljava/util/HashMap;
com.activision.game.BatteryLevelReceiver	<clinit>		2	other	invoke-direct {v0}, Ljava/util/HashMap;-><init>()V
com.activision.game.BatteryLevelReceiver	<clinit>		3	other	sput-object v0, Lcom/activision/game/BatteryLevelReceiver;->b:Ljava/util/HashMap;
com.activision.game.BatteryLevelReceiver	<clinit>		4	inv	static|None|v1|Ljava/lang/Integer;|valueOf|I|Ljava/lang/Integer;
com.activision.game.BatteryLevelReceiver	<clinit>		5	inv	static|None|v1|Ljava/lang/Integer;|valueOf|I|Ljava/lang/Integer;
com.activision.game.BatteryLevelReceiver	<clinit>		6	inv	virtual|None|v0, v2, v1|Ljava/util/HashMap;|put|Landroid/app/KeyguardManager;La3/b;|Ljava/lang/Object;
com.activision.game.BatteryLevelReceiver	<clinit>		7	inv	static|None|v1|Ljava/lang/Integer;|valueOf|I|Ljava/lang/Integer;
com.activision.game.BatteryLevelReceiver	<clinit>		8	inv	static|None|v1|Ljava/lang/Integer;|valueOf|I|Ljava/lang/Integer;
com.activision.game.BatteryLevelReceiver	<clinit>		9	inv	virtual|None|v0, v2, v1|Ljava/util/HashMap;|put|Landroid/app/KeyguardManager;La3/b;|Ljava/lang/Object;
com.activision.game.BatteryLevelReceiver	<clinit>		10	inv	static|None|v1|Ljava/lang/Integer;|valueOf|I|Ljava/lang/Integer;
com.activision.game.BatteryLevelReceiver	<clinit>		11	inv	static|None|v1|Ljava/lang/Integer;|valueOf|I|Ljava/lang/Integer;
com.activision.game.BatteryLevelReceiver	<clinit>		12	inv	virtual|None|v0, v2, v1|Ljava/util/HashMap;|put|Landroid/app/KeyguardManager;La3/b;|Ljava/lang/Object;
com.activision.game.BatteryLevelReceiver	<clinit>		13	inv	static|None|v1|Ljava/lang/Integer;|valueOf|I|Ljava/lang/Integer;
com.activision.game.BatteryLevelReceiver	<clinit>		14	inv	static|None|v3|Ljava/lang/Integer;|valueOf|I|Ljava/lang/Integer;
com.activision.game.BatteryLevelReceiver	<clinit>		15	inv	virtual|None|v0, v2, v3|Ljava/util/HashMap;|put|Landroid/app/KeyguardManager;La3/b;|Ljava/lang/Object;
com.activision.game.BatteryLevelReceiver	<clinit>		16	inv	static|None|v2|Ljava/lang/Integer;|valueOf|I|Ljava/lang/Integer;
com.activision.game.BatteryLevelReceiver	<clinit>		17	inv	static|None|v1|Ljava/lang/Integer;|valueOf|I|Ljava/lang/Integer;
com.activision.game.BatteryLevelReceiver	<clinit>		18	inv	virtual|None|v0, v2, v1|Ljava/util/HashMap;|put|Landroid/app/KeyguardManager;La3/b;|Ljava/lang/Object;
com.activision.game.BatteryLevelReceiver	<clinit>		19	sget	1|Lcom/activision/game/GameApplication;|b|Lx1/b;
com.activision.game.BatteryLevelReceiver	<clinit>		20	cstr	1|MainActivity
com.activision.game.BatteryLevelReceiver	<clinit>		21	cstr	2|Failed to populate MOBILE_PLUGGED_TYPE_MAP
com.activision.game.BatteryLevelReceiver	<clinit>		22	inv	static|None|v1, v2, v0|Landroid/util/Log;|e|Landroid/app/NotificationChannel;La3/b;Landroid/app/NotificationChannel;|I
com.activision.game.BatteryLevelReceiver	<init>		0	other	.registers 5
com.activision.game.BatteryLevelReceiver	<init>		1	other	invoke-direct {v4}, Landroid/content/BroadcastReceiver;-><init>()V
com.activision.game.BatteryLevelReceiver	<init>		2	inv	static|None||Lcom/activision/game/BatteryLevelReceiver;|a||Lcom/activision/game/BatteryLevelReceiver$a;
com.activision.game.BatteryLevelReceiver	<init>		3	other	iput-object v0, v4, v4451, Lcom/activision/game/BatteryLevelReceiver;->a:Lcom/activision/game/BatteryLevelReceiver$a;
com.activision.game.BatteryLevelReceiver	<init>		4	inv	virtual|None|v4, v1, v2, v3, v0|Lcom/activision/game/BatteryLevelReceiver;|nativeBatteryLevelReceiver|BBBLcom/braze/ui/R$drawable;|V
com.activision.game.BatteryLevelReceiver	<init>		5	other	iget-object v0, v4, v4451, Lcom/activision/game/BatteryLevelReceiver;->a:Lcom/activision/game/BatteryLevelReceiver$a;
com.activision.game.BatteryLevelReceiver	<init>		6	inv	virtual|None|v4, v1, v0|Lcom/activision/game/BatteryLevelReceiver;|nativeBatteryChargingState|BB|V
com.activision.game.BatteryLevelReceiver	<init>		7	cstr	0|MainActivity
com.activision.game.BatteryLevelReceiver	<init>		8	cstr	1|Failed to update battery state
com.activision.game.BatteryLevelReceiver	<init>		9	inv	static|None|v0, v1, v4|Landroid/util/Log;|e|Landroid/app/NotificationChannel;La3/b;Landroid/app/NotificationChannel;|I
com.activision.game.BatteryLevelReceiver	a	public,static	0	other	.registers 6
com.activision.game.BatteryLevelReceiver	a	public,static	1	new	0|Lcom/activision/game/BatteryLevelReceiver$a;
com.activision.game.BatteryLevelReceiver	a	public,static	2	other	invoke-direct {v0}, Lcom/activision/game/BatteryLevelReceiver$a;-><init>()V
com.activision.game.BatteryLevelReceiver	a	public,static	3	new	1|Landroid/content/IntentFilter;
com.activision.game.BatteryLevelReceiver	a	public,static	4	cstr	2|android.intent.action.BATTERY_CHANGED
com.activision.game.BatteryLevelReceiver	a	public,static	5	other	invoke-direct {v1, v2}, Landroid/content/IntentFilter;-><init>(Ljava/lang/String;)V
com.activision.game.BatteryLevelReceiver	a	public,static	6	sget	2|Lcom/activision/game/GameApplication;|c|Landroid/content/Context;
com.activision.game.BatteryLevelReceiver	a	public,static	7	inv	virtual|None|v2, v3, v1|Landroid/content/Context;|registerReceiver|BB|Landroid/content/Intent;
com.activision.game.BatteryLevelReceiver	a	public,static	8	cstr	2|battery_low
com.activision.game.BatteryLevelReceiver	a	public,static	9	inv	virtual|None|v1, v2, v3|Landroid/content/Intent;|getBooleanExtra|BB|Z
com.activision.game.BatteryLevelReceiver	a	public,static	10	cstr	2|level
com.activision.game.BatteryLevelReceiver	a	public,static	11	inv	virtual|None|v1, v2, v4|Landroid/content/Intent;|getIntExtra|BB|I
com.activision.game.BatteryLevelReceiver	a	public,static	12	cstr	5|scale
com.activision.game.BatteryLevelReceiver	a	public,static	13	inv	virtual|None|v1, v5, v4|Landroid/content/Intent;|getIntExtra|BB|I
com.activision.game.BatteryLevelReceiver	a	public,static	14	sget	2|Lcom/activision/game/GameApplication;|c|Landroid/content/Context;
com.activision.game.BatteryLevelReceiver	a	public,static	15	cstr	5|power
com.activision.game.BatteryLevelReceiver	a	public,static	16	inv	virtual|None|v2, v5|Landroid/content/Context;|getSystemService|Ljava/lang/String;|Ljava/lang/Object;
com.activision.game.BatteryLevelReceiver	a	public,static	17	ccast	2|Landroid/os/PowerManager;
com.activision.game.BatteryLevelReceiver	a	public,static	18	inv	virtual|None|v2|Landroid/os/PowerManager;|isPowerSaveMode||Z
com.activision.game.BatteryLevelReceiver	a	public,static	19	cstr	2|status
com.activision.game.BatteryLevelReceiver	a	public,static	20	inv	virtual|None|v1, v2, v4|Landroid/content/Intent;|getIntExtra|BB|I
com.activision.game.BatteryLevelReceiver	a	public,static	21	cstr	2|plugged
com.activision.game.BatteryLevelReceiver	a	public,static	22	inv	virtual|None|v1, v2, v4|Landroid/content/Intent;|getIntExtra|BB|I
com.activision.game.BatteryLevelReceiver	a	public,static	23	sget	3|Lcom/activision/game/BatteryLevelReceiver;|b|Ljava/util/HashMap;
com.activision.game.BatteryLevelReceiver	a	public,static	24	inv	static|None|v2|Ljava/lang/Integer;|valueOf|I|Ljava/lang/Integer;
com.activision.game.BatteryLevelReceiver	a	public,static	25	inv	virtual|None|v3, v2|Ljava/util/HashMap;|get|Ljava/lang/Object;|Ljava/lang/Object;
com.activision.game.BatteryLevelReceiver	a	public,static	26	ccast	2|Ljava/lang/Integer;
com.activision.game.BatteryLevelReceiver	a	public,static	27	inv	virtual|None|v2|Ljava/lang/Integer;|intValue||I
com.activision.game.BatteryLevelReceiver	a	public,static	28	cstr	2|temperature
com.activision.game.BatteryLevelReceiver	a	public,static	29	inv	virtual|None|v1, v2, v4|Landroid/content/Intent;|getIntExtra|BB|I
com.activision.game.BatteryLevelReceiver	onReceive	public	0	other	.registers 8
com.activision.game.BatteryLevelReceiver	onReceive	public	1	inv	static|None||Lcom/activision/game/BatteryLevelReceiver;|a||Lcom/activision/game/BatteryLevelReceiver$a;
com.activision.game.BatteryLevelReceiver	onReceive	public	2	other	iget-object v7, v5, v4451, Lcom/activision/game/BatteryLevelReceiver;->a:Lcom/activision/game/BatteryLevelReceiver$a;
com.activision.game.BatteryLevelReceiver	onReceive	public	3	inv	static|None|v0|Ljava/lang/Math;|abs|F|F
com.activision.game.BatteryLevelReceiver	onReceive	public	4	other	iget-object v7, v5, v4451, Lcom/activision/game/BatteryLevelReceiver;->a:Lcom/activision/game/BatteryLevelReceiver$a;
com.activision.game.BatteryLevelReceiver	onReceive	public	5	inv	virtual|None|v5, v7, v0, v1, v4|Lcom/activision/game/BatteryLevelReceiver;|nativeBatteryLevelReceiver|BBBLcom/braze/ui/R$drawable;|V
com.activision.game.BatteryLevelReceiver	onReceive	public	6	other	iget-object v7, v5, v4451, Lcom/activision/game/BatteryLevelReceiver;->a:Lcom/activision/game/BatteryLevelReceiver$a;
com.activision.game.BatteryLevelReceiver	onReceive	public	7	inv	virtual|None|v5, v7, v0|Lcom/activision/game/BatteryLevelReceiver;|nativeBatteryChargingState|BB|V
com.activision.game.BatteryLevelReceiver	onReceive	public	8	other	iput-object v6, v5, v4451, Lcom/activision/game/BatteryLevelReceiver;->a:Lcom/activision/game/BatteryLevelReceiver$a;
com.activision.game.BrazeWrapper	<init>		0	other	.registers 2
com.activision.game.BrazeWrapper	<init>		1	other	invoke-direct {v0}, Ljava/lang/Object;-><init>()V
com.activision.game.BrazeWrapper	<init>		2	other	iput-object v1, v0, v4453, Lcom/activision/game/BrazeWrapper;->a:Landroid/app/Activity;
com.activision.game.BrazeWrapper	getAppId	public	0	other	.registers 1
com.activision.game.BrazeWrapper	getAppId	public	1	other	iget-object v0, v0, v4453, Lcom/activision/game/BrazeWrapper;->a:Landroid/app/Activity;
com.activision.game.BrazeWrapper	getAppId	public	2	inv	virtual|None|v0|Landroid/content/Context;|getApplicationContext||Landroid/content/Context;
com.activision.game.BrazeWrapper	getAppId	public	3	inv	virtual|None|v0|Landroid/content/Context;|getPackageName||Ljava/lang/String;
com.activision.game.BrazeWrapper	initialize	public	0	other	.registers 5
com.activision.game.BrazeWrapper	initialize	public	1	new	0|Lcom/braze/configuration/BrazeConfig$Builder;
com.activision.game.BrazeWrapper	initialize	public	2	other	invoke-direct {v0}, Lcom/braze/configuration/BrazeConfig$Builder;-><init>()V
com.activision.game.BrazeWrapper	initialize	public	3	inv	virtual|None|v0, v2|Lcom/braze/configuration/BrazeConfig$Builder;|setApiKey|Ljava/lang/String;|Lcom/braze/configuration/BrazeConfig$Builder;
com.activision.game.BrazeWrapper	initialize	public	4	inv	virtual|None|v2, v4|Lcom/braze/configuration/BrazeConfig$Builder;|setCustomEndpoint|Ljava/lang/String;|Lcom/braze/configuration/BrazeConfig$Builder;
com.activision.game.BrazeWrapper	initialize	public	5	inv	virtual|None|v2, v4|Lcom/braze/configuration/BrazeConfig$Builder;|setIsFirebaseCloudMessagingRegistrationEnabled|Z|Lcom/braze/configuration/BrazeConfig$Builder;
com.activision.game.BrazeWrapper	initialize	public	6	inv	virtual|None|v2, v3|Lcom/braze/configuration/BrazeConfig$Builder;|setFirebaseCloudMessagingSenderIdKey|Ljava/lang/String;|Lcom/braze/configuration/BrazeConfig$Builder;
com.activision.game.BrazeWrapper	initialize	public	7	inv	virtual|None|v2|Lcom/braze/configuration/BrazeConfig$Builder;|build||Lcom/braze/configuration/BrazeConfig;
com.activision.game.BrazeWrapper	initialize	public	8	inv	static|None|v3|Lcom/braze/support/BrazeLogger;|setLogLevel|I|V
com.activision.game.BrazeWrapper	initialize	public	9	other	iget-object v1, v1, v4453, Lcom/activision/game/BrazeWrapper;->a:Landroid/app/Activity;
com.activision.game.BrazeWrapper	initialize	public	10	inv	virtual|None|v1|Landroid/content/Context;|getResources||Landroid/content/res/Resources;
com.activision.game.BrazeWrapper	initialize	public	11	inv	static|None|v1, v2|Lcom/braze/Braze;|configure|BB|Z
com.activision.game.BrazeWrapper	initialize	public	12	inv	virtual|None|v1|Landroid/app/Activity;|getApplication||Landroid/app/Application;
com.activision.game.BrazeWrapper	initialize	public	13	new	3|Ly1/f;
com.activision.game.BrazeWrapper	initialize	public	14	other	invoke-direct {v3}, Ly1/f;-><init>()V
com.activision.game.BrazeWrapper	initialize	public	15	inv	virtual|None|v2, v3|Landroid/app/Application;|registerActivityLifecycleCallbacks|Landroid/app/Application$ActivityLifecycleCallbacks;|V
com.activision.game.BrazeWrapper	initialize	public	16	inv	static|None|v1|Lcom/braze/Braze;|getInstance|Landroid/content/Context;|Lcom/braze/Braze;
com.activision.game.BrazeWrapper	initialize	public	17	inv	virtual|None|v1|Lcom/braze/Braze;|getCurrentUser||Lcom/braze/BrazeUser;
com.activision.game.BrazeWrapper	registerToken	public	0	other	.registers 3
com.activision.game.BrazeWrapper	registerToken	public	1	other	iget-object v1, v1, v4453, Lcom/activision/game/BrazeWrapper;->a:Landroid/app/Activity;
com.activision.game.BrazeWrapper	registerToken	public	2	inv	static|None|v1|Lcom/braze/Braze;|getInstance|Landroid/content/Context;|Lcom/braze/Braze;
com.activision.game.BrazeWrapper	registerToken	public	3	inv	virtual|None|v0|Lcom/braze/Braze;|getCurrentUser||Lcom/braze/BrazeUser;
com.activision.game.BrazeWrapper	registerToken	public	4	inv	static|None|v1|Lcom/braze/Braze;|getInstance|Landroid/content/Context;|Lcom/braze/Braze;
com.activision.game.BrazeWrapper	registerToken	public	5	inv	virtual|None|v1, v2|Lcom/braze/Braze;|setRegisteredPushToken|Ljava/lang/String;|V
com.activision.game.BrazeWrapper	updateUserId	public	0	other	.registers 3
com.activision.game.BrazeWrapper	updateUserId	public	1	other	iget-object v1, v1, v4453, Lcom/activision/game/BrazeWrapper;->a:Landroid/app/Activity;
com.activision.game.BrazeWrapper	updateUserId	public	2	inv	static|None|v1|Lcom/braze/Braze;|getInstance|Landroid/content/Context;|Lcom/braze/Braze;
com.activision.game.BrazeWrapper	updateUserId	public	3	inv	virtual|None|v0|Lcom/braze/Braze;|getCurrentUser||Lcom/braze/BrazeUser;
com.activision.game.BrazeWrapper	updateUserId	public	4	inv	virtual|None|v0|Lcom/braze/BrazeUser;|getUserId||Ljava/lang/String;
com.activision.game.BrazeWrapper	updateUserId	public	5	inv	static|None|v1|Lcom/braze/Braze;|getInstance|Landroid/content/Context;|Lcom/braze/Braze;
com.activision.game.BrazeWrapper	updateUserId	public	6	inv	virtual|None|v0, v2|Lcom/braze/Braze;|changeUser|Ljava/lang/String;|V
com.activision.game.BrazeWrapper	updateUserId	public	7	inv	static|None|v1|Lcom/braze/Braze;|getInstance|Landroid/content/Context;|Lcom/braze/Braze;
com.activision.game.BrazeWrapper	updateUserId	public	8	inv	virtual|None|v1|Lcom/braze/Braze;|requestImmediateDataFlush||V
com.activision.game.CustomBrazeBroadcastReceiver	<init>		0	other	.registers 1
com.activision.game.CustomBrazeBroadcastReceiver	<init>		1	other	invoke-direct {v0}, Landroid/content/BroadcastReceiver;-><init>()V
com.activision.game.CustomBrazeBroadcastReceiver	onReceive	public	0	other	.registers 11
com.activision.game.CustomBrazeBroadcastReceiver	onReceive	public	1	inv	virtual|None|v10|Landroid/content/Intent;|getAction||Ljava/lang/String;
com.activision.game.CustomBrazeBroadcastReceiver	onReceive	public	2	cstr	3|Received intent with action %s
com.activision.game.CustomBrazeBroadcastReceiver	onReceive	public	3	inv	static|None|v3, v1|Ljava/lang/String;|format|Landroid/app/NotificationChannel;La3/b;|Ljava/lang/String;
com.activision.game.CustomBrazeBroadcastReceiver	onReceive	public	4	cstr	3|CustomBrazeBroadcastReceiver
com.activision.game.CustomBrazeBroadcastReceiver	onReceive	public	5	inv	static|None|v3, v1|Landroid/util/Log;|d|Landroid/app/NotificationChannel;La3/b;|I
com.activision.game.CustomBrazeBroadcastReceiver	onReceive	public	6	inv	virtual|None|v10|Landroid/content/Intent;|getExtras||Landroid/os/Bundle;
com.activision.game.CustomBrazeBroadcastReceiver	onReceive	public	7	cstr	4|braze_push_received_timestamp
com.activision.game.CustomBrazeBroadcastReceiver	onReceive	public	8	inv	virtual|None|v1, v4|Landroid/os/BaseBundle;|containsKey|Ljava/lang/String;|Z
com.activision.game.CustomBrazeBroadcastReceiver	onReceive	public	9	inv	virtual|None|v1, v4|Landroid/os/BaseBundle;|getLong|Ljava/lang/String;|J
com.activision.game.CustomBrazeBroadcastReceiver	onReceive	public	10	inv	static|None||Ljava/lang/System;|currentTimeMillis||J
com.activision.game.CustomBrazeBroadcastReceiver	onReceive	public	11	sget	1|Ljava/util/concurrent/TimeUnit;|MILLISECONDS|Ljava/util/concurrent/TimeUnit;
com.activision.game.CustomBrazeBroadcastReceiver	onReceive	public	12	inv	virtual|None|v1, v6, v7|Ljava/util/concurrent/TimeUnit;|toSeconds|B|J
com.activision.game.CustomBrazeBroadcastReceiver	onReceive	public	13	new	1|Ljava/lang/StringBuilder;
com.activision.game.CustomBrazeBroadcastReceiver	onReceive	public	14	cstr	6|Notification active for 
com.activision.game.CustomBrazeBroadcastReceiver	onReceive	public	15	other	invoke-direct {v1, v6}, Ljava/lang/StringBuilder;-><init>(Ljava/lang/String;)V
com.activision.game.CustomBrazeBroadcastReceiver	onReceive	public	16	inv	virtual|None|v1, v4, v5|Ljava/lang/StringBuilder;|append|B|Ljava/lang/StringBuilder;
com.activision.game.CustomBrazeBroadcastReceiver	onReceive	public	17	cstr	4| seconds.
com.activision.game.CustomBrazeBroadcastReceiver	onReceive	public	18	inv	virtual|None|v1, v4|Ljava/lang/StringBuilder;|append|Ljava/lang/String;|Ljava/lang/StringBuilder;
com.activision.game.CustomBrazeBroadcastReceiver	onReceive	public	19	inv	virtual|None|v1|Ljava/lang/StringBuilder;|toString||Ljava/lang/String;
com.activision.game.CustomBrazeBroadcastReceiver	onReceive	public	20	inv	static|None|v3, v1|Landroid/util/Log;|i|Landroid/app/NotificationChannel;La3/b;|I
com.activision.game.CustomBrazeBroadcastReceiver	onReceive	public	21	inv	virtual|None|v8|Ljava/lang/String;|hashCode||I
com.activision.game.CustomBrazeBroadcastReceiver	onReceive	public	22	cstr	1|com.braze.push.intent.NOTIFICATION_DELETED
com.activision.game.CustomBrazeBroadcastReceiver	onReceive	public	23	inv	virtual|None|v8, v1|Ljava/lang/String;|equals|Ljava/lang/Object;|Z
com.activision.game.CustomBrazeBroadcastReceiver	onReceive	public	24	cstr	1|com.braze.push.intent.NOTIFICATION_RECEIVED
com.activision.game.CustomBrazeBroadcastReceiver	onReceive	public	25	inv	virtual|None|v8, v1|Ljava/lang/String;|equals|Ljava/lang/Object;|Z
com.activision.game.CustomBrazeBroadcastReceiver	onReceive	public	26	cstr	1|com.braze.push.intent.NOTIFICATION_OPENED
com.activision.game.CustomBrazeBroadcastReceiver	onReceive	public	27	inv	virtual|None|v8, v1|Ljava/lang/String;|equals|Ljava/lang/Object;|Z
com.activision.game.CustomBrazeBroadcastReceiver	onReceive	public	28	cstr	8|Ignoring intent with unsupported action %s
com.activision.game.CustomBrazeBroadcastReceiver	onReceive	public	29	inv	static|None|v8, v9|Ljava/lang/String;|format|Landroid/app/NotificationChannel;La3/b;|Ljava/lang/String;
com.activision.game.CustomBrazeBroadcastReceiver	onReceive	public	30	cstr	8|Received push notification deleted intent.
com.activision.game.CustomBrazeBroadcastReceiver	onReceive	public	31	cstr	8|Received push notification.
com.activision.game.CustomBrazeBroadcastReceiver	onReceive	public	32	inv	static|None|v3, v8|Landroid/util/Log;|d|Landroid/app/NotificationChannel;La3/b;|I
com.activision.game.CustomBrazeBroadcastReceiver	onReceive	public	33	inv	static|None|v9, v10|Lcom/braze/push/BrazeNotificationUtils;|routeUserWithNotificationOpenedIntent|BB|V
com.activision.game.CustomBrazeBroadcastReceiver	onReceive	public	34	cstr	0|
com.activision.game.CustomBrazeFirebaseMessagingService	<init>		0	other	.registers 1
com.activision.game.CustomBrazeFirebaseMessagingService	<init>		1	other	invoke-direct {v0}, Lcom/braze/push/BrazeFirebaseMessagingService;-><init>()V
com.activision.game.CustomBrazeFirebaseMessagingService	onMessageReceived	public	0	other	.registers 13
com.activision.game.CustomBrazeFirebaseMessagingService	onMessageReceived	public	1	inv	super|None|v11, v12|Lcom/braze/push/BrazeFirebaseMessagingService;|onMessageReceived|Lcom/google/firebase/messaging/u;|V
com.activision.game.CustomBrazeFirebaseMessagingService	onMessageReceived	public	2	inv	static|None|v11, v12|Lcom/braze/push/BrazeFirebaseMessagingService;|handleBrazeRemoteMessage|BB|Z
com.activision.game.CustomBrazeFirebaseMessagingService	onMessageReceived	public	3	inv	virtual|None|v12|Lcom/google/firebase/messaging/u;|c||Ljava/util/Map;
com.activision.game.CustomBrazeFirebaseMessagingService	onMessageReceived	public	4	ccast	0|Ln/h;
com.activision.game.CustomBrazeFirebaseMessagingService	onMessageReceived	public	5	cstr	1|CustomBrazeFirebaseMessagingService
com.activision.game.CustomBrazeFirebaseMessagingService	onMessageReceived	public	6	cstr	0|Notification Received
com.activision.game.CustomBrazeFirebaseMessagingService	onMessageReceived	public	7	inv	static|None|v1, v0|Landroid/util/Log;|w|Landroid/app/NotificationChannel;La3/b;|I
com.activision.game.CustomBrazeFirebaseMessagingService	onMessageReceived	public	8	inv	virtual|None|v12|Lcom/google/firebase/messaging/u;|c||Ljava/util/Map;
com.activision.game.CustomBrazeFirebaseMessagingService	onMessageReceived	public	9	ccast	0|Ln/h;
com.activision.game.CustomBrazeFirebaseMessagingService	onMessageReceived	public	10	cstr	2|id
com.activision.game.CustomBrazeFirebaseMessagingService	onMessageReceived	public	11	inv	virtual|None|v0, v2, v3|Ln/h;|getOrDefault|Landroid/app/KeyguardManager;La3/b;|Ljava/lang/Object;
com.activision.game.CustomBrazeFirebaseMessagingService	onMessageReceived	public	12	ccast	0|Ljava/lang/String;
com.activision.game.CustomBrazeFirebaseMessagingService	onMessageReceived	public	13	cstr	11|No id is found for this notification
com.activision.game.CustomBrazeFirebaseMessagingService	onMessageReceived	public	14	ccast	12|Ln/h;
com.activision.game.CustomBrazeFirebaseMessagingService	onMessageReceived	public	15	cstr	0|title
com.activision.game.CustomBrazeFirebaseMessagingService	onMessageReceived	public	16	inv	virtual|None|v12, v0, v3|Ln/h;|getOrDefault|Landroid/app/KeyguardManager;La3/b;|Ljava/lang/Object;
com.activision.game.CustomBrazeFirebaseMessagingService	onMessageReceived	public	17	ccast	0|Ljava/lang/String;
com.activision.game.CustomBrazeFirebaseMessagingService	onMessageReceived	public	18	cstr	2|body
com.activision.game.CustomBrazeFirebaseMessagingService	onMessageReceived	public	19	inv	virtual|None|v12, v2, v3|Ln/h;|getOrDefault|Landroid/app/KeyguardManager;La3/b;|Ljava/lang/Object;
com.activision.game.CustomBrazeFirebaseMessagingService	onMessageReceived	public	20	ccast	2|Ljava/lang/String;
com.activision.game.CustomBrazeFirebaseMessagingService	onMessageReceived	public	21	cstr	4|version
com.activision.game.CustomBrazeFirebaseMessagingService	onMessageReceived	public	22	inv	virtual|None|v12, v4, v3|Ln/h;|getOrDefault|Landroid/app/KeyguardManager;La3/b;|Ljava/lang/Object;
com.activision.game.CustomBrazeFirebaseMessagingService	onMessageReceived	public	23	ccast	4|Ljava/lang/String;
com.activision.game.CustomBrazeFirebaseMessagingService	onMessageReceived	public	24	cstr	5|payload
com.activision.game.CustomBrazeFirebaseMessagingService	onMessageReceived	public	25	inv	virtual|None|v12, v5, v3|Ln/h;|getOrDefault|Landroid/app/KeyguardManager;La3/b;|Ljava/lang/Object;
com.activision.game.CustomBrazeFirebaseMessagingService	onMessageReceived	public	26	ccast	12|Ljava/lang/String;
com.activision.game.CustomBrazeFirebaseMessagingService	onMessageReceived	public	27	inv	static|None|v4|Ljava/lang/Integer;|parseInt|Ljava/lang/String;|I
com.activision.game.CustomBrazeFirebaseMessagingService	onMessageReceived	public	28	cstr	11|Unsupported message version
com.activision.game.CustomBrazeFirebaseMessagingService	onMessageReceived	public	29	inv	static|None|v1, v11|Landroid/util/Log;|w|Landroid/app/NotificationChannel;La3/b;|I
com.activision.game.CustomBrazeFirebaseMessagingService	onMessageReceived	public	30	inv	static|None||Landroid/os/SystemClock;|uptimeMillis||J
com.activision.game.CustomBrazeFirebaseMessagingService	onMessageReceived	public	31	inv	virtual|None|v11|Landroid/content/Context;|getResources||Landroid/content/res/Resources;
com.activision.game.CustomBrazeFirebaseMessagingService	onMessageReceived	public	32	new	7|Landroid/app/ActivityManager$RunningAppProcessInfo;
com.activision.game.CustomBrazeFirebaseMessagingService	onMessageReceived	public	33	other	invoke-direct {v7}, Landroid/app/ActivityManager$RunningAppProcessInfo;-><init>()V
com.activision.game.CustomBrazeFirebaseMessagingService	onMessageReceived	public	34	inv	static|None|v7|Landroid/app/ActivityManager;|getMyMemoryState|Landroid/app/ActivityManager$RunningAppProcessInfo;|V
com.activision.game.CustomBrazeFirebaseMessagingService	onMessageReceived	public	35	new	8|Landroidx/core/app/s;
com.activision.game.CustomBrazeFirebaseMessagingService	onMessageReceived	public	36	inv	virtual|None|v6, v9|Landroid/content/res/Resources;|getString|I|Ljava/lang/String;
com.activision.game.CustomBrazeFirebaseMessagingService	onMessageReceived	public	37	other	invoke-direct {v8, v11, v6}, Landroidx/core/app/s;-><init>(BB)V
com.activision.game.CustomBrazeFirebaseMessagingService	onMessageReceived	public	38	other	iget-object v6, v8, v1200, Landroidx/core/app/s;->y:Landroid/app/Notification;
com.activision.game.CustomBrazeFirebaseMessagingService	onMessageReceived	public	39	inv	virtual|None|v8, v0|Landroidx/core/app/s;|d|Ljava/lang/CharSequence;|V
com.activision.game.CustomBrazeFirebaseMessagingService	onMessageReceived	public	40	inv	virtual|None|v8, v2|Landroidx/core/app/s;|c|Ljava/lang/CharSequence;|V
com.activision.game.CustomBrazeFirebaseMessagingService	onMessageReceived	public	41	inv	virtual|None|v8, v0, v3|Landroidx/core/app/s;|f|BB|V
com.activision.game.CustomBrazeFirebaseMessagingService	onMessageReceived	public	42	new	0|Lorg/json/JSONObject;
com.activision.game.CustomBrazeFirebaseMessagingService	onMessageReceived	public	43	other	invoke-direct {v0, v12}, Lorg/json/JSONObject;-><init>(Ljava/lang/String;)V
com.activision.game.CustomBrazeFirebaseMessagingService	onMessageReceived	public	44	cstr	2|short_tap_action
com.activision.game.CustomBrazeFirebaseMessagingService	onMessageReceived	public	45	inv	virtual|None|v0, v2|Lorg/json/JSONObject;|getJSONObject|Ljava/lang/String;|Lorg/json/JSONObject;
com.activision.game.CustomBrazeFirebaseMessagingService	onMessageReceived	public	46	cstr	3|url
com.activision.game.CustomBrazeFirebaseMessagingService	onMessageReceived	public	47	inv	virtual|None|v2, v3|Lorg/json/JSONObject;|getString|Ljava/lang/String;|Ljava/lang/String;
com.activision.game.CustomBrazeFirebaseMessagingService	onMessageReceived	public	48	inv	static|None|v2|Landroid/net/Uri;|parse|Ljava/lang/String;|Landroid/net/Uri;
com.activision.game.CustomBrazeFirebaseMessagingService	onMessageReceived	public	49	new	3|Landroid/content/Intent;
com.activision.game.CustomBrazeFirebaseMessagingService	onMessageReceived	public	50	cstr	6|android.intent.action.VIEW
com.activision.game.CustomBrazeFirebaseMessagingService	onMessageReceived	public	51	ccls	9|Lcom/activision/game/MainActivity;
com.activision.game.CustomBrazeFirebaseMessagingService	onMessageReceived	public	52	other	invoke-direct {v3, v6, v2, v11, v9}, Landroid/content/Intent;-><init>(BBBLandroid/app/NotificationChannel;)V
com.activision.game.CustomBrazeFirebaseMessagingService	onMessageReceived	public	53	cstr	2|localId
com.activision.game.CustomBrazeFirebaseMessagingService	onMessageReceived	public	54	inv	virtual|None|v3, v2, v4|Landroid/content/Intent;|putExtra|BB|Landroid/content/Intent;
com.activision.game.CustomBrazeFirebaseMessagingService	onMessageReceived	public	55	inv	static|None||Landroid/os/SystemClock;|uptimeMillis||J
com.activision.game.CustomBrazeFirebaseMessagingService	onMessageReceived	public	56	inv	virtual|None|v0, v12|Lorg/json/JSONObject;|getJSONArray|Ljava/lang/String;|Lorg/json/JSONArray;
com.activision.game.CustomBrazeFirebaseMessagingService	onMessageReceived	public	57	inv	virtual|None|v12|Lorg/json/JSONArray;|length||I
com.activision.game.CustomBrazeFirebaseMessagingService	onMessageReceived	public	58	inv	virtual|None|v12, v5|Lorg/json/JSONArray;|getString|I|Ljava/lang/String;
com.activision.game.CustomBrazeFirebaseMessagingService	onMessageReceived	public	59	cstr	12|Payload parsing error
com.activision.game.CustomBrazeFirebaseMessagingService	onMessageReceived	public	60	inv	static|None|v1, v12|Landroid/util/Log;|w|Landroid/app/NotificationChannel;La3/b;|I
com.activision.game.CustomBrazeFirebaseMessagingService	onMessageReceived	public	61	cstr	12|notification
com.activision.game.CustomBrazeFirebaseMessagingService	onMessageReceived	public	62	inv	virtual|None|v11, v12|Landroid/content/Context;|getSystemService|Ljava/lang/String;|Ljava/lang/Object;
com.activision.game.CustomBrazeFirebaseMessagingService	onMessageReceived	public	63	ccast	11|Landroid/app/NotificationManager;
com.activision.game.CustomBrazeFirebaseMessagingService	onMessageReceived	public	64	inv	virtual|None|v8|Landroidx/core/app/s;|a||Landroid/app/Notification;
com.activision.game.CustomBrazeFirebaseMessagingService	onMessageReceived	public	65	inv	virtual|None|v11, v4, v12|Landroid/app/NotificationManager;|notify|BB|V
com.activision.game.CustomBrazeFirebaseMessagingService	onMessageReceived	public	66	cstr	11|No data payload found
com.activision.game.CustomBrazeFirebaseMessagingService	onMessageReceived	public	67	inv	static|None|v1, v11|Landroid/util/Log;|w|Landroid/app/NotificationChannel;La3/b;|I
com.activision.game.DWGooglePlayIntegrity	<init>		0	other	.registers 1
com.activision.game.DWGooglePlayIntegrity	<init>		1	other	invoke-direct {v0}, Ljava/lang/Object;-><init>()V
com.activision.game.DWGooglePlayIntegrity	getIntegrityToken	public,static	0	other	.registers 4
com.activision.game.DWGooglePlayIntegrity	getIntegrityToken	public,static	1	sget	0|Lcom/activision/game/DWGooglePlayIntegrity;|a|Landroid/content/Context;
com.activision.game.DWGooglePlayIntegrity	getIntegrityToken	public,static	2	inv	static|None|v0|Le4/h;|a|Landroid/content/Context;|Le4/a;
com.activision.game.DWGooglePlayIntegrity	getIntegrityToken	public,static	3	new	1|Le4/e;
com.activision.game.DWGooglePlayIntegrity	getIntegrityToken	public,static	4	other	invoke-direct {v1, v2}, Le4/e;-><init>(Ljava/lang/String;)V
com.activision.game.DWGooglePlayIntegrity	getIntegrityToken	public,static	5	inv	interface|None|v0, v1|Le4/a;|a|Le4/e;|Ld4/v;
com.activision.game.DWGooglePlayIntegrity	getIntegrityToken	public,static	6	sget	3|Ljava/util/concurrent/TimeUnit;|MILLISECONDS|Ljava/util/concurrent/TimeUnit;
com.activision.game.DWGooglePlayIntegrity	getIntegrityToken	public,static	7	inv	static|None|v2, v0, v1, v3|Ld4/l;|b|BBB|Ljava/lang/Object;
com.activision.game.DWGooglePlayIntegrity	getIntegrityToken	public,static	8	inv	static|None|v2|Ld4/l;|a|Ld4/i;|Ljava/lang/Object;
com.activision.game.DWGooglePlayIntegrity	getIntegrityToken	public,static	9	ccast	2|Le4/d;
com.activision.game.DWGooglePlayIntegrity	getIntegrityToken	public,static	10	inv	virtual|None|v2|Le4/d;|a||Ljava/lang/String;
com.activision.game.DWGooglePlayIntegrity	getIntegrityToken	public,static	11	new	3|Lcom/activision/game/DWGooglePlayIntegrityException;
com.activision.game.DWGooglePlayIntegrity	getIntegrityToken	public,static	12	inv	virtual|None|v2|Ljava/lang/Throwable;|getMessage||Ljava/lang/String;
com.activision.game.DWGooglePlayIntegrity	getIntegrityToken	public,static	13	other	invoke-direct {v3, v2}, Lcom/activision/game/DWGooglePlayIntegrityException;-><init>(Ljava/lang/String;)V
com.activision.game.DWGooglePlayIntegrity	getIntegrityToken	public,static	14	new	3|Lcom/activision/game/DWGooglePlayIntegrityException;
com.activision.game.DWGooglePlayIntegrity	getIntegrityToken	public,static	15	inv	virtual|None|v2|Ljava/lang/Throwable;|getMessage||Ljava/lang/String;
com.activision.game.DWGooglePlayIntegrity	getIntegrityToken	public,static	16	other	invoke-direct {v3, v2, v0}, Lcom/activision/game/DWGooglePlayIntegrityException;-><init>(BB)V
com.activision.game.DWGooglePlayIntegrity	getIntegrityToken	public,static	17	new	3|Lcom/activision/game/DWGooglePlayIntegrityException;
com.activision.game.DWGooglePlayIntegrity	getIntegrityToken	public,static	18	inv	virtual|None|v2|Ljava/lang/Throwable;|getMessage||Ljava/lang/String;
com.activision.game.DWGooglePlayIntegrity	getIntegrityToken	public,static	19	other	invoke-direct {v3, v2, v0}, Lcom/activision/game/DWGooglePlayIntegrityException;-><init>(BB)V
com.activision.game.DWGooglePlayIntegrity	getIntegrityToken	public,static	20	inv	virtual|None|v2|Ljava/lang/Throwable;|getCause||Ljava/lang/Throwable;
com.activision.game.DWGooglePlayIntegrity	getIntegrityToken	public,static	21	inv	virtual|None|v2|Ljava/lang/Throwable;|getCause||Ljava/lang/Throwable;
com.activision.game.DWGooglePlayIntegrity	getIntegrityToken	public,static	22	ccast	2|Le4/b;
com.activision.game.DWGooglePlayIntegrity	getIntegrityToken	public,static	23	new	3|Lcom/activision/game/DWGooglePlayIntegrityException;
com.activision.game.DWGooglePlayIntegrity	getIntegrityToken	public,static	24	inv	virtual|None|v2|Ljava/lang/Throwable;|getMessage||Ljava/lang/String;
com.activision.game.DWGooglePlayIntegrity	getIntegrityToken	public,static	25	other	iget-object v2, v2, v13927, Lf3/b;->b:Lcom/google/android/gms/common/api/Status;
com.activision.game.DWGooglePlayIntegrity	getIntegrityToken	public,static	26	other	invoke-direct {v3, v0, v2}, Lcom/activision/game/DWGooglePlayIntegrityException;-><init>(BB)V
com.activision.game.DWGooglePlayIntegrity	getIntegrityToken	public,static	27	new	3|Lcom/activision/game/DWGooglePlayIntegrityException;
com.activision.game.DWGooglePlayIntegrity	getIntegrityToken	public,static	28	inv	virtual|None|v2|Ljava/lang/Throwable;|getMessage||Ljava/lang/String;
com.activision.game.DWGooglePlayIntegrity	getIntegrityToken	public,static	29	other	invoke-direct {v3, v2}, Lcom/activision/game/DWGooglePlayIntegrityException;-><init>(Ljava/lang/String;)V
com.activision.game.DWGooglePlayIntegrity	getIntegrityToken	public,static	30	new	2|Ljava/lang/NullPointerException;
com.activision.game.DWGooglePlayIntegrity	getIntegrityToken	public,static	31	cstr	3|Null nonce
com.activision.game.DWGooglePlayIntegrity	getIntegrityToken	public,static	32	other	invoke-direct {v2, v3}, Ljava/lang/NullPointerException;-><init>(Ljava/lang/String;)V
com.activision.game.DWGooglePlayIntegrityAsyncTask	<init>		0	other	.registers 1
com.activision.game.DWGooglePlayIntegrityAsyncTask	<init>		1	other	invoke-direct {v0}, Ljava/lang/Object;-><init>()V
com.activision.game.DWGooglePlayIntegrityAsyncTask	a	public,static	0	other	.registers 2
com.activision.game.DWGooglePlayIntegrityAsyncTask	a	public,static	1	inv	static|None|v0, v1|Lcom/activision/game/DWGooglePlayIntegrityAsyncTask;|lambda$performTask$0|Landroid/accounts/AccountManagerFuture;La0/b$a;|V
com.activision.game.DWGooglePlayIntegrityAsyncTask	initialize	public,static	0	other	.registers 1
com.activision.game.DWGooglePlayIntegrityAsyncTask	initialize	public,static	1	other	sput-object v0, Lcom/activision/game/DWGooglePlayIntegrityAsyncTask;->sContext:Landroid/content/Context;
com.activision.game.DWGooglePlayIntegrityAsyncTask	lambda$performTask$0	private,static	0	other	.registers 4
com.activision.game.DWGooglePlayIntegrityAsyncTask	lambda$performTask$0	private,static	1	inv	virtual|None|v3|Ld4/i;|m||Z
com.activision.game.DWGooglePlayIntegrityAsyncTask	lambda$performTask$0	private,static	2	inv	virtual|None|v3|Ld4/i;|i||Ljava/lang/Object;
com.activision.game.DWGooglePlayIntegrityAsyncTask	lambda$performTask$0	private,static	3	ccast	3|Le4/d;
com.activision.game.DWGooglePlayIntegrityAsyncTask	lambda$performTask$0	private,static	4	ccast	2|Lcom/activision/game/DWGooglePlayIntegrityJNIHelper$a;
com.activision.game.DWGooglePlayIntegrityAsyncTask	lambda$performTask$0	private,static	5	other	iget-object v2, v2, v4458, Lcom/activision/game/DWGooglePlayIntegrityJNIHelper$a;->a:Lcom/activision/game/DWGooglePlayIntegrityJNIHelper;
com.activision.game.DWGooglePlayIntegrityAsyncTask	lambda$performTask$0	private,static	6	inv	static|None|v2, v0|Lcom/activision/game/DWGooglePlayIntegrityJNIHelper;|access$002|BB|Z
com.activision.game.DWGooglePlayIntegrityAsyncTask	lambda$performTask$0	private,static	7	inv	static|None|v2, v3|Lcom/activision/game/DWGooglePlayIntegrityJNIHelper;|access$102|Landroid/adservices/measurement/MeasurementManager;La0/b$a;|Le4/d;
com.activision.game.DWGooglePlayIntegrityAsyncTask	lambda$performTask$0	private,static	8	inv	virtual|None|v3|Ld4/i;|h||Ljava/lang/Exception;
com.activision.game.DWGooglePlayIntegrityAsyncTask	lambda$performTask$0	private,static	9	ccast	0|Le4/b;
com.activision.game.DWGooglePlayIntegrityAsyncTask	lambda$performTask$0	private,static	10	new	3|Lcom/activision/game/DWGooglePlayIntegrityException;
com.activision.game.DWGooglePlayIntegrityAsyncTask	lambda$performTask$0	private,static	11	inv	virtual|None|v0|Ljava/lang/Throwable;|getMessage||Ljava/lang/String;
com.activision.game.DWGooglePlayIntegrityAsyncTask	lambda$performTask$0	private,static	12	other	iget-object v0, v0, v13927, Lf3/b;->b:Lcom/google/android/gms/common/api/Status;
com.activision.game.DWGooglePlayIntegrityAsyncTask	lambda$performTask$0	private,static	13	other	invoke-direct {v3, v1, v0}, Lcom/activision/game/DWGooglePlayIntegrityException;-><init>(BB)V
com.activision.game.DWGooglePlayIntegrityAsyncTask	lambda$performTask$0	private,static	14	ccast	2|Lcom/activision/game/DWGooglePlayIntegrityJNIHelper$a;
com.activision.game.DWGooglePlayIntegrityAsyncTask	lambda$performTask$0	private,static	15	inv	virtual|None|v2, v3|Lcom/activision/game/DWGooglePlayIntegrityJNIHelper$a;|a|Lcom/activision/game/DWGooglePlayIntegrityException;|V
com.activision.game.DWGooglePlayIntegrityAsyncTask	lambda$performTask$0	private,static	16	new	0|Lcom/activision/game/DWGooglePlayIntegrityException;
com.activision.game.DWGooglePlayIntegrityAsyncTask	lambda$performTask$0	private,static	17	inv	virtual|None|v3|Ld4/i;|h||Ljava/lang/Exception;
com.activision.game.DWGooglePlayIntegrityAsyncTask	lambda$performTask$0	private,static	18	inv	virtual|None|v3|Ljava/lang/Throwable;|getMessage||Ljava/lang/String;
com.activision.game.DWGooglePlayIntegrityAsyncTask	lambda$performTask$0	private,static	19	other	invoke-direct {v0, v3, v1}, Lcom/activision/game/DWGooglePlayIntegrityException;-><init>(BB)V
com.activision.game.DWGooglePlayIntegrityAsyncTask	lambda$performTask$0	private,static	20	ccast	2|Lcom/activision/game/DWGooglePlayIntegrityJNIHelper$a;
com.activision.game.DWGooglePlayIntegrityAsyncTask	lambda$performTask$0	private,static	21	inv	virtual|None|v2, v0|Lcom/activision/game/DWGooglePlayIntegrityJNIHelper$a;|a|Lcom/activision/game/DWGooglePlayIntegrityException;|V
com.activision.game.DWGooglePlayIntegrityAsyncTask	lambda$performTask$0	private,static	22	new	0|Lcom/activision/game/DWGooglePlayIntegrityException;
com.activision.game.DWGooglePlayIntegrityAsyncTask	lambda$performTask$0	private,static	23	inv	virtual|None|v3|Ld4/i;|h||Ljava/lang/Exception;
com.activision.game.DWGooglePlayIntegrityAsyncTask	lambda$performTask$0	private,static	24	inv	virtual|None|v3|Ljava/lang/Throwable;|getMessage||Ljava/lang/String;
com.activision.game.DWGooglePlayIntegrityAsyncTask	lambda$performTask$0	private,static	25	other	invoke-direct {v0, v3, v1}, Lcom/activision/game/DWGooglePlayIntegrityException;-><init>(BB)V
com.activision.game.DWGooglePlayIntegrityAsyncTask	lambda$performTask$0	private,static	26	new	0|Lcom/activision/game/DWGooglePlayIntegrityException;
com.activision.game.DWGooglePlayIntegrityAsyncTask	lambda$performTask$0	private,static	27	inv	virtual|None|v3|Ld4/i;|h||Ljava/lang/Exception;
com.activision.game.DWGooglePlayIntegrityAsyncTask	lambda$performTask$0	private,static	28	inv	virtual|None|v3|Ljava/lang/Throwable;|getMessage||Ljava/lang/String;
com.activision.game.DWGooglePlayIntegrityAsyncTask	lambda$performTask$0	private,static	29	other	invoke-direct {v0, v3, v1}, Lcom/activision/game/DWGooglePlayIntegrityException;-><init>(BB)V
com.activision.game.DWGooglePlayIntegrityAsyncTask	performTask	public,static	0	other	.registers 4
com.activision.game.DWGooglePlayIntegrityAsyncTask	performTask	public,static	1	sget	0|Lcom/activision/game/DWGooglePlayIntegrityAsyncTask;|sContext|Landroid/content/Context;
com.activision.game.DWGooglePlayIntegrityAsyncTask	performTask	public,static	2	inv	static|None|v0|Le4/h;|a|Landroid/content/Context;|Le4/a;
com.activision.game.DWGooglePlayIntegrityAsyncTask	performTask	public,static	3	new	1|Le4/e;
com.activision.game.DWGooglePlayIntegrityAsyncTask	performTask	public,static	4	other	invoke-direct {v1, v2}, Le4/e;-><init>(Ljava/lang/String;)V
com.activision.game.DWGooglePlayIntegrityAsyncTask	performTask	public,static	5	inv	interface|None|v0, v1|Le4/a;|a|Le4/e;|Ld4/v;
com.activision.game.DWGooglePlayIntegrityAsyncTask	performTask	public,static	6	new	0|Lbo/app/p7;
com.activision.game.DWGooglePlayIntegrityAsyncTask	performTask	public,static	7	other	invoke-direct {v0, v1, v3}, Lbo/app/p7;-><init>(BB)V
com.activision.game.DWGooglePlayIntegrityAsyncTask	performTask	public,static	8	inv	virtual|None|v2, v0|Ld4/v;|b|Ld4/d;|V
com.activision.game.DWGooglePlayIntegrityAsyncTask	performTask	public,static	9	new	2|Ljava/lang/NullPointerException;
com.activision.game.DWGooglePlayIntegrityAsyncTask	performTask	public,static	10	cstr	3|Null nonce
com.activision.game.DWGooglePlayIntegrityAsyncTask	performTask	public,static	11	other	invoke-direct {v2, v3}, Ljava/lang/NullPointerException;-><init>(Ljava/lang/String;)V
com.activision.game.DWGooglePlayIntegrityException	<init>		0	other	.registers 2
com.activision.game.DWGooglePlayIntegrityException	<init>		1	other	invoke-direct {v0, v1}, Ljava/lang/Exception;-><init>(Ljava/lang/String;)V
com.activision.game.DWGooglePlayIntegrityException	<init>		0	other	.registers 3
com.activision.game.DWGooglePlayIntegrityException	<init>		1	other	invoke-direct {v0, v1}, Ljava/lang/Exception;-><init>(Ljava/lang/String;)V
com.activision.game.DWGooglePlayIntegrityException	getErrorCode	public	0	other	.registers 1
com.activision.game.DWGooglePlayIntegrityJNIHelper$a	<init>		0	other	.registers 2
com.activision.game.DWGooglePlayIntegrityJNIHelper$a	<init>		1	other	iput-object v1, v0, v4458, Lcom/activision/game/DWGooglePlayIntegrityJNIHelper$a;->a:Lcom/activision/game/DWGooglePlayIntegrityJNIHelper;
com.activision.game.DWGooglePlayIntegrityJNIHelper$a	<init>		2	other	invoke-direct {v0}, Ljava/lang/Object;-><init>()V
com.activision.game.DWGooglePlayIntegrityJNIHelper$a	a	public	0	other	.registers 3
com.activision.game.DWGooglePlayIntegrityJNIHelper$a	a	public	1	other	iget-object v1, v1, v4458, Lcom/activision/game/DWGooglePlayIntegrityJNIHelper$a;->a:Lcom/activision/game/DWGooglePlayIntegrityJNIHelper;
com.activision.game.DWGooglePlayIntegrityJNIHelper$a	a	public	2	inv	static|None|v1, v0|Lcom/activision/game/DWGooglePlayIntegrityJNIHelper;|access$002|BB|Z
com.activision.game.DWGooglePlayIntegrityJNIHelper$a	a	public	3	inv	static|None|v1, v2|Lcom/activision/game/DWGooglePlayIntegrityJNIHelper;|access$202|Landroid/adservices/measurement/MeasurementManager;La0/b$a;|Lcom/activision/game/DWGooglePlayIntegrityException;
com.activision.game.DWGooglePlayIntegrityJNIHelper	<init>		0	other	.registers 4
com.activision.game.DWGooglePlayIntegrityJNIHelper	<init>		1	other	invoke-direct {v3}, Ljava/lang/Object;-><init>()V
com.activision.game.DWGooglePlayIntegrityJNIHelper	<init>		2	new	0|Lcom/activision/game/DWGooglePlayIntegrityAsyncTask;
com.activision.game.DWGooglePlayIntegrityJNIHelper	<init>		3	other	invoke-direct {v0}, Lcom/activision/game/DWGooglePlayIntegrityAsyncTask;-><init>()V
com.activision.game.DWGooglePlayIntegrityJNIHelper	<init>		4	other	iput-object v0, v3, v4463, Lcom/activision/game/DWGooglePlayIntegrityJNIHelper;->playIntegrityAsyncTask:Lcom/activision/game/DWGooglePlayIntegrityAsyncTask;
com.activision.game.DWGooglePlayIntegrityJNIHelper	<init>		5	other	iput-object v0, v3, v4461, Lcom/activision/game/DWGooglePlayIntegrityJNIHelper;->integrityTaskResponse:Le4/d;
com.activision.game.DWGooglePlayIntegrityJNIHelper	<init>		6	new	0|Lcom/activision/game/DWGooglePlayIntegrityException;
com.activision.game.DWGooglePlayIntegrityJNIHelper	<init>		7	cstr	1|DWGooglePlayIntegrityJNIHelper never got call back to listener `onError` implemenation to get actual async error context.
com.activision.game.DWGooglePlayIntegrityJNIHelper	<init>		8	other	invoke-direct {v0, v1, v2}, Lcom/activision/game/DWGooglePlayIntegrityException;-><init>(BB)V
com.activision.game.DWGooglePlayIntegrityJNIHelper	<init>		9	other	iput-object v0, v3, v4460, Lcom/activision/game/DWGooglePlayIntegrityJNIHelper;->exceptionRef:Lcom/activision/game/DWGooglePlayIntegrityException;
com.activision.game.DWGooglePlayIntegrityJNIHelper	access$002	public,static	0	other	.registers 2
com.activision.game.DWGooglePlayIntegrityJNIHelper	access$102	public,static	0	other	.registers 2
com.activision.game.DWGooglePlayIntegrityJNIHelper	access$102	public,static	1	other	iput-object v1, v0, v4461, Lcom/activision/game/DWGooglePlayIntegrityJNIHelper;->integrityTaskResponse:Le4/d;
com.activision.game.DWGooglePlayIntegrityJNIHelper	access$202	public,static	0	other	.registers 2
com.activision.game.DWGooglePlayIntegrityJNIHelper	access$202	public,static	1	other	iput-object v1, v0, v4460, Lcom/activision/game/DWGooglePlayIntegrityJNIHelper;->exceptionRef:Lcom/activision/game/DWGooglePlayIntegrityException;
com.activision.game.DWGooglePlayIntegrityJNIHelper	getIntegrityToken	public	0	other	.registers 2
com.activision.game.DWGooglePlayIntegrityJNIHelper	getIntegrityToken	public	1	other	iget-object v0, v1, v4461, Lcom/activision/game/DWGooglePlayIntegrityJNIHelper;->integrityTaskResponse:Le4/d;
com.activision.game.DWGooglePlayIntegrityJNIHelper	getIntegrityToken	public	2	inv	virtual|None|v0|Le4/d;|a||Ljava/lang/String;
com.activision.game.DWGooglePlayIntegrityJNIHelper	getIntegrityToken	public	3	other	iget-object v1, v1, v4460, Lcom/activision/game/DWGooglePlayIntegrityJNIHelper;->exceptionRef:Lcom/activision/game/DWGooglePlayIntegrityException;
com.activision.game.DWGooglePlayIntegrityJNIHelper	isTaskComplete	public	0	other	.registers 1
com.activision.game.DWGooglePlayIntegrityJNIHelper	startTask	public	0	other	.registers 3
com.activision.game.DWGooglePlayIntegrityJNIHelper	startTask	public	1	new	0|Lcom/activision/game/DWGooglePlayIntegrityJNIHelper$a;
com.activision.game.DWGooglePlayIntegrityJNIHelper	startTask	public	2	other	invoke-direct {v0, v1}, Lcom/activision/game/DWGooglePlayIntegrityJNIHelper$a;-><init>(Lcom/activision/game/DWGooglePlayIntegrityJNIHelper;)V
com.activision.game.DWGooglePlayIntegrityJNIHelper	startTask	public	3	inv	static|None|v2, v0|Lcom/activision/game/DWGooglePlayIntegrityAsyncTask;|performTask|Landroid/app/NotificationChannel;La3/b;|V
com.activision.game.FirebaseWrapper	<init>		0	other	.registers 6
com.activision.game.FirebaseWrapper	<init>		1	other	invoke-direct {v4}, Ljava/lang/Object;-><init>()V
com.activision.game.FirebaseWrapper	<init>		2	cstr	0|
com.activision.game.FirebaseWrapper	<init>		3	other	iput-object v0, v4, v4464, Lcom/activision/game/FirebaseWrapper;->a:Ljava/lang/String;
com.activision.game.FirebaseWrapper	<init>		4	inv	static|None|v5|Lo4/e;|e|Landroid/content/Context;|Lo4/e;
com.activision.game.FirebaseWrapper	<init>		5	inv	static|None|v5|Lcom/google/firebase/analytics/FirebaseAnalytics;|getInstance|Landroid/content/Context;|Lcom/google/firebase/analytics/FirebaseAnalytics;
com.activision.game.FirebaseWrapper	<init>		6	other	sput-object v4, Lcom/activision/game/FirebaseWrapper;->b:Lcom/google/firebase/analytics/FirebaseAnalytics;
com.activision.game.FirebaseWrapper	<init>		7	inv	virtual|None|v5|Landroid/content/Context;|getResources||Landroid/content/res/Resources;
com.activision.game.FirebaseWrapper	<init>		8	new	0|Landroid/app/NotificationChannel;
com.activision.game.FirebaseWrapper	<init>		9	inv	virtual|None|v4, v1|Landroid/content/res/Resources;|getString|I|Ljava/lang/String;
com.activision.game.FirebaseWrapper	<init>		10	inv	virtual|None|v4, v2|Landroid/content/res/Resources;|getString|I|Ljava/lang/String;
com.activision.game.FirebaseWrapper	<init>		11	other	invoke-direct {v0, v1, v2, v3}, Landroid/app/NotificationChannel;-><init>(BBB)V
com.activision.game.FirebaseWrapper	<init>		12	inv	virtual|None|v4, v1|Landroid/content/res/Resources;|getString|I|Ljava/lang/String;
com.activision.game.FirebaseWrapper	<init>		13	inv	virtual|None|v0, v4|Landroid/app/NotificationChannel;|setDescription|Ljava/lang/String;|V
com.activision.game.FirebaseWrapper	<init>		14	cstr	4|notification
com.activision.game.FirebaseWrapper	<init>		15	inv	virtual|None|v5, v4|Landroid/app/Activity;|getSystemService|Ljava/lang/String;|Ljava/lang/Object;
com.activision.game.FirebaseWrapper	<init>		16	ccast	4|Landroid/app/NotificationManager;
com.activision.game.FirebaseWrapper	<init>		17	inv	virtual|None|v4, v0|Landroid/app/NotificationManager;|createNotificationChannel|Landroid/app/NotificationChannel;|V
com.activision.game.FirebaseWrapper	getStringToken	public	0	other	.registers 1
com.activision.game.FirebaseWrapper	getStringToken	public	1	other	iget-object v0, v0, v4464, Lcom/activision/game/FirebaseWrapper;->a:Ljava/lang/String;
com.activision.game.FirebaseWrapper	logEvent	public	0	other	.registers 10
com.activision.game.FirebaseWrapper	logEvent	public	1	new	7|Ljava/lang/StringBuilder;
com.activision.game.FirebaseWrapper	logEvent	public	2	cstr	0|logEvent: 
com.activision.game.FirebaseWrapper	logEvent	public	3	other	invoke-direct {v7, v0}, Ljava/lang/StringBuilder;-><init>(Ljava/lang/String;)V
com.activision.game.FirebaseWrapper	logEvent	public	4	inv	virtual|None|v7, v8|Ljava/lang/StringBuilder;|append|Ljava/lang/String;|Ljava/lang/StringBuilder;
com.activision.game.FirebaseWrapper	logEvent	public	5	cstr	0|, params: 
com.activision.game.FirebaseWrapper	logEvent	public	6	inv	virtual|None|v7, v0|Ljava/lang/StringBuilder;|append|Ljava/lang/String;|Ljava/lang/StringBuilder;
com.activision.game.FirebaseWrapper	logEvent	public	7	inv	static|None|v9|Ljava/util/Arrays;|toString|[Ljava/lang/Object;|Ljava/lang/String;
com.activision.game.FirebaseWrapper	logEvent	public	8	inv	virtual|None|v7, v0|Ljava/lang/StringBuilder;|append|Ljava/lang/String;|Ljava/lang/StringBuilder;
com.activision.game.FirebaseWrapper	logEvent	public	9	inv	virtual|None|v7|Ljava/lang/StringBuilder;|toString||Ljava/lang/String;
com.activision.game.FirebaseWrapper	logEvent	public	10	cstr	0|FirebaseWrapper
com.activision.game.FirebaseWrapper	logEvent	public	11	inv	static|None|v0, v7|Landroid/util/Log;|d|Landroid/app/NotificationChannel;La3/b;|I
com.activision.game.FirebaseWrapper	logEvent	public	12	new	5|Landroid/os/Bundle;
com.activision.game.FirebaseWrapper	logEvent	public	13	other	invoke-direct {v5}, Landroid/os/Bundle;-><init>()V
com.activision.game.FirebaseWrapper	logEvent	public	14	inv	interface|None|v1|Ljava/util/Map$Entry;|getValue||Ljava/lang/Object;
com.activision.game.FirebaseWrapper	logEvent	public	15	inv	interface|None|v1|Ljava/util/Map$Entry;|getKey||Ljava/lang/Object;
com.activision.game.FirebaseWrapper	logEvent	public	16	ccast	2|Ljava/lang/String;
com.activision.game.FirebaseWrapper	logEvent	public	17	inv	interface|None|v1|Ljava/util/Map$Entry;|getValue||Ljava/lang/Object;
com.activision.game.FirebaseWrapper	logEvent	public	18	ccast	1|Ljava/lang/String;
com.activision.game.FirebaseWrapper	logEvent	public	19	inv	virtual|None|v5, v2, v1|Landroid/os/BaseBundle;|putString|Landroid/app/NotificationChannel;La3/b;|V
com.activision.game.FirebaseWrapper	logEvent	public	20	inv	interface|None|v1|Ljava/util/Map$Entry;|getValue||Ljava/lang/Object;
com.activision.game.FirebaseWrapper	logEvent	public	21	inv	interface|None|v1|Ljava/util/Map$Entry;|getKey||Ljava/lang/Object;
com.activision.game.FirebaseWrapper	logEvent	public	22	ccast	2|Ljava/lang/String;
com.activision.game.FirebaseWrapper	logEvent	public	23	inv	interface|None|v1|Ljava/util/Map$Entry;|getValue||Ljava/lang/Object;
com.activision.game.FirebaseWrapper	logEvent	public	24	ccast	1|Ljava/lang/Integer;
com.activision.game.FirebaseWrapper	logEvent	public	25	inv	virtual|None|v1|Ljava/lang/Integer;|intValue||I
com.activision.game.FirebaseWrapper	logEvent	public	26	inv	virtual|None|v5, v2, v1|Landroid/os/BaseBundle;|putInt|BB|V
com.activision.game.FirebaseWrapper	logEvent	public	27	inv	interface|None|v1|Ljava/util/Map$Entry;|getValue||Ljava/lang/Object;
com.activision.game.FirebaseWrapper	logEvent	public	28	inv	interface|None|v1|Ljava/util/Map$Entry;|getKey||Ljava/lang/Object;
com.activision.game.FirebaseWrapper	logEvent	public	29	ccast	2|Ljava/lang/String;
com.activision.game.FirebaseWrapper	logEvent	public	30	inv	interface|None|v1|Ljava/util/Map$Entry;|getValue||Ljava/lang/Object;
com.activision.game.FirebaseWrapper	logEvent	public	31	ccast	1|Ljava/lang/Float;
com.activision.game.FirebaseWrapper	logEvent	public	32	inv	virtual|None|v1|Ljava/lang/Float;|floatValue||F
com.activision.game.FirebaseWrapper	logEvent	public	33	inv	virtual|None|v5, v2, v1|Landroid/os/Bundle;|putFloat|BB|V
com.activision.game.FirebaseWrapper	logEvent	public	34	sget	7|Lcom/activision/game/FirebaseWrapper;|b|Lcom/google/firebase/analytics/FirebaseAnalytics;
com.activision.game.FirebaseWrapper	logEvent	public	35	other	iget-object v7, v7, v13163, Lcom/google/firebase/analytics/FirebaseAnalytics;->a:Lcom/google/android/gms/internal/measurement/j1;
com.activision.game.FirebaseWrapper	logEvent	public	36	inv	virtual|None|v7|Ljava/lang/Object;|getClass||Ljava/lang/Class;
com.activision.game.FirebaseWrapper	logEvent	public	37	new	9|Lcom/google/android/gms/internal/measurement/c2;
com.activision.game.FirebaseWrapper	logEvent	public	38	other	invoke-direct/range {v1, v2, v3, v4, v5, v6}, Lcom/google/android/gms/internal/measurement/c2;-><init>(BBBLbo/app/u6$g;Landroid/app/NotificationChannel;)V
com.activision.game.FirebaseWrapper	logEvent	public	39	inv	virtual|None|v7, v9|Lcom/google/android/gms/internal/measurement/j1;|b|Lcom/google/android/gms/internal/measurement/j1$a;|V
com.activision.game.FirebaseWrapper	requestToken	public	0	other	.registers 5
com.activision.game.FirebaseWrapper	requestToken	public	1	inv	static|None||Lcom/google/firebase/messaging/FirebaseMessaging;|getInstance||Lcom/google/firebase/messaging/FirebaseMessaging;
com.activision.game.FirebaseWrapper	requestToken	public	2	inv	virtual|None|v0|Lcom/google/firebase/messaging/FirebaseMessaging;|getToken||Ld4/i;
com.activision.game.FirebaseWrapper	requestToken	public	3	new	1|Ly1/k;
com.activision.game.FirebaseWrapper	requestToken	public	4	other	invoke-direct {v1, v2, v3, v4}, Ly1/k;-><init>(BB)V
com.activision.game.FirebaseWrapper	requestToken	public	5	inv	virtual|None|v0, v1|Ld4/i;|b|Ld4/d;|V
com.activision.game.GameApplication$a	<init>		0	other	.registers 1
com.activision.game.GameApplication$a	<init>		1	other	invoke-direct {v0}, Ljava/lang/Object;-><init>()V
com.activision.game.GameApplication$a	a	public	0	other	.registers 2
com.activision.game.GameApplication	<clinit>		0	other	.registers 1
com.activision.game.GameApplication	<clinit>		1	cstr	0|vmpc
com.activision.game.GameApplication	<clinit>		2	inv	static|None|v0|Ljava/lang/System;|loadLibrary|Ljava/lang/String;|V
com.activision.game.GameApplication	<init>		0	other	.registers 1
com.activision.game.GameApplication	<init>		1	other	invoke-direct {v0}, Landroid/app/Application;-><init>()V
com.activision.game.GameApplication	a	public,static	0	other	.registers 2
com.activision.game.GameApplication	a	public,static	1	inv	static|None|v0, v1|Lcom/activision/game/GameApplication;|nativeConsoleLog|Landroid/app/NotificationChannel;La3/b;|V
com.activision.game.GameApplication	b	public,static	0	other	.registers 2
com.activision.game.GameApplication	b	public,static	1	cstr	0|MainActivity
com.activision.game.GameApplication	b	public,static	2	inv	static|None|v0, v1|Landroid/util/Log;|d|Landroid/app/NotificationChannel;La3/b;|I
com.activision.game.GameApplication	c	public,static	0	other	.registers 2
com.activision.game.GameApplication	c	public,static	1	cstr	0|MainActivity
com.activision.game.GameApplication	c	public,static	2	inv	static|None|v0, v1|Landroid/util/Log;|e|Landroid/app/NotificationChannel;La3/b;|I
com.activision.game.GameApplication	onCreate	public	0	other	.registers 6
com.activision.game.GameApplication	onCreate	public	1	inv	super|None|v5|Landroid/app/Application;|onCreate||V
com.activision.game.GameApplication	onCreate	public	2	inv	virtual|None|v5|Landroid/content/Context;|getApplicationContext||Landroid/content/Context;
com.activision.game.GameApplication	onCreate	public	3	other	sput-object v0, Lcom/activision/game/GameApplication;->c:Landroid/content/Context;
com.activision.game.GameApplication	onCreate	public	4	new	0|Lcom/activision/game/GameApplication$a;
com.activision.game.GameApplication	onCreate	public	5	other	invoke-direct {v0}, Lcom/activision/game/GameApplication$a;-><init>()V
com.activision.game.GameApplication	onCreate	public	6	new	1|Lx1/b;
com.activision.game.GameApplication	onCreate	public	7	other	invoke-direct {v1}, Lx1/b;-><init>()V
com.activision.game.GameApplication	onCreate	public	8	other	sput-object v1, Lcom/activision/game/GameApplication;->b:Lx1/b;
com.activision.game.GameApplication	onCreate	public	9	other	iput-object v0, v1, v17054, Lx1/b;->b:Lx1/b$e;
com.activision.game.GameApplication	onCreate	public	10	other	sput-object v5, Lcom/activision/game/AppsFlyerWrapper;->a:Landroid/content/Context;
com.activision.game.GameApplication	onCreate	public	11	inv	static|None||Lcom/appsflyer/AppsFlyerLib;|getInstance||Lcom/appsflyer/AppsFlyerLib;
com.activision.game.GameApplication	onCreate	public	12	cstr	1|com.activision.callofduty.warzone
com.activision.game.GameApplication	onCreate	public	13	inv	virtual|None|v0, v1|Lcom/appsflyer/AppsFlyerLib;|setAppId|Ljava/lang/String;|V
com.activision.game.GameApplication	onCreate	public	14	sget	1|Lcom/activision/game/AppsFlyerWrapper;|a|Landroid/content/Context;
com.activision.game.GameApplication	onCreate	public	15	cstr	3|S7oHMwdvL5a7fS765oDJaD
com.activision.game.GameApplication	onCreate	public	16	inv	virtual|None|v0, v3, v4, v1|Lcom/appsflyer/AppsFlyerLib;|init|Landroid/app/NotificationChannel;La3/b;La6/a;|Lcom/appsflyer/AppsFlyerLib;
com.activision.game.GameApplication	onCreate	public	17	new	1|Lc0/b;
com.activision.game.GameApplication	onCreate	public	18	other	invoke-direct {v1, v2}, Lc0/b;-><init>(I)V
com.activision.game.GameApplication	onCreate	public	19	inv	virtual|None|v0, v1|Lcom/appsflyer/AppsFlyerLib;|subscribeForDeepLink|Lcom/appsflyer/deeplink/DeepLinkListener;|V
com.activision.game.GameApplication	onCreate	public	20	new	0|Ljava/util/HashMap;
com.activision.game.GameApplication	onCreate	public	21	other	invoke-direct {v0}, Ljava/util/HashMap;-><init>()V
com.activision.game.GameApplication	onCreate	public	22	inv	static|None|v1|Ljava/lang/Integer;|valueOf|I|Ljava/lang/Integer;
com.activision.game.GameApplication	onCreate	public	23	cstr	2|screenOrientation
com.activision.game.GameApplication	onCreate	public	24	inv	virtual|None|v0, v2, v1|Ljava/util/HashMap;|put|Landroid/app/KeyguardManager;La3/b;|Ljava/lang/Object;
com.activision.game.GameApplication	onCreate	public	25	inv	static|None|v5, v0|Lm5/f;|b|BB|V
com.activision.game.GameApplication	onCreate	public	26	cstr	0|Helpshift
com.activision.game.GameApplication	onCreate	public	27	cstr	1|Either Android OS version is not supported or any parameter used in install is not valid
com.activision.game.GameApplication	onCreate	public	28	inv	static|None|v0, v1|Landroid/util/Log;|d|Landroid/app/NotificationChannel;La3/b;|I
com.activision.game.GameApplication	onCreate	public	29	other	sput-object v5, Lcom/activision/game/DWGooglePlayIntegrity;->a:Landroid/content/Context;
com.activision.game.GameApplication	onCreate	public	30	inv	static|None|v5|Lcom/activision/game/DWGooglePlayIntegrityAsyncTask;|initialize|Landroid/content/Context;|V
com.activision.game.GooglePlayStore$a	<init>		0	other	.registers 2
com.activision.game.GooglePlayStore$a	<init>		1	other	iput-object v1, v0, v4468, Lcom/activision/game/GooglePlayStore$a;->b:Lcom/activision/game/GooglePlayStore;
com.activision.game.GooglePlayStore$a	<init>		2	other	invoke-direct {v0}, Ljava/lang/Object;-><init>()V
com.activision.game.GooglePlayStore$a	onBillingServiceDisconnected	public	0	other	.registers 3
com.activision.game.GooglePlayStore$a	onBillingServiceDisconnected	public	1	other	iget-object v2, v2, v4468, Lcom/activision/game/GooglePlayStore$a;->b:Lcom/activision/game/GooglePlayStore;
com.activision.game.GooglePlayStore$a	onBillingServiceDisconnected	public	2	inv	static|None|v2, v0, v1|Lcom/activision/game/GooglePlayStore;|f|BB|V
com.activision.game.GooglePlayStore$a	onBillingSetupFinished	public	0	other	.registers 5
com.activision.game.GooglePlayStore$a	onBillingSetupFinished	public	1	inv	virtual|None|v4|Lcom/android/billingclient/api/BillingResult;|getResponseCode||I
com.activision.game.GooglePlayStore$a	onBillingSetupFinished	public	2	other	iget-object v3, v3, v4468, Lcom/activision/game/GooglePlayStore$a;->b:Lcom/activision/game/GooglePlayStore;
com.activision.game.GooglePlayStore$a	onBillingSetupFinished	public	3	other	iget-object v4, v3, v4471, Lcom/activision/game/GooglePlayStore;->d:Lcom/android/billingclient/api/BillingClient;
com.activision.game.GooglePlayStore$a	onBillingSetupFinished	public	4	cstr	0|fff
com.activision.game.GooglePlayStore$a	onBillingSetupFinished	public	5	inv	virtual|None|v4, v0|Lcom/android/billingclient/api/BillingClient;|isFeatureSupported|Ljava/lang/String;|Lcom/android/billingclient/api/BillingResult;
com.activision.game.GooglePlayStore$a	onBillingSetupFinished	public	6	inv	virtual|None|v4|Lcom/android/billingclient/api/BillingResult;|getResponseCode||I
com.activision.game.GooglePlayStore$a	onBillingSetupFinished	public	7	inv	static|None|v3, v0, v1|Lcom/activision/game/GooglePlayStore;|d|BB|V
com.activision.game.GooglePlayStore$a	onBillingSetupFinished	public	8	inv	virtual|None|v4|Lcom/android/billingclient/api/BillingResult;|getResponseCode||I
com.activision.game.GooglePlayStore$a	onBillingSetupFinished	public	9	inv	virtual|None|v4|Lcom/android/billingclient/api/BillingResult;|getResponseCode||I
com.activision.game.GooglePlayStore$a	onBillingSetupFinished	public	10	inv	virtual|None|v4|Lcom/android/billingclient/api/BillingResult;|getDebugMessage||Ljava/lang/String;
com.activision.game.GooglePlayStore$a	onBillingSetupFinished	public	11	inv	static|None|v3, v0, v1, v2, v4|Lcom/activision/game/GooglePlayStore;|e|BBBLandroid/animation/AnimatorInflater;|V
com.activision.game.GooglePlayStore	<init>		0	other	.registers 5
com.activision.game.GooglePlayStore	<init>		1	other	invoke-direct {v1}, Ljava/lang/Object;-><init>()V
com.activision.game.GooglePlayStore	<init>		2	other	iput-object v2, v1, v4469, Lcom/activision/game/GooglePlayStore;->b:Landroid/app/Activity;
com.activision.game.GooglePlayStore	<init>		3	inv	static|None|v2|Lcom/android/billingclient/api/BillingClient;|newBuilder|Landroid/content/Context;|Lcom/android/billingclient/api/BillingClient$Builder;
com.activision.game.GooglePlayStore	<init>		4	inv	virtual|None|v2, v1|Lcom/android/billingclient/api/BillingClient$Builder;|setListener|Lcom/android/billingclient/api/PurchasesUpdatedListener;|Lcom/android/billingclient/api/BillingClient$Builder;
com.activision.game.GooglePlayStore	<init>		5	inv	virtual|None|v2|Lcom/android/billingclient/api/BillingClient$Builder;|enablePendingPurchases||Lcom/android/billingclient/api/BillingClient$Builder;
com.activision.game.GooglePlayStore	<init>		6	inv	virtual|None|v2|Lcom/android/billingclient/api/BillingClient$Builder;|build||Lcom/android/billingclient/api/BillingClient;
com.activision.game.GooglePlayStore	<init>		7	other	iput-object v2, v1, v4471, Lcom/activision/game/GooglePlayStore;->d:Lcom/android/billingclient/api/BillingClient;
com.activision.game.GooglePlayStore	<init>		8	new	2|Ljava/util/HashMap;
com.activision.game.GooglePlayStore	<init>		9	other	invoke-direct {v2}, Ljava/util/HashMap;-><init>()V
com.activision.game.GooglePlayStore	<init>		10	other	iput-object v2, v1, v4473, Lcom/activision/game/GooglePlayStore;->f:Ljava/util/HashMap;
com.activision.game.GooglePlayStore	<init>		11	new	2|Ljava/util/HashMap;
com.activision.game.GooglePlayStore	<init>		12	other	invoke-direct {v2}, Ljava/util/HashMap;-><init>()V
com.activision.game.GooglePlayStore	<init>		13	other	iput-object v2, v1, v4474, Lcom/activision/game/GooglePlayStore;->g:Ljava/util/HashMap;
com.activision.game.GooglePlayStore	<init>		14	new	2|Ljava/util/HashMap;
com.activision.game.GooglePlayStore	<init>		15	other	invoke-direct {v2}, Ljava/util/HashMap;-><init>()V
com.activision.game.GooglePlayStore	<init>		16	other	iput-object v2, v1, v4475, Lcom/activision/game/GooglePlayStore;->h:Ljava/util/HashMap;
com.activision.game.GooglePlayStore	a	public,static	0	other	.registers 14
com.activision.game.GooglePlayStore	a	public,static	1	other	iget-object v0, v10, v4475, Lcom/activision/game/GooglePlayStore;->h:Ljava/util/HashMap;
com.activision.game.GooglePlayStore	a	public,static	2	inv	virtual|None|v0, v13|Ljava/util/HashMap;|get|Ljava/lang/Object;|Ljava/lang/Object;
com.activision.game.GooglePlayStore	a	public,static	3	ccast	1|Ljava/lang/String;
com.activision.game.GooglePlayStore	a	public,static	4	inv	virtual|None|v12|Lcom/android/billingclient/api/BillingResult;|getResponseCode||I
com.activision.game.GooglePlayStore	a	public,static	5	inv	direct|/range|v2, v3, v4, v5, v6, v7|Lcom/activision/game/GooglePlayStore;|onConsumeSuccess|BBBJ|V
com.activision.game.GooglePlayStore	a	public,static	6	other	iget-object v10, v10, v4474, Lcom/activision/game/GooglePlayStore;->g:Ljava/util/HashMap;
com.activision.game.GooglePlayStore	a	public,static	7	inv	virtual|None|v10, v1|Ljava/util/HashMap;|remove|Ljava/lang/Object;|Ljava/lang/Object;
com.activision.game.GooglePlayStore	a	public,static	8	inv	virtual|None|v12|Lcom/android/billingclient/api/BillingResult;|getResponseCode||I
com.activision.game.GooglePlayStore	a	public,static	9	inv	virtual|None|v12|Lcom/android/billingclient/api/BillingResult;|getDebugMessage||Ljava/lang/String;
com.activision.game.GooglePlayStore	a	public,static	10	inv	direct|/range|v2, v3, v4, v5, v6, v7, v8, v9|Lcom/activision/game/GooglePlayStore;|onConsumeFailed|BBBJBLandroid/app/NotificationChannel;|V
com.activision.game.GooglePlayStore	a	public,static	11	inv	virtual|None|v0, v13|Ljava/util/HashMap;|remove|Ljava/lang/Object;|Ljava/lang/Object;
com.activision.game.GooglePlayStore	b	public,static	0	other	.registers 13
com.activision.game.GooglePlayStore	b	public,static	1	inv	virtual|None|v10|Ljava/lang/Object;|getClass||Ljava/lang/Class;
com.activision.game.GooglePlayStore	b	public,static	2	inv	virtual|None|v11|Lcom/android/billingclient/api/BillingResult;|getResponseCode||I
com.activision.game.GooglePlayStore	b	public,static	3	inv	interface|None|v12|Ljava/util/List;|iterator||Ljava/util/Iterator;
com.activision.game.GooglePlayStore	b	public,static	4	inv	interface|None|v11|Ljava/util/Iterator;|hasNext||Z
com.activision.game.GooglePlayStore	b	public,static	5	inv	interface|None|v11|Ljava/util/Iterator;|next||Ljava/lang/Object;
com.activision.game.GooglePlayStore	b	public,static	6	ccast	12|Lcom/android/billingclient/api/Purchase;
com.activision.game.GooglePlayStore	b	public,static	7	other	iget-object v0, v10, v4474, Lcom/activision/game/GooglePlayStore;->g:Ljava/util/HashMap;
com.activision.game.GooglePlayStore	b	public,static	8	inv	virtual|None|v12|Lcom/android/billingclient/api/Purchase;|getAccountIdentifiers||Lcom/android/billingclient/api/AccountIdentifiers;
com.activision.game.GooglePlayStore	b	public,static	9	inv	virtual|None|v1|Lcom/android/billingclient/api/AccountIdentifiers;|getObfuscatedAccountId||Ljava/lang/String;
com.activision.game.GooglePlayStore	b	public,static	10	inv	virtual|None|v0, v1|Ljava/util/HashMap;|containsKey|Ljava/lang/Object;|Z
com.activision.game.GooglePlayStore	b	public,static	11	inv	virtual|None|v12|Lcom/android/billingclient/api/Purchase;|getPurchaseState||I
com.activision.game.GooglePlayStore	b	public,static	12	inv	virtual|None|v12|Lcom/android/billingclient/api/Purchase;|getAccountIdentifiers||Lcom/android/billingclient/api/AccountIdentifiers;
com.activision.game.GooglePlayStore	b	public,static	13	inv	virtual|None|v11|Lcom/android/billingclient/api/AccountIdentifiers;|getObfuscatedAccountId||Ljava/lang/String;
com.activision.game.GooglePlayStore	b	public,static	14	inv	virtual|None|v12|Lcom/android/billingclient/api/Purchase;|getOrderId||Ljava/lang/String;
com.activision.game.GooglePlayStore	b	public,static	15	inv	virtual|None|v12|Lcom/android/billingclient/api/Purchase;|getProducts||Ljava/util/List;
com.activision.game.GooglePlayStore	b	public,static	16	inv	interface|None|v11, v1|Ljava/util/List;|get|I|Ljava/lang/Object;
com.activision.game.GooglePlayStore	b	public,static	17	ccast	8|Ljava/lang/String;
com.activision.game.GooglePlayStore	b	public,static	18	inv	virtual|None|v12|Lcom/android/billingclient/api/Purchase;|getPurchaseToken||Ljava/lang/String;
com.activision.game.GooglePlayStore	b	public,static	19	inv	direct|/range|v3, v4, v5, v6, v7, v8, v9|Lcom/activision/game/GooglePlayStore;|onPurchaseResumed|BBBJB|V
com.activision.game.GooglePlayStore	b	public,static	20	inv	virtual|None|v12|Lcom/android/billingclient/api/Purchase;|getPurchaseState||I
com.activision.game.GooglePlayStore	b	public,static	21	inv	virtual|None|v12|Lcom/android/billingclient/api/Purchase;|getAccountIdentifiers||Lcom/android/billingclient/api/AccountIdentifiers;
com.activision.game.GooglePlayStore	b	public,static	22	inv	virtual|None|v0|Lcom/android/billingclient/api/AccountIdentifiers;|getObfuscatedAccountId||Ljava/lang/String;
com.activision.game.GooglePlayStore	b	public,static	23	inv	virtual|None|v12|Lcom/android/billingclient/api/Purchase;|getOrderId||Ljava/lang/String;
com.activision.game.GooglePlayStore	b	public,static	24	inv	virtual|None|v12|Lcom/android/billingclient/api/Purchase;|getProducts||Ljava/util/List;
com.activision.game.GooglePlayStore	b	public,static	25	inv	interface|None|v0, v1|Ljava/util/List;|get|I|Ljava/lang/Object;
com.activision.game.GooglePlayStore	b	public,static	26	ccast	8|Ljava/lang/String;
com.activision.game.GooglePlayStore	b	public,static	27	inv	virtual|None|v12|Lcom/android/billingclient/api/Purchase;|getPurchaseToken||Ljava/lang/String;
com.activision.game.GooglePlayStore	b	public,static	28	inv	direct|/range|v3, v4, v5, v6, v7, v8, v9|Lcom/activision/game/GooglePlayStore;|onPurchasePending|BBBJB|V
com.activision.game.GooglePlayStore	b	public,static	29	inv	virtual|None|v11|Lcom/android/billingclient/api/BillingResult;|getResponseCode||I
com.activision.game.GooglePlayStore	b	public,static	30	inv	virtual|None|v11|Lcom/android/billingclient/api/BillingResult;|getDebugMessage||Ljava/lang/String;
com.activision.game.GooglePlayStore	b	public,static	31	inv	direct|None|v10, v0, v1, v12, v11|Lcom/activision/game/GooglePlayStore;|onQueryPurchasesFailed|BBB|V
com.activision.game.GooglePlayStore	c	public,static	0	other	.registers 8
com.activision.game.GooglePlayStore	c	public,static	1	inv	virtual|None|v5|Ljava/lang/Object;|getClass||Ljava/lang/Class;
com.activision.game.GooglePlayStore	c	public,static	2	inv	virtual|None|v6|Lcom/android/billingclient/api/BillingResult;|getResponseCode||I
com.activision.game.GooglePlayStore	c	public,static	3	inv	interface|None|v7|Ljava/util/List;|iterator||Ljava/util/Iterator;
com.activision.game.GooglePlayStore	c	public,static	4	inv	interface|None|v6|Ljava/util/Iterator;|hasNext||Z
com.activision.game.GooglePlayStore	c	public,static	5	inv	interface|None|v6|Ljava/util/Iterator;|next||Ljava/lang/Object;
com.activision.game.GooglePlayStore	c	public,static	6	ccast	0|Lcom/android/billingclient/api/ProductDetails;
com.activision.game.GooglePlayStore	c	public,static	7	other	iget-object v3, v5, v4473, Lcom/activision/game/GooglePlayStore;->f:Ljava/util/HashMap;
com.activision.game.GooglePlayStore	c	public,static	8	inv	virtual|None|v0|Lcom/android/billingclient/api/ProductDetails;|getProductId||Ljava/lang/String;
com.activision.game.GooglePlayStore	c	public,static	9	inv	virtual|None|v3, v4, v0|Ljava/util/HashMap;|put|Landroid/app/KeyguardManager;La3/b;|Ljava/lang/Object;
com.activision.game.GooglePlayStore	c	public,static	10	inv	interface|None|v7|Ljava/util/List;|size||I
com.activision.game.GooglePlayStore	c	public,static	11	inv	interface|None|v7, v6|Ljava/util/List;|toArray|[Ljava/lang/Object;|[Ljava/lang/Object;
com.activision.game.GooglePlayStore	c	public,static	12	other	check-cast v6, [Lcom/android/billingclient/api/ProductDetails;
com.activision.game.GooglePlayStore	c	public,static	13	inv	direct|None|v5, v1, v2, v6|Lcom/activision/game/GooglePlayStore;|onProductFetchSuccess|BB|V
com.activision.game.GooglePlayStore	c	public,static	14	inv	virtual|None|v6|Lcom/android/billingclient/api/BillingResult;|getResponseCode||I
com.activision.game.GooglePlayStore	c	public,static	15	inv	virtual|None|v6|Lcom/android/billingclient/api/BillingResult;|getDebugMessage||Ljava/lang/String;
com.activision.game.GooglePlayStore	c	public,static	16	inv	direct|None|v5, v1, v2, v7, v6|Lcom/activision/game/GooglePlayStore;|onProductFetchFailed|BBB|V
com.activision.game.GooglePlayStore	connect	private	0	other	.registers 2
com.activision.game.GooglePlayStore	connect	private	1	new	0|Lcom/activision/game/GooglePlayStore$a;
com.activision.game.GooglePlayStore	connect	private	2	other	invoke-direct {v0, v1}, Lcom/activision/game/GooglePlayStore$a;-><init>(Lcom/activision/game/GooglePlayStore;)V
com.activision.game.GooglePlayStore	connect	private	3	other	iget-object v1, v1, v4471, Lcom/activision/game/GooglePlayStore;->d:Lcom/android/billingclient/api/BillingClient;
com.activision.game.GooglePlayStore	connect	private	4	inv	virtual|None|v1, v0|Lcom/android/billingclient/api/BillingClient;|startConnection|Lcom/android/billingclient/api/BillingClientStateListener;|V
com.activision.game.GooglePlayStore	d	public,static	0	other	.registers 3
com.activision.game.GooglePlayStore	d	public,static	1	inv	direct|None|v0, v1, v2|Lcom/activision/game/GooglePlayStore;|onServiceConnectSuccess|B|V
com.activision.game.GooglePlayStore	disconnect	private	0	other	.registers 1
com.activision.game.GooglePlayStore	e	public,static	0	other	.registers 5
com.activision.game.GooglePlayStore	e	public,static	1	inv	direct|None|v0, v1, v2, v3, v4|Lcom/activision/game/GooglePlayStore;|onServiceConnectFailed|BBB|V
com.activision.game.GooglePlayStore	f	public,static	0	other	.registers 3
com.activision.game.GooglePlayStore	f	public,static	1	inv	direct|None|v0, v1, v2|Lcom/activision/game/GooglePlayStore;|onServiceDisconnected|B|V
com.activision.game.GooglePlayStore	getConnectionState	private	0	other	.registers 1
com.activision.game.GooglePlayStore	canMakePurchases	public	0	other	.registers 1
com.activision.game.GooglePlayStore	consume	public	0	other	.registers 5
com.activision.game.GooglePlayStore	consume	public	1	other	iget-object v0, v1, v4475, Lcom/activision/game/GooglePlayStore;->h:Ljava/util/HashMap;
com.activision.game.GooglePlayStore	consume	public	2	inv	virtual|None|v0, v2, v3|Ljava/util/HashMap;|put|Landroid/app/KeyguardManager;La3/b;|Ljava/lang/Object;
com.activision.game.GooglePlayStore	consume	public	3	inv	static|None||Lcom/android/billingclient/api/ConsumeParams;|newBuilder||Lcom/android/billingclient/api/ConsumeParams$Builder;
com.activision.game.GooglePlayStore	consume	public	4	inv	virtual|None|v3, v2|Lcom/android/billingclient/api/ConsumeParams$Builder;|setPurchaseToken|Ljava/lang/String;|Lcom/android/billingclient/api/ConsumeParams$Builder;
com.activision.game.GooglePlayStore	consume	public	5	inv	virtual|None|v2|Lcom/android/billingclient/api/ConsumeParams$Builder;|build||Lcom/android/billingclient/api/ConsumeParams;
com.activision.game.GooglePlayStore	consume	public	6	new	3|Ly1/l;
com.activision.game.GooglePlayStore	consume	public	7	other	invoke-direct {v3, v1, v4}, Ly1/l;-><init>(Landroid/app/KeyguardManager;La3/b;)V
com.activision.game.GooglePlayStore	consume	public	8	other	iget-object v1, v1, v4471, Lcom/activision/game/GooglePlayStore;->d:Lcom/android/billingclient/api/BillingClient;
com.activision.game.GooglePlayStore	consume	public	9	inv	virtual|None|v1, v2, v3|Lcom/android/billingclient/api/BillingClient;|consumeAsync|Landroid/app/job/JobScheduler;La0/b$a;|V
com.activision.game.GooglePlayStore	launchPurchaseFlow	public	0	other	.registers 10
com.activision.game.GooglePlayStore	launchPurchaseFlow	public	1	new	0|Ljava/util/ArrayList;
com.activision.game.GooglePlayStore	launchPurchaseFlow	public	2	other	invoke-direct {v0}, Ljava/util/ArrayList;-><init>()V
com.activision.game.GooglePlayStore	launchPurchaseFlow	public	3	other	iget-object v5, v6, v4473, Lcom/activision/game/GooglePlayStore;->f:Ljava/util/HashMap;
com.activision.game.GooglePlayStore	launchPurchaseFlow	public	4	inv	virtual|None|v5, v4|Ljava/util/HashMap;|get|Ljava/lang/Object;|Ljava/lang/Object;
com.activision.game.GooglePlayStore	launchPurchaseFlow	public	5	ccast	5|Lcom/android/billingclient/api/ProductDetails;
com.activision.game.GooglePlayStore	launchPurchaseFlow	public	6	new	6|Ljava/lang/StringBuilder;
com.activision.game.GooglePlayStore	launchPurchaseFlow	public	7	cstr	7|Failed to find product id: 
com.activision.game.GooglePlayStore	launchPurchaseFlow	public	8	other	invoke-direct {v6, v7}, Ljava/lang/StringBuilder;-><init>(Ljava/lang/String;)V
com.activision.game.GooglePlayStore	launchPurchaseFlow	public	9	inv	virtual|None|v6, v4|Ljava/lang/StringBuilder;|append|Ljava/lang/String;|Ljava/lang/StringBuilder;
com.activision.game.GooglePlayStore	launchPurchaseFlow	public	10	inv	virtual|None|v6|Ljava/lang/StringBuilder;|toString||Ljava/lang/String;
com.activision.game.GooglePlayStore	launchPurchaseFlow	public	11	cstr	7|GooglePlayStore
com.activision.game.GooglePlayStore	launchPurchaseFlow	public	12	inv	static|None|v7, v6|Landroid/util/Log;|d|Landroid/app/NotificationChannel;La3/b;|I
com.activision.game.GooglePlayStore	launchPurchaseFlow	public	13	inv	static|None||Lcom/android/billingclient/api/BillingFlowParams$ProductDetailsParams;|newBuilder||Lcom/android/billingclient/api/BillingFlowParams$ProductDetailsParams$Builder;
com.activision.game.GooglePlayStore	launchPurchaseFlow	public	14	inv	virtual|None|v4, v5|Lcom/android/billingclient/api/BillingFlowParams$ProductDetailsParams$Builder;|setProductDetails|Lcom/android/billingclient/api/ProductDetails;|Lcom/android/billingclient/api/BillingFlowParams$ProductDetailsParams$Builder;
com.activision.game.GooglePlayStore	launchPurchaseFlow	public	15	inv	virtual|None|v4|Lcom/android/billingclient/api/BillingFlowParams$ProductDetailsParams$Builder;|build||Lcom/android/billingclient/api/BillingFlowParams$ProductDetailsParams;
com.activision.game.GooglePlayStore	launchPurchaseFlow	public	16	inv	virtual|None|v0, v4|Ljava/util/ArrayList;|add|Ljava/lang/Object;|Z
com.activision.game.GooglePlayStore	launchPurchaseFlow	public	17	inv	static|None||Lcom/android/billingclient/api/BillingFlowParams;|newBuilder||Lcom/android/billingclient/api/BillingFlowParams$Builder;
com.activision.game.GooglePlayStore	launchPurchaseFlow	public	18	inv	virtual|None|v1, v0|Lcom/android/billingclient/api/BillingFlowParams$Builder;|setProductDetailsParamsList|Ljava/util/List;|Lcom/android/billingclient/api/BillingFlowParams$Builder;
com.activision.game.GooglePlayStore	launchPurchaseFlow	public	19	inv	virtual|None|v0, v8|Lcom/android/billingclient/api/BillingFlowParams$Builder;|setObfuscatedAccountId|Ljava/lang/String;|Lcom/android/billingclient/api/BillingFlowParams$Builder;
com.activision.game.GooglePlayStore	launchPurchaseFlow	public	20	inv	virtual|None|v0, v9|Lcom/android/billingclient/api/BillingFlowParams$Builder;|setIsOfferPersonalized|Z|Lcom/android/billingclient/api/BillingFlowParams$Builder;
com.activision.game.GooglePlayStore	launchPurchaseFlow	public	21	inv	virtual|None|v9|Lcom/android/billingclient/api/BillingFlowParams$Builder;|build||Lcom/android/billingclient/api/BillingFlowParams;
com.activision.game.GooglePlayStore	launchPurchaseFlow	public	22	other	iget-object v0, v6, v4474, Lcom/activision/game/GooglePlayStore;->g:Ljava/util/HashMap;
com.activision.game.GooglePlayStore	launchPurchaseFlow	public	23	inv	virtual|None|v0, v8, v7|Ljava/util/HashMap;|put|Landroid/app/KeyguardManager;La3/b;|Ljava/lang/Object;
com.activision.game.GooglePlayStore	launchPurchaseFlow	public	24	other	iget-object v7, v6, v4471, Lcom/activision/game/GooglePlayStore;->d:Lcom/android/billingclient/api/BillingClient;
com.activision.game.GooglePlayStore	launchPurchaseFlow	public	25	other	iget-object v6, v6, v4469, Lcom/activision/game/GooglePlayStore;->b:Landroid/app/Activity;
com.activision.game.GooglePlayStore	launchPurchaseFlow	public	26	inv	virtual|None|v7, v6, v9|Lcom/android/billingclient/api/BillingClient;|launchBillingFlow|BB|Lcom/android/billingclient/api/BillingResult;
com.activision.game.GooglePlayStore	onPurchasesUpdated	public	0	other	.registers 16
com.activision.game.GooglePlayStore	onPurchasesUpdated	public	1	inv	virtual|None|v14|Lcom/android/billingclient/api/BillingResult;|getResponseCode||I
com.activision.game.GooglePlayStore	onPurchasesUpdated	public	2	inv	interface|None|v15|Ljava/util/List;|iterator||Ljava/util/Iterator;
com.activision.game.GooglePlayStore	onPurchasesUpdated	public	3	inv	interface|None|v14|Ljava/util/Iterator;|hasNext||Z
com.activision.game.GooglePlayStore	onPurchasesUpdated	public	4	inv	interface|None|v14|Ljava/util/Iterator;|next||Ljava/lang/Object;
com.activision.game.GooglePlayStore	onPurchasesUpdated	public	5	ccast	15|Lcom/android/billingclient/api/Purchase;
com.activision.game.GooglePlayStore	onPurchasesUpdated	public	6	inv	virtual|None|v15|Lcom/android/billingclient/api/Purchase;|getPurchaseState||I
com.activision.game.GooglePlayStore	onPurchasesUpdated	public	7	inv	virtual|None|v15|Lcom/android/billingclient/api/Purchase;|getAccountIdentifiers||Lcom/android/billingclient/api/AccountIdentifiers;
com.activision.game.GooglePlayStore	onPurchasesUpdated	public	8	inv	virtual|None|v0|Lcom/android/billingclient/api/AccountIdentifiers;|getObfuscatedAccountId||Ljava/lang/String;
com.activision.game.GooglePlayStore	onPurchasesUpdated	public	9	inv	virtual|None|v15|Lcom/android/billingclient/api/Purchase;|getOrderId||Ljava/lang/String;
com.activision.game.GooglePlayStore	onPurchasesUpdated	public	10	inv	virtual|None|v15|Lcom/android/billingclient/api/Purchase;|getProducts||Ljava/util/List;
com.activision.game.GooglePlayStore	onPurchasesUpdated	public	11	inv	interface|None|v0, v1|Ljava/util/List;|get|I|Ljava/lang/Object;
com.activision.game.GooglePlayStore	onPurchasesUpdated	public	12	ccast	8|Ljava/lang/String;
com.activision.game.GooglePlayStore	onPurchasesUpdated	public	13	inv	virtual|None|v15|Lcom/android/billingclient/api/Purchase;|getPurchaseToken||Ljava/lang/String;
com.activision.game.GooglePlayStore	onPurchasesUpdated	public	14	inv	direct|/range|v3, v4, v5, v6, v7, v8, v9|Lcom/activision/game/GooglePlayStore;|onPurchaseSuccess|BBBJB|V
com.activision.game.GooglePlayStore	onPurchasesUpdated	public	15	inv	virtual|None|v15|Lcom/android/billingclient/api/Purchase;|getPurchaseState||I
com.activision.game.GooglePlayStore	onPurchasesUpdated	public	16	inv	virtual|None|v15|Lcom/android/billingclient/api/Purchase;|getAccountIdentifiers||Lcom/android/billingclient/api/AccountIdentifiers;
com.activision.game.GooglePlayStore	onPurchasesUpdated	public	17	inv	virtual|None|v0|Lcom/android/billingclient/api/AccountIdentifiers;|getObfuscatedAccountId||Ljava/lang/String;
com.activision.game.GooglePlayStore	onPurchasesUpdated	public	18	inv	virtual|None|v15|Lcom/android/billingclient/api/Purchase;|getOrderId||Ljava/lang/String;
com.activision.game.GooglePlayStore	onPurchasesUpdated	public	19	inv	virtual|None|v15|Lcom/android/billingclient/api/Purchase;|getProducts||Ljava/util/List;
com.activision.game.GooglePlayStore	onPurchasesUpdated	public	20	inv	interface|None|v0, v1|Ljava/util/List;|get|I|Ljava/lang/Object;
com.activision.game.GooglePlayStore	onPurchasesUpdated	public	21	ccast	8|Ljava/lang/String;
com.activision.game.GooglePlayStore	onPurchasesUpdated	public	22	inv	virtual|None|v15|Lcom/android/billingclient/api/Purchase;|getPurchaseToken||Ljava/lang/String;
com.activision.game.GooglePlayStore	onPurchasesUpdated	public	23	inv	direct|/range|v3, v4, v5, v6, v7, v8, v9|Lcom/activision/game/GooglePlayStore;|onPurchasePending|BBBJB|V
com.activision.game.GooglePlayStore	onPurchasesUpdated	public	24	new	0|Ljava/lang/StringBuilder;
com.activision.game.GooglePlayStore	onPurchasesUpdated	public	25	cstr	2|Purchase failed: 
com.activision.game.GooglePlayStore	onPurchasesUpdated	public	26	other	invoke-direct {v0, v2}, Ljava/lang/StringBuilder;-><init>(Ljava/lang/String;)V
com.activision.game.GooglePlayStore	onPurchasesUpdated	public	27	inv	virtual|None|v14|Lcom/android/billingclient/api/BillingResult;|getResponseCode||I
com.activision.game.GooglePlayStore	onPurchasesUpdated	public	28	inv	virtual|None|v0, v2|Ljava/lang/StringBuilder;|append|I|Ljava/lang/StringBuilder;
com.activision.game.GooglePlayStore	onPurchasesUpdated	public	29	inv	virtual|None|v0|Ljava/lang/StringBuilder;|toString||Ljava/lang/String;
com.activision.game.GooglePlayStore	onPurchasesUpdated	public	30	cstr	2|GooglePlayStore
com.activision.game.GooglePlayStore	onPurchasesUpdated	public	31	inv	static|None|v2, v0|Landroid/util/Log;|d|Landroid/app/NotificationChannel;La3/b;|I
com.activision.game.GooglePlayStore	onPurchasesUpdated	public	32	other	iget-object v0, v13, v4474, Lcom/activision/game/GooglePlayStore;->g:Ljava/util/HashMap;
com.activision.game.GooglePlayStore	onPurchasesUpdated	public	33	inv	interface|None|v15|Ljava/util/List;|isEmpty||Z
com.activision.game.GooglePlayStore	onPurchasesUpdated	public	34	inv	interface|None|v15|Ljava/util/List;|iterator||Ljava/util/Iterator;
com.activision.game.GooglePlayStore	onPurchasesUpdated	public	35	inv	interface|None|v15|Ljava/util/Iterator;|hasNext||Z
com.activision.game.GooglePlayStore	onPurchasesUpdated	public	36	inv	interface|None|v15|Ljava/util/Iterator;|next||Ljava/lang/Object;
com.activision.game.GooglePlayStore	onPurchasesUpdated	public	37	ccast	2|Lcom/android/billingclient/api/Purchase;
com.activision.game.GooglePlayStore	onPurchasesUpdated	public	38	inv	virtual|None|v2|Lcom/android/billingclient/api/Purchase;|getAccountIdentifiers||Lcom/android/billingclient/api/AccountIdentifiers;
com.activision.game.GooglePlayStore	onPurchasesUpdated	public	39	inv	virtual|None|v4|Lcom/android/billingclient/api/AccountIdentifiers;|getObfuscatedAccountId||Ljava/lang/String;
com.activision.game.GooglePlayStore	onPurchasesUpdated	public	40	inv	virtual|None|v2|Lcom/android/billingclient/api/Purchase;|getOrderId||Ljava/lang/String;
com.activision.game.GooglePlayStore	onPurchasesUpdated	public	41	inv	virtual|None|v2|Lcom/android/billingclient/api/Purchase;|getProducts||Ljava/util/List;
com.activision.game.GooglePlayStore	onPurchasesUpdated	public	42	inv	interface|None|v4, v1|Ljava/util/List;|get|I|Ljava/lang/Object;
com.activision.game.GooglePlayStore	onPurchasesUpdated	public	43	ccast	9|Ljava/lang/String;
com.activision.game.GooglePlayStore	onPurchasesUpdated	public	44	inv	virtual|None|v2|Lcom/android/billingclient/api/Purchase;|getPurchaseToken||Ljava/lang/String;
com.activision.game.GooglePlayStore	onPurchasesUpdated	public	45	inv	virtual|None|v14|Lcom/android/billingclient/api/BillingResult;|getResponseCode||I
com.activision.game.GooglePlayStore	onPurchasesUpdated	public	46	inv	virtual|None|v14|Lcom/android/billingclient/api/BillingResult;|getDebugMessage||Ljava/lang/String;
com.activision.game.GooglePlayStore	onPurchasesUpdated	public	47	inv	direct|/range|v4, v5, v6, v7, v8, v9, v10, v11, v12|Lcom/activision/game/GooglePlayStore;|onPurchaseFailed|BBBJBLandroid/app/NotificationChannel;La3/b;|V
com.activision.game.GooglePlayStore	onPurchasesUpdated	public	48	inv	virtual|None|v0|Ljava/util/HashMap;|isEmpty||Z
com.activision.game.GooglePlayStore	onPurchasesUpdated	public	49	inv	virtual|None|v0|Ljava/util/HashMap;|entrySet||Ljava/util/Set;
com.activision.game.GooglePlayStore	onPurchasesUpdated	public	50	inv	interface|None|v13|Ljava/util/Set;|iterator||Ljava/util/Iterator;
com.activision.game.GooglePlayStore	onPurchasesUpdated	public	51	inv	interface|None|v13|Ljava/util/Iterator;|next||Ljava/lang/Object;
com.activision.game.GooglePlayStore	onPurchasesUpdated	public	52	ccast	3|Ljava/util/Map$Entry;
com.activision.game.GooglePlayStore	onPurchasesUpdated	public	53	inv	virtual|None|v0|Ljava/util/HashMap;|isEmpty||Z
com.activision.game.GooglePlayStore	onPurchasesUpdated	public	54	inv	virtual|None|v0|Ljava/util/HashMap;|entrySet||Ljava/util/Set;
com.activision.game.GooglePlayStore	onPurchasesUpdated	public	55	inv	interface|None|v15|Ljava/util/Set;|iterator||Ljava/util/Iterator;
com.activision.game.GooglePlayStore	onPurchasesUpdated	public	56	inv	interface|None|v15|Ljava/util/Iterator;|next||Ljava/lang/Object;
com.activision.game.GooglePlayStore	onPurchasesUpdated	public	57	ccast	3|Ljava/util/Map$Entry;
com.activision.game.GooglePlayStore	onPurchasesUpdated	public	58	cstr	15|pendingTransaction Null
com.activision.game.GooglePlayStore	onPurchasesUpdated	public	59	inv	static|None|v2, v15|Landroid/util/Log;|d|Landroid/app/NotificationChannel;La3/b;|I
com.activision.game.GooglePlayStore	onPurchasesUpdated	public	60	inv	virtual|None|v14|Lcom/android/billingclient/api/BillingResult;|getResponseCode||I
com.activision.game.GooglePlayStore	onPurchasesUpdated	public	61	inv	virtual|None|v14|Lcom/android/billingclient/api/BillingResult;|getDebugMessage||Ljava/lang/String;
com.activision.game.GooglePlayStore	onPurchasesUpdated	public	62	inv	direct|/range|v3, v4, v5, v6, v7, v8, v9, v10, v11|Lcom/activision/game/GooglePlayStore;|onPurchaseFailed|BBBJBLandroid/app/NotificationChannel;La3/b;|V
com.activision.game.GooglePlayStore	onPurchasesUpdated	public	63	new	15|Ljava/lang/StringBuilder;
com.activision.game.GooglePlayStore	onPurchasesUpdated	public	64	cstr	1|pendingTransaction value
com.activision.game.GooglePlayStore	onPurchasesUpdated	public	65	other	invoke-direct {v15, v1}, Ljava/lang/StringBuilder;-><init>(Ljava/lang/String;)V
com.activision.game.GooglePlayStore	onPurchasesUpdated	public	66	inv	interface|None|v3|Ljava/util/Map$Entry;|getValue||Ljava/lang/Object;
com.activision.game.GooglePlayStore	onPurchasesUpdated	public	67	ccast	1|Ljava/lang/String;
com.activision.game.GooglePlayStore	onPurchasesUpdated	public	68	inv	virtual|None|v15, v1|Ljava/lang/StringBuilder;|append|Ljava/lang/String;|Ljava/lang/StringBuilder;
com.activision.game.GooglePlayStore	onPurchasesUpdated	public	69	inv	virtual|None|v15|Ljava/lang/StringBuilder;|toString||Ljava/lang/String;
com.activision.game.GooglePlayStore	onPurchasesUpdated	public	70	inv	static|None|v2, v15|Landroid/util/Log;|d|Landroid/app/NotificationChannel;La3/b;|I
com.activision.game.GooglePlayStore	onPurchasesUpdated	public	71	inv	interface|None|v3|Ljava/util/Map$Entry;|getKey||Ljava/lang/Object;
com.activision.game.GooglePlayStore	onPurchasesUpdated	public	72	ccast	7|Ljava/lang/String;
com.activision.game.GooglePlayStore	onPurchasesUpdated	public	73	inv	interface|None|v3|Ljava/util/Map$Entry;|getValue||Ljava/lang/Object;
com.activision.game.GooglePlayStore	onPurchasesUpdated	public	74	ccast	9|Ljava/lang/String;
com.activision.game.GooglePlayStore	onPurchasesUpdated	public	75	inv	virtual|None|v14|Lcom/android/billingclient/api/BillingResult;|getResponseCode||I
com.activision.game.GooglePlayStore	onPurchasesUpdated	public	76	inv	virtual|None|v14|Lcom/android/billingclient/api/BillingResult;|getDebugMessage||Ljava/lang/String;
com.activision.game.GooglePlayStore	onPurchasesUpdated	public	77	inv	direct|/range|v4, v5, v6, v7, v8, v9, v10, v11, v12|Lcom/activision/game/GooglePlayStore;|onPurchaseFailed|BBBJBLandroid/app/NotificationChannel;La3/b;|V
com.activision.game.GooglePlayStore	onPurchasesUpdated	public	78	inv	interface|None|v3|Ljava/util/Map$Entry;|getKey||Ljava/lang/Object;
com.activision.game.GooglePlayStore	onPurchasesUpdated	public	79	inv	virtual|None|v0, v13|Ljava/util/HashMap;|remove|Ljava/lang/Object;|Ljava/lang/Object;
com.activision.game.GooglePlayStore	queryProducts	public	0	other	.registers 7
com.activision.game.GooglePlayStore	queryProducts	public	1	new	0|Ljava/util/ArrayList;
com.activision.game.GooglePlayStore	queryProducts	public	2	other	invoke-direct {v0}, Ljava/util/ArrayList;-><init>()V
com.activision.game.GooglePlayStore	queryProducts	public	3	inv	static|None||Lcom/android/billingclient/api/QueryProductDetailsParams$Product;|newBuilder||Lcom/android/billingclient/api/QueryProductDetailsParams$Product$Builder;
com.activision.game.GooglePlayStore	queryProducts	public	4	inv	virtual|None|v4, v3|Lcom/android/billingclient/api/QueryProductDetailsParams$Product$Builder;|setProductId|Ljava/lang/String;|Lcom/android/billingclient/api/QueryProductDetailsParams$Product$Builder;
com.activision.game.GooglePlayStore	queryProducts	public	5	cstr	4|inapp
com.activision.game.GooglePlayStore	queryProducts	public	6	inv	virtual|None|v3, v4|Lcom/android/billingclient/api/QueryProductDetailsParams$Product$Builder;|setProductType|Ljava/lang/String;|Lcom/android/billingclient/api/QueryProductDetailsParams$Product$Builder;
com.activision.game.GooglePlayStore	queryProducts	public	7	inv	virtual|None|v3|Lcom/android/billingclient/api/QueryProductDetailsParams$Product$Builder;|build||Lcom/android/billingclient/api/QueryProductDetailsParams$Product;
com.activision.game.GooglePlayStore	queryProducts	public	8	inv	virtual|None|v0, v3|Ljava/util/ArrayList;|add|Ljava/lang/Object;|Z
com.activision.game.GooglePlayStore	queryProducts	public	9	inv	static|None||Lcom/android/billingclient/api/QueryProductDetailsParams;|newBuilder||Lcom/android/billingclient/api/QueryProductDetailsParams$Builder;
com.activision.game.GooglePlayStore	queryProducts	public	10	inv	virtual|None|v6, v0|Lcom/android/billingclient/api/QueryProductDetailsParams$Builder;|setProductList|Ljava/util/List;|Lcom/android/billingclient/api/QueryProductDetailsParams$Builder;
com.activision.game.GooglePlayStore	queryProducts	public	11	inv	virtual|None|v6|Lcom/android/billingclient/api/QueryProductDetailsParams$Builder;|build||Lcom/android/billingclient/api/QueryProductDetailsParams;
com.activision.game.GooglePlayStore	queryProducts	public	12	new	0|Landroidx/core/app/c;
com.activision.game.GooglePlayStore	queryProducts	public	13	other	invoke-direct {v0, v1, v5}, Landroidx/core/app/c;-><init>(BB)V
com.activision.game.GooglePlayStore	queryProducts	public	14	other	iget-object v5, v5, v4471, Lcom/activision/game/GooglePlayStore;->d:Lcom/android/billingclient/api/BillingClient;
com.activision.game.GooglePlayStore	queryProducts	public	15	inv	virtual|None|v5, v6, v0|Lcom/android/billingclient/api/BillingClient;|queryProductDetailsAsync|Landroidx/recyclerview/widget/q;Landroidx/recyclerview/widget/m$b;|V
com.activision.game.GooglePlayStore	queryPurchases	public	0	other	.registers 4
com.activision.game.GooglePlayStore	queryPurchases	public	1	inv	static|None||Lcom/android/billingclient/api/QueryPurchasesParams;|newBuilder||Lcom/android/billingclient/api/QueryPurchasesParams$Builder;
com.activision.game.GooglePlayStore	queryPurchases	public	2	cstr	1|inapp
com.activision.game.GooglePlayStore	queryPurchases	public	3	inv	virtual|None|v0, v1|Lcom/android/billingclient/api/QueryPurchasesParams$Builder;|setProductType|Ljava/lang/String;|Lcom/android/billingclient/api/QueryPurchasesParams$Builder;
com.activision.game.GooglePlayStore	queryPurchases	public	4	inv	virtual|None|v0|Lcom/android/billingclient/api/QueryPurchasesParams$Builder;|build||Lcom/android/billingclient/api/QueryPurchasesParams;
com.activision.game.GooglePlayStore	queryPurchases	public	5	new	1|Ly1/m;
com.activision.game.GooglePlayStore	queryPurchases	public	6	other	invoke-direct {v1, v2, v3}, Ly1/m;-><init>(BB)V
com.activision.game.GooglePlayStore	queryPurchases	public	7	other	iget-object v3, v3, v4471, Lcom/activision/game/GooglePlayStore;->d:Lcom/android/billingclient/api/BillingClient;
com.activision.game.GooglePlayStore	queryPurchases	public	8	inv	virtual|None|v3, v0, v1|Lcom/android/billingclient/api/BillingClient;|queryPurchasesAsync|Landroidx/recyclerview/widget/u;Landroidx/recyclerview/widget/m;|V
com.activision.game.HardwareSurvey	<init>		0	other	.registers 2
com.activision.game.HardwareSurvey	<init>		1	other	invoke-direct {v0}, Ljava/lang/Object;-><init>()V
com.activision.game.HardwareSurvey	<init>		2	other	iput-object v1, v0, v4477, Lcom/activision/game/HardwareSurvey;->a:Landroid/app/Activity;
com.activision.game.HardwareSurvey	getBatteryLevel	public	0	other	.registers 2
com.activision.game.HardwareSurvey	getBatteryLevel	public	1	other	iget-object v1, v1, v4477, Lcom/activision/game/HardwareSurvey;->a:Landroid/app/Activity;
com.activision.game.HardwareSurvey	getBatteryLevel	public	2	cstr	0|batterymanager
com.activision.game.HardwareSurvey	getBatteryLevel	public	3	inv	virtual|None|v1, v0|Landroid/app/Activity;|getSystemService|Ljava/lang/String;|Ljava/lang/Object;
com.activision.game.HardwareSurvey	getBatteryLevel	public	4	ccast	1|Landroid/os/BatteryManager;
com.activision.game.HardwareSurvey	getBatteryLevel	public	5	inv	virtual|None|v1, v0|Landroid/os/BatteryManager;|getIntProperty|I|I
com.activision.game.HardwareSurvey	getBatteryTemperature	public	0	other	.registers 3
com.activision.game.HardwareSurvey	getBatteryTemperature	public	1	new	0|Landroid/content/IntentFilter;
com.activision.game.HardwareSurvey	getBatteryTemperature	public	2	cstr	1|android.intent.action.BATTERY_CHANGED
com.activision.game.HardwareSurvey	getBatteryTemperature	public	3	other	invoke-direct {v0, v1}, Landroid/content/IntentFilter;-><init>(Ljava/lang/String;)V
com.activision.game.HardwareSurvey	getBatteryTemperature	public	4	other	iget-object v2, v2, v4477, Lcom/activision/game/HardwareSurvey;->a:Landroid/app/Activity;
com.activision.game.HardwareSurvey	getBatteryTemperature	public	5	inv	virtual|None|v2, v1, v0|Landroid/content/Context;|registerReceiver|BB|Landroid/content/Intent;
com.activision.game.HardwareSurvey	getBatteryTemperature	public	6	cstr	0|temperature
com.activision.game.HardwareSurvey	getBatteryTemperature	public	7	inv	virtual|None|v2, v0, v1|Landroid/content/Intent;|getIntExtra|BB|I
com.activision.game.HardwareSurvey	isBatteryCharging	public	0	other	.registers 2
com.activision.game.HardwareSurvey	isBatteryCharging	public	1	other	iget-object v1, v1, v4477, Lcom/activision/game/HardwareSurvey;->a:Landroid/app/Activity;
com.activision.game.HardwareSurvey	isBatteryCharging	public	2	cstr	0|batterymanager
com.activision.game.HardwareSurvey	isBatteryCharging	public	3	inv	virtual|None|v1, v0|Landroid/app/Activity;|getSystemService|Ljava/lang/String;|Ljava/lang/Object;
com.activision.game.HardwareSurvey	isBatteryCharging	public	4	ccast	1|Landroid/os/BatteryManager;
com.activision.game.HardwareSurvey	isBatteryCharging	public	5	inv	virtual|None|v1|Landroid/os/BatteryManager;|isCharging||Z
com.activision.game.HardwareSurvey	isGPSEnabled	public	0	other	.registers 2
com.activision.game.HardwareSurvey	isGPSEnabled	public	1	other	iget-object v1, v1, v4477, Lcom/activision/game/HardwareSurvey;->a:Landroid/app/Activity;
com.activision.game.HardwareSurvey	isGPSEnabled	public	2	cstr	0|location
com.activision.game.HardwareSurvey	isGPSEnabled	public	3	inv	virtual|None|v1, v0|Landroid/app/Activity;|getSystemService|Ljava/lang/String;|Ljava/lang/Object;
com.activision.game.HardwareSurvey	isGPSEnabled	public	4	ccast	1|Landroid/location/LocationManager;
com.activision.game.HardwareSurvey	isGPSEnabled	public	5	cstr	0|gps
com.activision.game.HardwareSurvey	isGPSEnabled	public	6	inv	virtual|None|v1, v0|Landroid/location/LocationManager;|isProviderEnabled|Ljava/lang/String;|Z
com.activision.game.HelpShiftWrapper	<init>		0	other	.registers 1
com.activision.game.HelpShiftWrapper	<init>		1	other	invoke-direct {v0}, Ljava/lang/Object;-><init>()V
com.activision.game.HelpShiftWrapper	createConfigMap	private,static	0	other	.registers 10
com.activision.game.HelpShiftWrapper	createConfigMap	private,static	1	new	0|Ljava/util/HashMap;
com.activision.game.HelpShiftWrapper	createConfigMap	private,static	2	other	invoke-direct {v0}, Ljava/util/HashMap;-><init>()V
com.activision.game.HelpShiftWrapper	createConfigMap	private,static	3	new	1|Ljava/util/HashMap;
com.activision.game.HelpShiftWrapper	createConfigMap	private,static	4	other	invoke-direct {v1}, Ljava/util/HashMap;-><init>()V
com.activision.game.HelpShiftWrapper	createConfigMap	private,static	5	new	2|Ljava/util/HashMap;
com.activision.game.HelpShiftWrapper	createConfigMap	private,static	6	other	invoke-direct {v2}, Ljava/util/HashMap;-><init>()V
com.activision.game.HelpShiftWrapper	createConfigMap	private,static	7	new	6|Ljava/lang/StringBuilder;
com.activision.game.HelpShiftWrapper	createConfigMap	private,static	8	cstr	7|key:
com.activision.game.HelpShiftWrapper	createConfigMap	private,static	9	other	invoke-direct {v6, v7}, Ljava/lang/StringBuilder;-><init>(Ljava/lang/String;)V
com.activision.game.HelpShiftWrapper	createConfigMap	private,static	10	inv	interface|None|v5|Ljava/util/Map$Entry;|getKey||Ljava/lang/Object;
com.activision.game.HelpShiftWrapper	createConfigMap	private,static	11	ccast	7|Ljava/lang/String;
com.activision.game.HelpShiftWrapper	createConfigMap	private,static	12	inv	virtual|None|v6, v7|Ljava/lang/StringBuilder;|append|Ljava/lang/String;|Ljava/lang/StringBuilder;
com.activision.game.HelpShiftWrapper	createConfigMap	private,static	13	cstr	7|, value:
com.activision.game.HelpShiftWrapper	createConfigMap	private,static	14	inv	virtual|None|v6, v7|Ljava/lang/StringBuilder;|append|Ljava/lang/String;|Ljava/lang/StringBuilder;
com.activision.game.HelpShiftWrapper	createConfigMap	private,static	15	inv	interface|None|v5|Ljava/util/Map$Entry;|getValue||Ljava/lang/Object;
com.activision.game.HelpShiftWrapper	createConfigMap	private,static	16	inv	virtual|None|v6, v7|Ljava/lang/StringBuilder;|append|Ljava/lang/Object;|Ljava/lang/StringBuilder;
com.activision.game.HelpShiftWrapper	createConfigMap	private,static	17	inv	virtual|None|v6|Ljava/lang/StringBuilder;|toString||Ljava/lang/String;
com.activision.game.HelpShiftWrapper	createConfigMap	private,static	18	cstr	7|Helpshift
com.activision.game.HelpShiftWrapper	createConfigMap	private,static	19	inv	static|None|v7, v6|Landroid/util/Log;|d|Landroid/app/NotificationChannel;La3/b;|I
com.activision.game.HelpShiftWrapper	createConfigMap	private,static	20	inv	interface|None|v5|Ljava/util/Map$Entry;|getKey||Ljava/lang/Object;
com.activision.game.HelpShiftWrapper	createConfigMap	private,static	21	ccast	6|Ljava/lang/String;
com.activision.game.HelpShiftWrapper	createConfigMap	private,static	22	inv	interface|None|v5|Ljava/util/Map$Entry;|getValue||Ljava/lang/Object;
com.activision.game.HelpShiftWrapper	createConfigMap	private,static	23	inv	virtual|None|v0, v6, v7|Ljava/util/HashMap;|put|Landroid/app/KeyguardManager;La3/b;|Ljava/lang/Object;
com.activision.game.HelpShiftWrapper	createConfigMap	private,static	24	new	6|Ljava/util/HashMap;
com.activision.game.HelpShiftWrapper	createConfigMap	private,static	25	other	invoke-direct {v6}, Ljava/util/HashMap;-><init>()V
com.activision.game.HelpShiftWrapper	createConfigMap	private,static	26	inv	interface|None|v5|Ljava/util/Map$Entry;|getValue||Ljava/lang/Object;
com.activision.game.HelpShiftWrapper	createConfigMap	private,static	27	cstr	8|type
com.activision.game.HelpShiftWrapper	createConfigMap	private,static	28	cstr	7|singleline
com.activision.game.HelpShiftWrapper	createConfigMap	private,static	29	inv	virtual|None|v6, v8, v7|Ljava/util/HashMap;|put|Landroid/app/KeyguardManager;La3/b;|Ljava/lang/Object;
com.activision.game.HelpShiftWrapper	createConfigMap	private,static	30	inv	interface|None|v5|Ljava/util/Map$Entry;|getValue||Ljava/lang/Object;
com.activision.game.HelpShiftWrapper	createConfigMap	private,static	31	cstr	7|number
com.activision.game.HelpShiftWrapper	createConfigMap	private,static	32	cstr	7|value
com.activision.game.HelpShiftWrapper	createConfigMap	private,static	33	inv	interface|None|v5|Ljava/util/Map$Entry;|getValue||Ljava/lang/Object;
com.activision.game.HelpShiftWrapper	createConfigMap	private,static	34	inv	virtual|None|v6, v7, v8|Ljava/util/HashMap;|put|Landroid/app/KeyguardManager;La3/b;|Ljava/lang/Object;
com.activision.game.HelpShiftWrapper	createConfigMap	private,static	35	inv	interface|None|v5|Ljava/util/Map$Entry;|getKey||Ljava/lang/Object;
com.activision.game.HelpShiftWrapper	createConfigMap	private,static	36	ccast	5|Ljava/lang/String;
com.activision.game.HelpShiftWrapper	createConfigMap	private,static	37	inv	virtual|None|v2, v5, v6|Ljava/util/HashMap;|put|Landroid/app/KeyguardManager;La3/b;|Ljava/lang/Object;
com.activision.game.HelpShiftWrapper	createConfigMap	private,static	38	cstr	9|customIssueFields
com.activision.game.HelpShiftWrapper	createConfigMap	private,static	39	inv	virtual|None|v1, v9, v2|Ljava/util/HashMap;|put|Landroid/app/KeyguardManager;La3/b;|Ljava/lang/Object;
com.activision.game.HelpShiftWrapper	createConfigMap	private,static	40	cstr	9|customMetadata
com.activision.game.HelpShiftWrapper	createConfigMap	private,static	41	inv	virtual|None|v1, v9, v0|Ljava/util/HashMap;|put|Landroid/app/KeyguardManager;La3/b;|Ljava/lang/Object;
com.activision.game.HelpShiftWrapper	setLanguage	public,static	0	other	.registers 4
com.activision.game.HelpShiftWrapper	setLanguage	public,static	1	new	0|Ljava/lang/StringBuilder;
com.activision.game.HelpShiftWrapper	setLanguage	public,static	2	cstr	1|Language Set 
com.activision.game.HelpShiftWrapper	setLanguage	public,static	3	other	invoke-direct {v0, v1}, Ljava/lang/StringBuilder;-><init>(Ljava/lang/String;)V
com.activision.game.HelpShiftWrapper	setLanguage	public,static	4	inv	virtual|None|v0, v3|Ljava/lang/StringBuilder;|append|Ljava/lang/String;|Ljava/lang/StringBuilder;
com.activision.game.HelpShiftWrapper	setLanguage	public,static	5	inv	virtual|None|v0|Ljava/lang/StringBuilder;|toString||Ljava/lang/String;
com.activision.game.HelpShiftWrapper	setLanguage	public,static	6	cstr	1|Helpshift
com.activision.game.HelpShiftWrapper	setLanguage	public,static	7	inv	static|None|v1, v0|Landroid/util/Log;|d|Landroid/app/NotificationChannel;La3/b;|I
com.activision.game.HelpShiftWrapper	setLanguage	public,static	8	inv	static|None||Lu5/c;|c||Z
com.activision.game.HelpShiftWrapper	setLanguage	public,static	9	new	0|Ljava/lang/StringBuilder;
com.activision.game.HelpShiftWrapper	setLanguage	public,static	10	cstr	2|setLanguage() is called for language - 
com.activision.game.HelpShiftWrapper	setLanguage	public,static	11	other	invoke-direct {v0, v2}, Ljava/lang/StringBuilder;-><init>(Ljava/lang/String;)V
com.activision.game.HelpShiftWrapper	setLanguage	public,static	12	inv	virtual|None|v0, v3|Ljava/lang/StringBuilder;|append|Ljava/lang/String;|Ljava/lang/StringBuilder;
com.activision.game.HelpShiftWrapper	setLanguage	public,static	13	inv	virtual|None|v0|Ljava/lang/StringBuilder;|toString||Ljava/lang/String;
com.activision.game.HelpShiftWrapper	setLanguage	public,static	14	inv	static|None|v1, v0, v2|La1/a;|i|Landroid/app/NotificationChannel;La3/b;Landroid/app/NotificationChannel;|V
com.activision.game.HelpShiftWrapper	setLanguage	public,static	15	sget	0|Lu5/c;|y|Lu5/c;
com.activision.game.HelpShiftWrapper	setLanguage	public,static	16	other	iget-object v1, v0, v16841, Lu5/c;->q:Ls5/b;
com.activision.game.HelpShiftWrapper	setLanguage	public,static	17	new	2|Lm5/a;
com.activision.game.HelpShiftWrapper	setLanguage	public,static	18	other	invoke-direct {v2, v0, v3}, Lm5/a;-><init>(Lcom/braze/push/BrazeNotificationStyleFactory$Companion$getBigPictureNotificationStyle$3;Landroid/app/NotificationChannel;)V
com.activision.game.HelpShiftWrapper	setLanguage	public,static	19	inv	virtual|None|v1, v2|Ls5/b;|b|Ljava/lang/Runnable;|V
com.activision.game.HelpShiftWrapper	showConversation	public,static	0	other	.registers 5
com.activision.game.HelpShiftWrapper	showConversation	public,static	1	new	4|Ljava/util/HashMap;
com.activision.game.HelpShiftWrapper	showConversation	public,static	2	other	invoke-direct {v4}, Ljava/util/HashMap;-><init>()V
com.activision.game.HelpShiftWrapper	showConversation	public,static	3	inv	static|None||Lu5/c;|c||Z
com.activision.game.HelpShiftWrapper	showConversation	public,static	4	sget	0|Li6/c;|a|Ljava/util/HashMap;
com.activision.game.HelpShiftWrapper	showConversation	public,static	5	inv	static|None||Ljava/lang/System;|currentTimeMillis||J
com.activision.game.HelpShiftWrapper	showConversation	public,static	6	inv	static|None|v1, v2|Ljava/lang/Long;|valueOf|B|Ljava/lang/Long;
com.activision.game.HelpShiftWrapper	showConversation	public,static	7	cstr	2|api
com.activision.game.HelpShiftWrapper	showConversation	public,static	8	inv	virtual|None|v0, v2, v1|Ljava/util/HashMap;|put|Landroid/app/KeyguardManager;La3/b;|Ljava/lang/Object;
com.activision.game.HelpShiftWrapper	showConversation	public,static	9	new	0|Ljava/lang/StringBuilder;
com.activision.game.HelpShiftWrapper	showConversation	public,static	10	cstr	1|showConversation is called with config: 
com.activision.game.HelpShiftWrapper	showConversation	public,static	11	other	invoke-direct {v0, v1}, Ljava/lang/StringBuilder;-><init>(Ljava/lang/String;)V
com.activision.game.HelpShiftWrapper	showConversation	public,static	12	inv	virtual|None|v0, v4|Ljava/lang/StringBuilder;|append|Ljava/lang/Object;|Ljava/lang/StringBuilder;
com.activision.game.HelpShiftWrapper	showConversation	public,static	13	other	const-string v1, "
com.activision.game.HelpShiftWrapper	showConversation	public,static	14	other	Is proactive? false"
com.activision.game.HelpShiftWrapper	showConversation	public,static	15	inv	virtual|None|v0, v1|Ljava/lang/StringBuilder;|append|Ljava/lang/String;|Ljava/lang/StringBuilder;
com.activision.game.HelpShiftWrapper	showConversation	public,static	16	inv	virtual|None|v0|Ljava/lang/StringBuilder;|toString||Ljava/lang/String;
com.activision.game.HelpShiftWrapper	showConversation	public,static	17	cstr	2|Helpshift
com.activision.game.HelpShiftWrapper	showConversation	public,static	18	inv	static|None|v2, v0, v1|La1/a;|i|Landroid/app/NotificationChannel;La3/b;Landroid/app/NotificationChannel;|V
com.activision.game.HelpShiftWrapper	showConversation	public,static	19	sget	0|Lu5/c;|y|Lu5/c;
com.activision.game.HelpShiftWrapper	showConversation	public,static	20	other	iget-object v0, v0, v16841, Lu5/c;->q:Ls5/b;
com.activision.game.HelpShiftWrapper	showConversation	public,static	21	new	1|Lm5/d;
com.activision.game.HelpShiftWrapper	showConversation	public,static	22	other	invoke-direct {v1, v3, v4}, Lm5/d;-><init>(BB)V
com.activision.game.HelpShiftWrapper	showConversation	public,static	23	inv	virtual|None|v0, v1|Ls5/b;|a|Ljava/lang/Runnable;|V
com.activision.game.HelpShiftWrapper	showFAQs	public,static	0	other	.registers 5
com.activision.game.HelpShiftWrapper	showFAQs	public,static	1	inv	static|None|v4|Lcom/activision/game/HelpShiftWrapper;|createConfigMap|[Ljava/util/Map$Entry;|Ljava/util/Map;
com.activision.game.HelpShiftWrapper	showFAQs	public,static	2	inv	static|None||Lu5/c;|c||Z
com.activision.game.HelpShiftWrapper	showFAQs	public,static	3	new	0|Ljava/lang/StringBuilder;
com.activision.game.HelpShiftWrapper	showFAQs	public,static	4	cstr	1|showFAQs is called with config: 
com.activision.game.HelpShiftWrapper	showFAQs	public,static	5	other	invoke-direct {v0, v1}, Ljava/lang/StringBuilder;-><init>(Ljava/lang/String;)V
com.activision.game.HelpShiftWrapper	showFAQs	public,static	6	inv	virtual|None|v0, v4|Ljava/lang/StringBuilder;|append|Ljava/lang/Object;|Ljava/lang/StringBuilder;
com.activision.game.HelpShiftWrapper	showFAQs	public,static	7	other	const-string v1, "
com.activision.game.HelpShiftWrapper	showFAQs	public,static	8	other	Is proactive? false"
com.activision.game.HelpShiftWrapper	showFAQs	public,static	9	inv	virtual|None|v0, v1|Ljava/lang/StringBuilder;|append|Ljava/lang/String;|Ljava/lang/StringBuilder;
com.activision.game.HelpShiftWrapper	showFAQs	public,static	10	inv	virtual|None|v0|Ljava/lang/StringBuilder;|toString||Ljava/lang/String;
com.activision.game.HelpShiftWrapper	showFAQs	public,static	11	cstr	2|Helpshift
com.activision.game.HelpShiftWrapper	showFAQs	public,static	12	inv	static|None|v2, v0, v1|La1/a;|i|Landroid/app/NotificationChannel;La3/b;Landroid/app/NotificationChannel;|V
com.activision.game.HelpShiftWrapper	showFAQs	public,static	13	sget	0|Lu5/c;|y|Lu5/c;
com.activision.game.HelpShiftWrapper	showFAQs	public,static	14	other	iget-object v0, v0, v16841, Lu5/c;->q:Ls5/b;
com.activision.game.HelpShiftWrapper	showFAQs	public,static	15	new	1|Lm5/e;
com.activision.game.HelpShiftWrapper	showFAQs	public,static	16	other	invoke-direct {v1, v3, v4}, Lm5/e;-><init>(BB)V
com.activision.game.HelpShiftWrapper	showFAQs	public,static	17	inv	virtual|None|v0, v1|Ls5/b;|a|Ljava/lang/Runnable;|V
com.activision.game.JsBridge	<init>		0	other	.registers 3
com.activision.game.JsBridge	<init>		1	other	invoke-direct {v1}, Ljava/lang/Object;-><init>()V
com.activision.game.JsBridge	<init>		2	new	0|Ljava/util/ArrayList;
com.activision.game.JsBridge	<init>		3	other	invoke-direct {v0}, Ljava/util/ArrayList;-><init>()V
com.activision.game.JsBridge	<init>		4	other	iput-object v0, v1, v4479, Lcom/activision/game/JsBridge;->b:Ljava/util/ArrayList;
com.activision.game.JsBridge	<init>		5	new	0|Ljava/lang/ref/WeakReference;
com.activision.game.JsBridge	<init>		6	other	invoke-direct {v0, v2}, Ljava/lang/ref/WeakReference;-><init>(Ljava/lang/Object;)V
com.activision.game.JsBridge	<init>		7	other	iput-object v0, v1, v4478, Lcom/activision/game/JsBridge;->a:Ljava/lang/ref/WeakReference;
com.activision.game.JsBridge	callJavascriptFunction	private	0	other	.registers 6
com.activision.game.JsBridge	callJavascriptFunction	private	1	cstr	4|%s(%s)
com.activision.game.JsBridge	callJavascriptFunction	private	2	inv	static|None|v4, v1|Ljava/lang/String;|format|Landroid/app/NotificationChannel;La3/b;|Ljava/lang/String;
com.activision.game.JsBridge	callJavascriptFunction	private	3	other	iget-object v3, v3, v4478, Lcom/activision/game/JsBridge;->a:Ljava/lang/ref/WeakReference;
com.activision.game.JsBridge	callJavascriptFunction	private	4	inv	virtual|None|v3|Ljava/lang/ref/Reference;|get||Ljava/lang/Object;
com.activision.game.JsBridge	callJavascriptFunction	private	5	ccast	3|Landroid/webkit/WebView;
com.activision.game.JsBridge	callJavascriptFunction	private	6	new	5|Lk0/b;
com.activision.game.JsBridge	callJavascriptFunction	private	7	other	invoke-direct {v5, v3, v0, v4}, Lk0/b;-><init>(BBB)V
com.activision.game.JsBridge	callJavascriptFunction	private	8	inv	virtual|None|v3, v5|Landroid/view/View;|post|Ljava/lang/Runnable;|Z
com.activision.game.JsBridge	a	public	0	other	.registers 11
com.activision.game.JsBridge	a	public	1	other	iget-object v0, v10, v4479, Lcom/activision/game/JsBridge;->b:Ljava/util/ArrayList;
com.activision.game.JsBridge	a	public	2	other	monitor-enter v0
com.activision.game.JsBridge	a	public	3	other	iget-object v1, v10, v4479, Lcom/activision/game/JsBridge;->b:Ljava/util/ArrayList;
com.activision.game.JsBridge	a	public	4	inv	virtual|None|v1|Ljava/util/ArrayList;|iterator||Ljava/util/Iterator;
com.activision.game.JsBridge	a	public	5	inv	interface|None|v1|Ljava/util/Iterator;|hasNext||Z
com.activision.game.JsBridge	a	public	6	inv	interface|None|v1|Ljava/util/Iterator;|next||Ljava/lang/Object;
com.activision.game.JsBridge	a	public	7	ccast	3|Ly1/d;
com.activision.game.JsBridge	a	public	8	other	iget-object v5, v3, v17124, Ly1/d;->a:Ljava/lang/String;
com.activision.game.JsBridge	a	public	9	other	iget-object v6, v3, v17125, Ly1/d;->b:Ljava/lang/String;
com.activision.game.JsBridge	a	public	10	other	iget-object v7, v3, v17126, Ly1/d;->c:Ljava/lang/String;
com.activision.game.JsBridge	a	public	11	inv	direct|/range|v4, v5, v6, v7, v8, v9|Lcom/activision/game/JsBridge;|nativeUnsubscribe|BBBLandroid/app/NotificationChannel;|Z
com.activision.game.JsBridge	a	public	12	other	iget-object v10, v10, v4479, Lcom/activision/game/JsBridge;->b:Ljava/util/ArrayList;
com.activision.game.JsBridge	a	public	13	inv	virtual|None|v10|Ljava/util/ArrayList;|clear||V
com.activision.game.JsBridge	a	public	14	other	monitor-exit v0
com.activision.game.JsBridge	a	public	15	other	monitor-exit v0
com.activision.game.JsBridge	localize	public	0	other	.registers 2
com.activision.game.JsBridge	localize	public	1	inv	direct|None|v0, v1|Lcom/activision/game/JsBridge;|nativeLocalize|Ljava/lang/String;|Ljava/lang/String;
com.activision.game.JsBridge	post	public	0	other	.registers 3
com.activision.game.JsBridge	post	public	1	inv	direct|None|v1, v2, v0|Lcom/activision/game/JsBridge;|nativePost|Landroid/app/NotificationChannel;La3/b;|V
com.activision.game.JsBridge	post	public	0	other	.registers 3
com.activision.game.JsBridge	post	public	1	inv	direct|None|v0, v1, v2|Lcom/activision/game/JsBridge;|nativePost|Landroid/app/NotificationChannel;La3/b;|V
com.activision.game.JsBridge	query	public	0	other	.registers 4
com.activision.game.JsBridge	query	public	1	inv	direct|None|v0, v1, v2, v3|Lcom/activision/game/JsBridge;|nativeQuery|Landroid/app/NotificationChannel;La3/b;Landroid/app/NotificationChannel;|V
com.activision.game.JsBridge	saveBoolean	public	0	other	.registers 4
com.activision.game.JsBridge	saveBoolean	public	1	inv	direct|None|v0, v1, v2, v3|Lcom/activision/game/JsBridge;|nativeSaveBoolean|BBB|Z
com.activision.game.JsBridge	subscribe	public	0	other	.registers 14
com.activision.game.JsBridge	subscribe	public	1	inv	direct|None|v10, v11, v12, v13|Lcom/activision/game/JsBridge;|nativeSubscribe|Landroid/app/NotificationChannel;La3/b;Landroid/app/NotificationChannel;|J
com.activision.game.JsBridge	subscribe	public	2	other	iget-object v8, v10, v4479, Lcom/activision/game/JsBridge;->b:Ljava/util/ArrayList;
com.activision.game.JsBridge	subscribe	public	3	other	monitor-enter v8
com.activision.game.JsBridge	subscribe	public	4	other	iget-object v10, v10, v4479, Lcom/activision/game/JsBridge;->b:Ljava/util/ArrayList;
com.activision.game.JsBridge	subscribe	public	5	new	9|Ly1/d;
com.activision.game.JsBridge	subscribe	public	6	other	invoke-direct/range {v0, v1, v2, v3, v4, v5}, Ly1/d;-><init>(BBBJ)V
com.activision.game.JsBridge	subscribe	public	7	inv	virtual|None|v10, v9|Ljava/util/ArrayList;|add|Ljava/lang/Object;|Z
com.activision.game.JsBridge	subscribe	public	8	other	monitor-exit v8
com.activision.game.JsBridge	subscribe	public	9	other	monitor-exit v8
com.activision.game.JsBridge	unsubscribe	public	0	other	.registers 9
com.activision.game.JsBridge	unsubscribe	public	1	other	iget-object v0, v3, v4479, Lcom/activision/game/JsBridge;->b:Ljava/util/ArrayList;
com.activision.game.JsBridge	unsubscribe	public	2	other	monitor-enter v0
com.activision.game.JsBridge	unsubscribe	public	3	other	iget-object v1, v3, v4479, Lcom/activision/game/JsBridge;->b:Ljava/util/ArrayList;
com.activision.game.JsBridge	unsubscribe	public	4	new	2|Ly1/n;
com.activision.game.JsBridge	unsubscribe	public	5	other	invoke-direct {v2, v7, v8}, Ly1/n;-><init>(B)V
com.activision.game.JsBridge	unsubscribe	public	6	inv	virtual|None|v1, v2|Ljava/util/ArrayList;|removeIf|Ljava/util/function/Predicate;|Z
com.activision.game.JsBridge	unsubscribe	public	7	other	monitor-exit v0
com.activision.game.JsBridge	unsubscribe	public	8	inv	direct|/range|v3, v4, v5, v6, v7, v8|Lcom/activision/game/JsBridge;|nativeUnsubscribe|BBBLandroid/app/NotificationChannel;|Z
com.activision.game.JsBridge	unsubscribe	public	9	other	monitor-exit v0
com.activision.game.LocalNotification	<init>		0	other	.registers 3
com.activision.game.LocalNotification	<init>		1	other	invoke-direct {v0, v1, v2}, Landroidx/work/Worker;-><init>(BB)V
com.activision.game.LocalNotification	g	public	0	other	.registers 8
com.activision.game.LocalNotification	g	public	1	other	iget-object v0, v7, v2453, Landroidx/work/ListenableWorker;->c:Landroidx/work/WorkerParameters;
com.activision.game.LocalNotification	g	public	2	other	iget-object v1, v0, v2462, Landroidx/work/WorkerParameters;->b:Landroidx/work/b;
com.activision.game.LocalNotification	g	public	3	other	iget-object v1, v1, v2475, Landroidx/work/b;->a:Ljava/util/HashMap;
com.activision.game.LocalNotification	g	public	4	cstr	2|NOTIFICATION_TITLE
com.activision.game.LocalNotification	g	public	5	inv	virtual|None|v1, v2|Ljava/util/HashMap;|get|Ljava/lang/Object;|Ljava/lang/Object;
com.activision.game.LocalNotification	g	public	6	ccast	1|Ljava/lang/String;
com.activision.game.LocalNotification	g	public	7	other	iget-object v0, v0, v2462, Landroidx/work/WorkerParameters;->b:Landroidx/work/b;
com.activision.game.LocalNotification	g	public	8	other	iget-object v0, v0, v2475, Landroidx/work/b;->a:Ljava/util/HashMap;
com.activision.game.LocalNotification	g	public	9	cstr	2|NOTIFICATION_BODY
com.activision.game.LocalNotification	g	public	10	inv	virtual|None|v0, v2|Ljava/util/HashMap;|get|Ljava/lang/Object;|Ljava/lang/Object;
com.activision.game.LocalNotification	g	public	11	ccast	3|Ljava/lang/String;
com.activision.game.LocalNotification	g	public	12	new	0|Landroid/app/NotificationChannel;
com.activision.game.LocalNotification	g	public	13	cstr	2|local_notification
com.activision.game.LocalNotification	g	public	14	cstr	4|Local Notification
com.activision.game.LocalNotification	g	public	15	other	invoke-direct {v0, v2, v4, v5}, Landroid/app/NotificationChannel;-><init>(BBB)V
com.activision.game.LocalNotification	g	public	16	other	iget-object v7, v7, v2452, Landroidx/work/ListenableWorker;->b:Landroid/content/Context;
com.activision.game.LocalNotification	g	public	17	ccls	4|Landroid/app/NotificationManager;
com.activision.game.LocalNotification	g	public	18	inv	virtual|None|v7, v4|Landroid/content/Context;|getSystemService|Ljava/lang/Class;|Ljava/lang/Object;
com.activision.game.LocalNotification	g	public	19	ccast	4|Landroid/app/NotificationManager;
com.activision.game.LocalNotification	g	public	20	inv	virtual|None|v4, v0|Landroid/app/NotificationManager;|createNotificationChannel|Landroid/app/NotificationChannel;|V
com.activision.game.LocalNotification	g	public	21	new	0|Landroid/content/Intent;
com.activision.game.LocalNotification	g	public	22	ccls	4|Lcom/activision/game/MainActivity;
com.activision.game.LocalNotification	g	public	23	other	invoke-direct {v0, v7, v4}, Landroid/content/Intent;-><init>(BB)V
com.activision.game.LocalNotification	g	public	24	cstr	4|android.intent.action.MAIN
com.activision.game.LocalNotification	g	public	25	inv	virtual|None|v0, v4|Landroid/content/Intent;|setAction|Ljava/lang/String;|Landroid/content/Intent;
com.activision.game.LocalNotification	g	public	26	cstr	4|android.intent.category.LAUNCHER
com.activision.game.LocalNotification	g	public	27	inv	virtual|None|v0, v4|Landroid/content/Intent;|addCategory|Ljava/lang/String;|Landroid/content/Intent;
com.activision.game.LocalNotification	g	public	28	inv	static|None|v7, v5, v0, v4|Landroid/app/PendingIntent;|getActivity|BBBF|Landroid/app/PendingIntent;
com.activision.game.LocalNotification	g	public	29	new	4|Landroidx/core/app/s;
com.activision.game.LocalNotification	g	public	30	other	invoke-direct {v4, v7, v2}, Landroidx/core/app/s;-><init>(BB)V
com.activision.game.LocalNotification	g	public	31	other	iget-object v2, v4, v1200, Landroidx/core/app/s;->y:Landroid/app/Notification;
com.activision.game.LocalNotification	g	public	32	inv	virtual|None|v4, v1|Landroidx/core/app/s;|d|Ljava/lang/CharSequence;|V
com.activision.game.LocalNotification	g	public	33	inv	virtual|None|v4, v3|Landroidx/core/app/s;|c|Ljava/lang/CharSequence;|V
com.activision.game.LocalNotification	g	public	34	other	iput-object v0, v4, v1182, Landroidx/core/app/s;->g:Landroid/app/PendingIntent;
com.activision.game.LocalNotification	g	public	35	inv	virtual|None|v4, v0, v1|Landroidx/core/app/s;|f|BB|V
com.activision.game.LocalNotification	g	public	36	inv	static|None|v7|Landroidx/core/app/NotificationManagerCompat;|from|Landroid/content/Context;|Landroidx/core/app/NotificationManagerCompat;
com.activision.game.LocalNotification	g	public	37	inv	virtual|None|v4|Landroidx/core/app/s;|a||Landroid/app/Notification;
com.activision.game.LocalNotification	g	public	38	inv	virtual|None|v7, v1, v0|Landroidx/core/app/NotificationManagerCompat;|notify|BB|V
com.activision.game.LocalNotification	g	public	39	new	7|Landroidx/work/ListenableWorker$a$c;
com.activision.game.LocalNotification	g	public	40	other	invoke-direct {v7}, Landroidx/work/ListenableWorker$a$c;-><init>()V
com.activision.game.MainActivity$a	<init>		0	other	.registers 2
com.activision.game.MainActivity$a	<init>		1	other	iput-object v1, v0, v4480, Lcom/activision/game/MainActivity$a;->b:Lcom/activision/game/MainActivity;
com.activision.game.MainActivity$a	<init>		2	other	invoke-direct {v0}, Ljava/lang/Object;-><init>()V
com.activision.game.MainActivity$a	onClick	public	0	other	.registers 3
com.activision.game.MainActivity$a	onClick	public	1	other	iget-object v0, v0, v4480, Lcom/activision/game/MainActivity$a;->b:Lcom/activision/game/MainActivity;
com.activision.game.MainActivity$a	onClick	public	2	inv	virtual|None|v0|Lcom/activision/game/MainActivity;|finish||V
com.activision.game.MainActivity$b	<init>		0	other	.registers 2
com.activision.game.MainActivity$b	<init>		1	other	iput-object v1, v0, v4481, Lcom/activision/game/MainActivity$b;->a:Lcom/activision/game/MainActivity;
com.activision.game.MainActivity$b	<init>		2	other	invoke-direct {v0}, Ljava/lang/Object;-><init>()V
com.activision.game.MainActivity$b	onSystemUiVisibilityChange	public	0	other	.registers 4
com.activision.game.MainActivity$b	onSystemUiVisibilityChange	public	1	new	0|Ljava/lang/StringBuilder;
com.activision.game.MainActivity$b	onSystemUiVisibilityChange	public	2	cstr	1|onSystemUiVisibilityChange : 
com.activision.game.MainActivity$b	onSystemUiVisibilityChange	public	3	other	invoke-direct {v0, v1}, Ljava/lang/StringBuilder;-><init>(Ljava/lang/String;)V
com.activision.game.MainActivity$b	onSystemUiVisibilityChange	public	4	inv	virtual|None|v0, v3|Ljava/lang/StringBuilder;|append|I|Ljava/lang/StringBuilder;
com.activision.game.MainActivity$b	onSystemUiVisibilityChange	public	5	inv	virtual|None|v0|Ljava/lang/StringBuilder;|toString||Ljava/lang/String;
com.activision.game.MainActivity$b	onSystemUiVisibilityChange	public	6	inv	static|None|v3|Lcom/activision/game/GameApplication;|b|Ljava/lang/String;|V
com.activision.game.MainActivity$b	onSystemUiVisibilityChange	public	7	sget	3|Lcom/activision/game/MainActivity;|F|Ljava/util/HashMap;
com.activision.game.MainActivity$b	onSystemUiVisibilityChange	public	8	other	iget-object v2, v2, v4481, Lcom/activision/game/MainActivity$b;->a:Lcom/activision/game/MainActivity;
com.activision.game.MainActivity$b	onSystemUiVisibilityChange	public	9	inv	virtual|None|v2|Lcom/activision/game/MainActivity;|p||V
com.activision.game.MainActivity$c	<init>		0	other	.registers 2
com.activision.game.MainActivity$c	<init>		1	other	iput-object v1, v0, v4482, Lcom/activision/game/MainActivity$c;->b:Lcom/activision/game/MainActivity;
com.activision.game.MainActivity$c	<init>		2	other	invoke-direct {v0}, Ljava/lang/Object;-><init>()V
com.activision.game.MainActivity$c	run	public	0	other	.registers 4
com.activision.game.MainActivity$c	run	public	1	other	iget-object v3, v3, v4482, Lcom/activision/game/MainActivity$c;->b:Lcom/activision/game/MainActivity;
com.activision.game.MainActivity$c	run	public	2	inv	static|None|v3|Lcom/activision/game/MainActivity;|l|Lcom/activision/game/MainActivity;|V
com.activision.game.MainActivity$c	run	public	3	other	iget-object v0, v3, v4502, Lcom/activision/game/MainActivity;->g:Landroid/os/Handler;
com.activision.game.MainActivity$c	run	public	4	other	iget-object v3, v3, v4486, Lcom/activision/game/MainActivity;->C:Lcom/activision/game/MainActivity$c;
com.activision.game.MainActivity$c	run	public	5	inv	virtual|None|v0, v3, v1, v2|Landroid/os/Handler;|postDelayed|BB|Z
com.activision.game.MainActivity$d	<init>		0	other	.registers 2
com.activision.game.MainActivity$d	<init>		1	other	iput-object v1, v0, v4483, Lcom/activision/game/MainActivity$d;->a:Lcom/activision/game/MainActivity;
com.activision.game.MainActivity$d	<init>		2	other	invoke-direct {v0}, Ljava/lang/Object;-><init>()V
com.activision.game.MainActivity$d	a	public	0	other	.registers 2
com.activision.game.MainActivity$d	a	public	1	other	iget-object v0, v0, v4483, Lcom/activision/game/MainActivity$d;->a:Lcom/activision/game/MainActivity;
com.activision.game.MainActivity$d	a	public	2	inv	virtual|None|v0, v1|Lcom/activision/game/MainActivity;|nativeCDNiANRHandler|Lcom/activision/anr/ANRError;|V
com.activision.game.MainActivity	<clinit>		0	other	.registers 11
com.activision.game.MainActivity	<clinit>		1	cstr	0|MainActivity
com.activision.game.MainActivity	<clinit>		2	inv	static|None|v1|Ljava/lang/Integer;|valueOf|I|Ljava/lang/Integer;
com.activision.game.MainActivity	<clinit>		3	other	sput-object v3, Lcom/activision/game/MainActivity;->H:[Ljava/lang/String;
com.activision.game.MainActivity	<clinit>		4	cstr	4|game
com.activision.game.MainActivity	<clinit>		5	inv	static|None|v4|Ljava/lang/System;|loadLibrary|Ljava/lang/String;|V
com.activision.game.MainActivity	<clinit>		6	cstr	4|Error loading libgame.so
com.activision.game.MainActivity	<clinit>		7	inv	static|None|v4|Lcom/activision/game/GameApplication;|c|Ljava/lang/String;|V
com.activision.game.MainActivity	<clinit>		8	sget	5|Ly1/a$a;|a|Ljava/util/TreeMap;
com.activision.game.MainActivity	<clinit>		9	inv	static|None|v6|Ljava/lang/Integer;|valueOf|I|Ljava/lang/Integer;
com.activision.game.MainActivity	<clinit>		10	cstr	7|libgame.so
com.activision.game.MainActivity	<clinit>		11	inv	interface|None|v5, v7, v6|Ljava/util/Map;|getOrDefault|Landroid/app/KeyguardManager;La3/b;|Ljava/lang/Object;
com.activision.game.MainActivity	<clinit>		12	ccast	5|Ljava/lang/Integer;
com.activision.game.MainActivity	<clinit>		13	inv	virtual|None|v5|Ljava/lang/Integer;|intValue||I
com.activision.game.MainActivity	<clinit>		14	new	4|Ljava/util/HashMap;
com.activision.game.MainActivity	<clinit>		15	other	invoke-direct {v4}, Ljava/util/HashMap;-><init>()V
com.activision.game.MainActivity	<clinit>		16	other	sput-object v4, Lcom/activision/game/MainActivity;->F:Ljava/util/HashMap;
com.activision.game.MainActivity	<clinit>		17	inv	virtual|None|v4, v2, v2|Ljava/util/HashMap;|put|Landroid/app/KeyguardManager;La3/b;|Ljava/lang/Object;
com.activision.game.MainActivity	<clinit>		18	inv	static|None|v3|Ljava/lang/Integer;|valueOf|I|Ljava/lang/Integer;
com.activision.game.MainActivity	<clinit>		19	inv	static|None|v3|Ljava/lang/Integer;|valueOf|I|Ljava/lang/Integer;
com.activision.game.MainActivity	<clinit>		20	inv	virtual|None|v4, v9, v10|Ljava/util/HashMap;|put|Landroid/app/KeyguardManager;La3/b;|Ljava/lang/Object;
com.activision.game.MainActivity	<clinit>		21	inv	static|None|v8|Ljava/lang/Integer;|valueOf|I|Ljava/lang/Integer;
com.activision.game.MainActivity	<clinit>		22	inv	static|None|v8|Ljava/lang/Integer;|valueOf|I|Ljava/lang/Integer;
com.activision.game.MainActivity	<clinit>		23	inv	virtual|None|v4, v9, v10|Ljava/util/HashMap;|put|Landroid/app/KeyguardManager;La3/b;|Ljava/lang/Object;
com.activision.game.MainActivity	<clinit>		24	inv	static|None|v7|Ljava/lang/Integer;|valueOf|I|Ljava/lang/Integer;
com.activision.game.MainActivity	<clinit>		25	inv	static|None|v7|Ljava/lang/Integer;|valueOf|I|Ljava/lang/Integer;
com.activision.game.MainActivity	<clinit>		26	inv	virtual|None|v4, v9, v10|Ljava/util/HashMap;|put|Landroid/app/KeyguardManager;La3/b;|Ljava/lang/Object;
com.activision.game.MainActivity	<clinit>		27	inv	static|None|v6|Ljava/lang/Integer;|valueOf|I|Ljava/lang/Integer;
com.activision.game.MainActivity	<clinit>		28	inv	static|None|v6|Ljava/lang/Integer;|valueOf|I|Ljava/lang/Integer;
com.activision.game.MainActivity	<clinit>		29	inv	virtual|None|v4, v9, v10|Ljava/util/HashMap;|put|Landroid/app/KeyguardManager;La3/b;|Ljava/lang/Object;
com.activision.game.MainActivity	<clinit>		30	inv	static|None|v5|Ljava/lang/Integer;|valueOf|I|Ljava/lang/Integer;
com.activision.game.MainActivity	<clinit>		31	inv	static|None|v5|Ljava/lang/Integer;|valueOf|I|Ljava/lang/Integer;
com.activision.game.MainActivity	<clinit>		32	inv	virtual|None|v4, v9, v10|Ljava/util/HashMap;|put|Landroid/app/KeyguardManager;La3/b;|Ljava/lang/Object;
com.activision.game.MainActivity	<clinit>		33	inv	static|None|v9|Ljava/lang/Integer;|valueOf|I|Ljava/lang/Integer;
com.activision.game.MainActivity	<clinit>		34	inv	static|None|v9|Ljava/lang/Integer;|valueOf|I|Ljava/lang/Integer;
com.activision.game.MainActivity	<clinit>		35	inv	virtual|None|v4, v10, v9|Ljava/util/HashMap;|put|Landroid/app/KeyguardManager;La3/b;|Ljava/lang/Object;
com.activision.game.MainActivity	<clinit>		36	sget	9|Lcom/activision/game/GameApplication;|b|Lx1/b;
com.activision.game.MainActivity	<clinit>		37	cstr	9|Failed to populate MOBILE_THERMAL_MAP
com.activision.game.MainActivity	<clinit>		38	inv	static|None|v0, v9, v4|Landroid/util/Log;|w|Landroid/app/NotificationChannel;La3/b;Landroid/app/NotificationChannel;|I
com.activision.game.MainActivity	<clinit>		39	new	4|Ljava/util/HashMap;
com.activision.game.MainActivity	<clinit>		40	other	invoke-direct {v4}, Ljava/util/HashMap;-><init>()V
com.activision.game.MainActivity	<clinit>		41	other	sput-object v4, Lcom/activision/game/MainActivity;->G:Ljava/util/HashMap;
com.activision.game.MainActivity	<clinit>		42	inv	virtual|None|v4, v2, v9|Ljava/util/HashMap;|put|Landroid/app/KeyguardManager;La3/b;|Ljava/lang/Object;
com.activision.game.MainActivity	<clinit>		43	inv	static|None|v3|Ljava/lang/Integer;|valueOf|I|Ljava/lang/Integer;
com.activision.game.MainActivity	<clinit>		44	inv	virtual|None|v4, v2, v9|Ljava/util/HashMap;|put|Landroid/app/KeyguardManager;La3/b;|Ljava/lang/Object;
com.activision.game.MainActivity	<clinit>		45	inv	static|None|v8|Ljava/lang/Integer;|valueOf|I|Ljava/lang/Integer;
com.activision.game.MainActivity	<clinit>		46	cstr	9|android.permission.RECORD_AUDIO
com.activision.game.MainActivity	<clinit>		47	inv	virtual|None|v4, v2, v9|Ljava/util/HashMap;|put|Landroid/app/KeyguardManager;La3/b;|Ljava/lang/Object;
com.activision.game.MainActivity	<clinit>		48	inv	static|None|v7|Ljava/lang/Integer;|valueOf|I|Ljava/lang/Integer;
com.activision.game.MainActivity	<clinit>		49	cstr	9|android.permission.POST_NOTIFICATIONS
com.activision.game.MainActivity	<clinit>		50	inv	virtual|None|v4, v2, v9|Ljava/util/HashMap;|put|Landroid/app/KeyguardManager;La3/b;|Ljava/lang/Object;
com.activision.game.MainActivity	<clinit>		51	inv	static|None|v6|Ljava/lang/Integer;|valueOf|I|Ljava/lang/Integer;
com.activision.game.MainActivity	<clinit>		52	inv	virtual|None|v4, v2, v6|Ljava/util/HashMap;|put|Landroid/app/KeyguardManager;La3/b;|Ljava/lang/Object;
com.activision.game.MainActivity	<clinit>		53	inv	static|None|v5|Ljava/lang/Integer;|valueOf|I|Ljava/lang/Integer;
com.activision.game.MainActivity	<clinit>		54	cstr	5|android.permission.CAMERA
com.activision.game.MainActivity	<clinit>		55	inv	virtual|None|v4, v2, v5|Ljava/util/HashMap;|put|Landroid/app/KeyguardManager;La3/b;|Ljava/lang/Object;
com.activision.game.MainActivity	<clinit>		56	sget	4|Lcom/activision/game/GameApplication;|b|Lx1/b;
com.activision.game.MainActivity	<clinit>		57	cstr	4|Failed to populate MOBILE_PERMISSION_MAP
com.activision.game.MainActivity	<clinit>		58	inv	static|None|v0, v4, v2|Landroid/util/Log;|w|Landroid/app/NotificationChannel;La3/b;Landroid/app/NotificationChannel;|I
com.activision.game.MainActivity	<clinit>		59	new	0|Ljava/util/HashMap;
com.activision.game.MainActivity	<clinit>		60	other	invoke-direct {v0}, Ljava/util/HashMap;-><init>()V
com.activision.game.MainActivity	<clinit>		61	other	sput-object v0, Lcom/activision/game/MainActivity;->I:Ljava/util/HashMap;
com.activision.game.MainActivity	<clinit>		62	inv	static|None|v3|Ljava/lang/Integer;|valueOf|I|Ljava/lang/Integer;
com.activision.game.MainActivity	<clinit>		63	cstr	3|android.settings.SETTINGS
com.activision.game.MainActivity	<clinit>		64	inv	virtual|None|v0, v2, v3|Ljava/util/HashMap;|put|Landroid/app/KeyguardManager;La3/b;|Ljava/lang/Object;
com.activision.game.MainActivity	<clinit>		65	inv	static|None|v8|Ljava/lang/Integer;|valueOf|I|Ljava/lang/Integer;
com.activision.game.MainActivity	<clinit>		66	cstr	3|android.settings.WIFI_SETTINGS
com.activision.game.MainActivity	<clinit>		67	inv	virtual|None|v0, v2, v3|Ljava/util/HashMap;|put|Landroid/app/KeyguardManager;La3/b;|Ljava/lang/Object;
com.activision.game.MainActivity	<clinit>		68	inv	static|None|v7|Ljava/lang/Integer;|valueOf|I|Ljava/lang/Integer;
com.activision.game.MainActivity	<clinit>		69	cstr	3|android.settings.INTERNAL_STORAGE_SETTINGS
com.activision.game.MainActivity	<clinit>		70	inv	virtual|None|v0, v2, v3|Ljava/util/HashMap;|put|Landroid/app/KeyguardManager;La3/b;|Ljava/lang/Object;
com.activision.game.MainActivity	<clinit>		71	other	sput-object v0, Lcom/activision/game/MainActivity;->J:Lcom/activision/game/MainActivity;
com.activision.game.MainActivity	<init>		0	other	.registers 4
com.activision.game.MainActivity	<init>		1	other	invoke-direct {v3}, Lcom/google/androidgamesdk/GameActivity;-><init>()V
com.activision.game.MainActivity	<init>		2	new	1|Ly1/p;
com.activision.game.MainActivity	<init>		3	other	invoke-direct {v1}, Ly1/p;-><init>()V
com.activision.game.MainActivity	<init>		4	other	iput-object v1, v3, v4507, Lcom/activision/game/MainActivity;->l:Ly1/p;
com.activision.game.MainActivity	<init>		5	new	1|Ljava/util/concurrent/Semaphore;
com.activision.game.MainActivity	<init>		6	other	invoke-direct {v1, v0, v2}, Ljava/util/concurrent/Semaphore;-><init>(BB)V
com.activision.game.MainActivity	<init>		7	other	iput-object v1, v3, v4508, Lcom/activision/game/MainActivity;->m:Ljava/util/concurrent/Semaphore;
com.activision.game.MainActivity	<init>		8	other	iput-object v1, v3, v4521, Lcom/activision/game/MainActivity;->z:Ly1/a0;
com.activision.game.MainActivity	<init>		9	other	iput-object v1, v3, v4484, Lcom/activision/game/MainActivity;->A:Ly1/b0;
com.activision.game.MainActivity	<init>		10	new	1|Lcom/activision/game/MainActivity$c;
com.activision.game.MainActivity	<init>		11	other	invoke-direct {v1, v3}, Lcom/activision/game/MainActivity$c;-><init>(Lcom/activision/game/MainActivity;)V
com.activision.game.MainActivity	<init>		12	other	iput-object v1, v3, v4486, Lcom/activision/game/MainActivity;->C:Lcom/activision/game/MainActivity$c;
com.activision.game.MainActivity	<init>		13	new	1|Ljava/util/concurrent/Semaphore;
com.activision.game.MainActivity	<init>		14	other	invoke-direct {v1, v0, v2}, Ljava/util/concurrent/Semaphore;-><init>(BB)V
com.activision.game.MainActivity	<init>		15	other	iput-object v1, v3, v4487, Lcom/activision/game/MainActivity;->D:Ljava/util/concurrent/Semaphore;
com.activision.game.MainActivity	<init>		16	new	0|Lcom/activision/game/MainActivity$d;
com.activision.game.MainActivity	<init>		17	other	invoke-direct {v0, v3}, Lcom/activision/game/MainActivity$d;-><init>(Lcom/activision/game/MainActivity;)V
com.activision.game.MainActivity	<init>		18	other	iput-object v0, v3, v4488, Lcom/activision/game/MainActivity;->E:Lcom/activision/game/MainActivity$d;
com.activision.game.MainActivity	<init>		19	ccls	0|Lcom/activision/game/MainActivity;
com.activision.game.MainActivity	<init>		20	other	monitor-enter v0
com.activision.game.MainActivity	<init>		21	sget	1|Lcom/activision/game/MainActivity;|J|Lcom/activision/game/MainActivity;
com.activision.game.MainActivity	<init>		22	other	sput-object v3, Lcom/activision/game/MainActivity;->J:Lcom/activision/game/MainActivity;
com.activision.game.MainActivity	<init>		23	other	monitor-exit v0
com.activision.game.MainActivity	<init>		24	other	monitor-exit v0
com.activision.game.MainActivity	c	public,static	0	other	.registers 4
com.activision.game.MainActivity	c	public,static	1	inv	virtual|None|v1|Ljava/lang/Object;|getClass||Ljava/lang/Class;
com.activision.game.MainActivity	c	public,static	2	inv	virtual|None|v3|Lk/j;|getText||Landroid/text/Editable;
com.activision.game.MainActivity	c	public,static	3	inv	virtual|None|v2|Ljava/lang/Object;|toString||Ljava/lang/String;
com.activision.game.MainActivity	c	public,static	4	inv	virtual|None|v2|Ljava/lang/String;|trim||Ljava/lang/String;
com.activision.game.MainActivity	c	public,static	5	inv	static|None|v2|Lcom/activision/game/MainActivity;|nativeCallKeyboardCallback|Ljava/lang/String;|V
com.activision.game.MainActivity	c	public,static	6	other	iget-object v1, v1, v4516, Lcom/activision/game/MainActivity;->u:Lcom/activision/game/b;
com.activision.game.MainActivity	c	public,static	7	inv	virtual|None|v1|Lcom/activision/game/b;|dismiss||V
com.activision.game.MainActivity	c	public,static	8	other	iget-object v2, v1, v4516, Lcom/activision/game/MainActivity;->u:Lcom/activision/game/b;
com.activision.game.MainActivity	c	public,static	9	inv	virtual|None|v2|Landroid/app/Dialog;|isShowing||Z
com.activision.game.MainActivity	c	public,static	10	other	iget-object v1, v1, v4516, Lcom/activision/game/MainActivity;->u:Lcom/activision/game/b;
com.activision.game.MainActivity	c	public,static	11	inv	virtual|None|v1|Lcom/activision/game/b;|dismiss||V
com.activision.game.MainActivity	c	public,static	12	inv	virtual|None|v3|Lk/j;|getText||Landroid/text/Editable;
com.activision.game.MainActivity	c	public,static	13	inv	virtual|None|v1|Ljava/lang/Object;|toString||Ljava/lang/String;
com.activision.game.MainActivity	c	public,static	14	inv	virtual|None|v1|Ljava/lang/String;|trim||Ljava/lang/String;
com.activision.game.MainActivity	c	public,static	15	inv	static|None|v1|Lcom/activision/game/MainActivity;|nativeCallKeyboardCallbackCancelled|Ljava/lang/String;|V
com.activision.game.MainActivity	clearCookies	private	0	other	.registers 2
com.activision.game.MainActivity	clearCookies	private	1	new	1|Ljava/lang/StringBuilder;
com.activision.game.MainActivity	clearCookies	private	2	cstr	0|Using clearCookies code for API >=
com.activision.game.MainActivity	clearCookies	private	3	other	invoke-direct {v1, v0}, Ljava/lang/StringBuilder;-><init>(Ljava/lang/String;)V
com.activision.game.MainActivity	clearCookies	private	4	inv	static|None|v0|Ljava/lang/String;|valueOf|I|Ljava/lang/String;
com.activision.game.MainActivity	clearCookies	private	5	inv	virtual|None|v1, v0|Ljava/lang/StringBuilder;|append|Ljava/lang/String;|Ljava/lang/StringBuilder;
com.activision.game.MainActivity	clearCookies	private	6	inv	virtual|None|v1|Ljava/lang/StringBuilder;|toString||Ljava/lang/String;
com.activision.game.MainActivity	clearCookies	private	7	cstr	0|Web
com.activision.game.MainActivity	clearCookies	private	8	inv	static|None|v0, v1|Landroid/util/Log;|d|Landroid/app/NotificationChannel;La3/b;|I
com.activision.game.MainActivity	clearCookies	private	9	inv	static|None||Landroid/webkit/CookieManager;|getInstance||Landroid/webkit/CookieManager;
com.activision.game.MainActivity	clearCookies	private	10	inv	virtual|None|v1, v0|Landroid/webkit/CookieManager;|removeAllCookies|Landroid/webkit/ValueCallback;|V
com.activision.game.MainActivity	clearCookies	private	11	inv	static|None||Landroid/webkit/CookieManager;|getInstance||Landroid/webkit/CookieManager;
com.activision.game.MainActivity	clearCookies	private	12	inv	virtual|None|v1|Landroid/webkit/CookieManager;|flush||V
com.activision.game.MainActivity	closeCDNIDebugInfoView	private	0	other	.registers 3
com.activision.game.MainActivity	closeCDNIDebugInfoView	private	1	new	0|Ly1/w;
com.activision.game.MainActivity	closeCDNIDebugInfoView	private	2	other	invoke-direct {v0, v2, v1}, Ly1/w;-><init>(BB)V
com.activision.game.MainActivity	closeCDNIDebugInfoView	private	3	inv	virtual|None|v2, v0|Landroid/app/Activity;|runOnUiThread|Ljava/lang/Runnable;|V
com.activision.game.MainActivity	closeWeb	private	0	other	.registers 3
com.activision.game.MainActivity	closeWeb	private	1	new	0|Ly1/w;
com.activision.game.MainActivity	closeWeb	private	2	other	invoke-direct {v0, v2, v1}, Ly1/w;-><init>(BB)V
com.activision.game.MainActivity	closeWeb	private	3	inv	virtual|None|v2, v0|Landroid/app/Activity;|runOnUiThread|Ljava/lang/Runnable;|V
com.activision.game.MainActivity	d	public,static	0	other	.registers 2
com.activision.game.MainActivity	d	public,static	1	other	iget-object v0, v1, v4516, Lcom/activision/game/MainActivity;->u:Lcom/activision/game/b;
com.activision.game.MainActivity	d	public,static	2	inv	virtual|None|v0|Landroid/app/Dialog;|isShowing||Z
com.activision.game.MainActivity	d	public,static	3	other	iget-object v1, v1, v4516, Lcom/activision/game/MainActivity;->u:Lcom/activision/game/b;
com.activision.game.MainActivity	d	public,static	4	inv	virtual|None|v1|Lcom/activision/game/b;|dismiss||V
com.activision.game.MainActivity	d	public,static	5	cstr	1|
com.activision.game.MainActivity	d	public,static	6	inv	static|None|v1|Lcom/activision/game/MainActivity;|nativeCallKeyboardCallbackCancelled|Ljava/lang/String;|V
com.activision.game.MainActivity	e	public,static	0	other	.registers 14
com.activision.game.MainActivity	e	public,static	1	inv	virtual|None|v13|Ljava/lang/Object;|getClass||Ljava/lang/Class;
com.activision.game.MainActivity	e	public,static	2	cstr	0|Region Detection: Pre-Engine semaphore acquired: 
com.activision.game.MainActivity	e	public,static	3	cstr	1|Splash semaphore acquired: 
com.activision.game.MainActivity	e	public,static	4	cstr	2|Meta Fetch: Pre-Engine semaphore acquired: 
com.activision.game.MainActivity	e	public,static	5	new	3|Ly1/v;
com.activision.game.MainActivity	e	public,static	6	other	invoke-direct {v3, v13, v4}, Ly1/v;-><init>(BB)V
com.activision.game.MainActivity	e	public,static	7	inv	virtual|None|v13, v3|Landroid/app/Activity;|runOnUiThread|Ljava/lang/Runnable;|V
com.activision.game.MainActivity	e	public,static	8	other	iget-object v3, v13, v4510, Lcom/activision/game/MainActivity;->o:Lcom/activision/game/preenginetasks/MetaFetchTask;
com.activision.game.MainActivity	e	public,static	9	inv	virtual|None|v3|Ljava/lang/Object;|getClass||Ljava/lang/Class;
com.activision.game.MainActivity	e	public,static	10	cstr	5|MainActivity
com.activision.game.MainActivity	e	public,static	11	cstr	8| ms
com.activision.game.MainActivity	e	public,static	12	other	iget-object v3, v13, v4510, Lcom/activision/game/MainActivity;->o:Lcom/activision/game/preenginetasks/MetaFetchTask;
com.activision.game.MainActivity	e	public,static	13	other	iget-object v9, v13, v4509, Lcom/activision/game/MainActivity;->n:Ljava/util/concurrent/Semaphore;
com.activision.game.MainActivity	e	public,static	14	other	iput-object v9, v3, v4543, Lcom/activision/game/preenginetasks/MetaFetchTask;->b:Ljava/util/concurrent/Semaphore;
com.activision.game.MainActivity	e	public,static	15	new	9|Ljava/lang/Thread;
com.activision.game.MainActivity	e	public,static	16	new	10|Landroidx/core/app/a;
com.activision.game.MainActivity	e	public,static	17	other	invoke-direct {v10, v4, v3}, Landroidx/core/app/a;-><init>(BB)V
com.activision.game.MainActivity	e	public,static	18	other	invoke-direct {v9, v10}, Ljava/lang/Thread;-><init>(Ljava/lang/Runnable;)V
com.activision.game.MainActivity	e	public,static	19	inv	virtual|None|v9|Ljava/lang/Thread;|start||V
com.activision.game.MainActivity	e	public,static	20	inv	static|None||Ljava/lang/System;|currentTimeMillis||J
com.activision.game.MainActivity	e	public,static	21	other	iget-object v3, v13, v4509, Lcom/activision/game/MainActivity;->n:Ljava/util/concurrent/Semaphore;
com.activision.game.MainActivity	e	public,static	22	sget	11|Ljava/util/concurrent/TimeUnit;|MILLISECONDS|Ljava/util/concurrent/TimeUnit;
com.activision.game.MainActivity	e	public,static	23	inv	virtual|None|v3, v6, v7, v11|Ljava/util/concurrent/Semaphore;|tryAcquire|BB|Z
com.activision.game.MainActivity	e	public,static	24	new	3|Ljava/lang/StringBuilder;
com.activision.game.MainActivity	e	public,static	25	other	invoke-direct {v3, v2}, Ljava/lang/StringBuilder;-><init>(Ljava/lang/String;)V
com.activision.game.MainActivity	e	public,static	26	inv	static|None||Ljava/lang/System;|currentTimeMillis||J
com.activision.game.MainActivity	e	public,static	27	inv	virtual|None|v3, v11, v12|Ljava/lang/StringBuilder;|append|B|Ljava/lang/StringBuilder;
com.activision.game.MainActivity	e	public,static	28	inv	virtual|None|v3, v8|Ljava/lang/StringBuilder;|append|Ljava/lang/String;|Ljava/lang/StringBuilder;
com.activision.game.MainActivity	e	public,static	29	inv	virtual|None|v3|Ljava/lang/StringBuilder;|toString||Ljava/lang/String;
com.activision.game.MainActivity	e	public,static	30	inv	static|None|v2|Lcom/activision/game/GameApplication;|b|Ljava/lang/String;|V
com.activision.game.MainActivity	e	public,static	31	cstr	2|Meta Fetch: Failed to acquire Pre-Engine semaphore: 5000 ms
com.activision.game.MainActivity	e	public,static	32	sget	3|Lcom/activision/game/GameApplication;|b|Lx1/b;
com.activision.game.MainActivity	e	public,static	33	inv	static|None|v5, v2|Landroid/util/Log;|w|Landroid/app/NotificationChannel;La3/b;|I
com.activision.game.MainActivity	e	public,static	34	cstr	2|Meta Fetch: Pre-Engine semaphore interrupted
com.activision.game.MainActivity	e	public,static	35	inv	static|None|v2|Lcom/activision/game/GameApplication;|c|Ljava/lang/String;|V
com.activision.game.MainActivity	e	public,static	36	other	iget-object v2, v13, v4511, Lcom/activision/game/MainActivity;->p:Lcom/activision/game/preenginetasks/RegionDetectionTask;
com.activision.game.MainActivity	e	public,static	37	inv	virtual|None|v2|Ljava/lang/Object;|getClass||Ljava/lang/Class;
com.activision.game.MainActivity	e	public,static	38	other	iget-object v2, v13, v4511, Lcom/activision/game/MainActivity;->p:Lcom/activision/game/preenginetasks/RegionDetectionTask;
com.activision.game.MainActivity	e	public,static	39	other	iget-object v3, v13, v4509, Lcom/activision/game/MainActivity;->n:Ljava/util/concurrent/Semaphore;
com.activision.game.MainActivity	e	public,static	40	other	iput-object v3, v2, v4549, Lcom/activision/game/preenginetasks/RegionDetectionTask;->c:Ljava/util/concurrent/Semaphore;
com.activision.game.MainActivity	e	public,static	41	cstr	3|geoip_region
com.activision.game.MainActivity	e	public,static	42	cstr	9|
com.activision.game.MainActivity	e	public,static	43	other	iget-object v10, v2, v4547, Lcom/activision/game/preenginetasks/RegionDetectionTask;->a:Lf/c;
com.activision.game.MainActivity	e	public,static	44	inv	static|None|v10, v3, v9|Lz1/a;|a|BBB|Ljava/lang/Object;
com.activision.game.MainActivity	e	public,static	45	ccast	3|Ljava/lang/String;
com.activision.game.MainActivity	e	public,static	46	inv	virtual|None|v3|Ljava/lang/String;|isEmpty||Z
com.activision.game.MainActivity	e	public,static	47	inv	virtual|None|v2|Lcom/activision/game/preenginetasks/RegionDetectionTask;|a||V
com.activision.game.MainActivity	e	public,static	48	inv	virtual|None|v2, v3|Lcom/activision/game/preenginetasks/RegionDetectionTask;|c|Z|V
com.activision.game.MainActivity	e	public,static	49	inv	static|None||Ljava/lang/System;|currentTimeMillis||J
com.activision.game.MainActivity	e	public,static	50	other	iget-object v9, v13, v4509, Lcom/activision/game/MainActivity;->n:Ljava/util/concurrent/Semaphore;
com.activision.game.MainActivity	e	public,static	51	sget	10|Ljava/util/concurrent/TimeUnit;|MILLISECONDS|Ljava/util/concurrent/TimeUnit;
com.activision.game.MainActivity	e	public,static	52	inv	virtual|None|v9, v6, v7, v10|Ljava/util/concurrent/Semaphore;|tryAcquire|BB|Z
com.activision.game.MainActivity	e	public,static	53	new	6|Ljava/lang/StringBuilder;
com.activision.game.MainActivity	e	public,static	54	other	invoke-direct {v6, v0}, Ljava/lang/StringBuilder;-><init>(Ljava/lang/String;)V
com.activision.game.MainActivity	e	public,static	55	inv	static|None||Ljava/lang/System;|currentTimeMillis||J
com.activision.game.MainActivity	e	public,static	56	inv	virtual|None|v6, v9, v10|Ljava/lang/StringBuilder;|append|B|Ljava/lang/StringBuilder;
com.activision.game.MainActivity	e	public,static	57	inv	virtual|None|v6, v8|Ljava/lang/StringBuilder;|append|Ljava/lang/String;|Ljava/lang/StringBuilder;
com.activision.game.MainActivity	e	public,static	58	inv	virtual|None|v6|Ljava/lang/StringBuilder;|toString||Ljava/lang/String;
com.activision.game.MainActivity	e	public,static	59	inv	static|None|v0|Lcom/activision/game/GameApplication;|b|Ljava/lang/String;|V
com.activision.game.MainActivity	e	public,static	60	cstr	0|Region Detection: Failed to acquire Pre-Engine semaphore: 5000 ms
com.activision.game.MainActivity	e	public,static	61	sget	2|Lcom/activision/game/GameApplication;|b|Lx1/b;
com.activision.game.MainActivity	e	public,static	62	inv	static|None|v5, v0|Landroid/util/Log;|w|Landroid/app/NotificationChannel;La3/b;|I
com.activision.game.MainActivity	e	public,static	63	cstr	0|Region Detection: Pre-Engine semaphore interrupted
com.activision.game.MainActivity	e	public,static	64	inv	static|None|v0|Lcom/activision/game/GameApplication;|c|Ljava/lang/String;|V
com.activision.game.MainActivity	e	public,static	65	inv	virtual|None|v13|Lcom/activision/game/MainActivity;|r||V
com.activision.game.MainActivity	e	public,static	66	other	iput-object v0, v13, v4509, Lcom/activision/game/MainActivity;->n:Ljava/util/concurrent/Semaphore;
com.activision.game.MainActivity	e	public,static	67	inv	static|None||Ljava/lang/System;|currentTimeMillis||J
com.activision.game.MainActivity	e	public,static	68	other	iget-object v6, v13, v4508, Lcom/activision/game/MainActivity;->m:Ljava/util/concurrent/Semaphore;
com.activision.game.MainActivity	e	public,static	69	sget	7|Ljava/util/concurrent/TimeUnit;|MILLISECONDS|Ljava/util/concurrent/TimeUnit;
com.activision.game.MainActivity	e	public,static	70	inv	virtual|None|v6, v9, v10, v7|Ljava/util/concurrent/Semaphore;|tryAcquire|BB|Z
com.activision.game.MainActivity	e	public,static	71	new	5|Ljava/lang/StringBuilder;
com.activision.game.MainActivity	e	public,static	72	other	invoke-direct {v5, v1}, Ljava/lang/StringBuilder;-><init>(Ljava/lang/String;)V
com.activision.game.MainActivity	e	public,static	73	inv	static|None||Ljava/lang/System;|currentTimeMillis||J
com.activision.game.MainActivity	e	public,static	74	inv	virtual|None|v5, v6, v7|Ljava/lang/StringBuilder;|append|B|Ljava/lang/StringBuilder;
com.activision.game.MainActivity	e	public,static	75	inv	virtual|None|v5, v8|Ljava/lang/StringBuilder;|append|Ljava/lang/String;|Ljava/lang/StringBuilder;
com.activision.game.MainActivity	e	public,static	76	inv	virtual|None|v5|Ljava/lang/StringBuilder;|toString||Ljava/lang/String;
com.activision.game.MainActivity	e	public,static	77	inv	static|None|v1|Lcom/activision/game/GameApplication;|b|Ljava/lang/String;|V
com.activision.game.MainActivity	e	public,static	78	cstr	1|Failed to acquire splash semaphore: 500 ms
com.activision.game.MainActivity	e	public,static	79	sget	2|Lcom/activision/game/GameApplication;|b|Lx1/b;
com.activision.game.MainActivity	e	public,static	80	inv	static|None|v5, v1|Landroid/util/Log;|w|Landroid/app/NotificationChannel;La3/b;|I
com.activision.game.MainActivity	e	public,static	81	cstr	1|Splash semaphore interrupted
com.activision.game.MainActivity	e	public,static	82	inv	static|None|v1|Lcom/activision/game/GameApplication;|c|Ljava/lang/String;|V
com.activision.game.MainActivity	e	public,static	83	other	iput-object v0, v13, v4508, Lcom/activision/game/MainActivity;->m:Ljava/util/concurrent/Semaphore;
com.activision.game.MainActivity	e	public,static	84	inv	static|None|v4|Lcom/activision/game/MainActivity;|nativeBootstrapPermissionsResult|Z|V
com.activision.game.MainActivity	executeJavascript	private	0	other	.registers 4
com.activision.game.MainActivity	executeJavascript	private	1	new	0|Ly1/t;
com.activision.game.MainActivity	executeJavascript	private	2	other	invoke-direct {v0, v2, v3, v1}, Ly1/t;-><init>(BBB)V
com.activision.game.MainActivity	executeJavascript	private	3	inv	virtual|None|v2, v0|Landroid/app/Activity;|runOnUiThread|Ljava/lang/Runnable;|V
com.activision.game.MainActivity	f	public,static	0	other	.registers 5
com.activision.game.MainActivity	f	public,static	1	inv	virtual|None|v4|Ljava/lang/Object;|getClass||Ljava/lang/Class;
com.activision.game.MainActivity	f	public,static	2	inv	static|None||Lcom/activision/game/MainActivity;|isAdrenoGpu||Z
com.activision.game.MainActivity	f	public,static	3	inv	static|None|v0|Landroid/opengl/EGL14;|eglGetDisplay|I|Landroid/opengl/EGLDisplay;
com.activision.game.MainActivity	f	public,static	4	inv	static|None|v1, v2, v0, v2, v3|Landroid/opengl/EGL14;|eglInitialize|BBBLa7/i;C|Z
com.activision.game.MainActivity	f	public,static	5	new	0|Ljava/lang/StringBuilder;
com.activision.game.MainActivity	f	public,static	6	cstr	1|file:///android_asset/bootstrap/splash.html?locale=
com.activision.game.MainActivity	f	public,static	7	other	invoke-direct {v0, v1}, Ljava/lang/StringBuilder;-><init>(Ljava/lang/String;)V
com.activision.game.MainActivity	f	public,static	8	inv	virtual|None|v4|Lcom/activision/game/MainActivity;|getSystemLocale||Ljava/lang/String;
com.activision.game.MainActivity	f	public,static	9	inv	virtual|None|v0, v1|Ljava/lang/StringBuilder;|append|Ljava/lang/String;|Ljava/lang/StringBuilder;
com.activision.game.MainActivity	f	public,static	10	cstr	1|&lang=
com.activision.game.MainActivity	f	public,static	11	inv	virtual|None|v0, v1|Ljava/lang/StringBuilder;|append|Ljava/lang/String;|Ljava/lang/StringBuilder;
com.activision.game.MainActivity	f	public,static	12	inv	virtual|None|v4|Lcom/activision/game/MainActivity;|getSystemLanguage||Ljava/lang/String;
com.activision.game.MainActivity	f	public,static	13	inv	virtual|None|v0, v1|Ljava/lang/StringBuilder;|append|Ljava/lang/String;|Ljava/lang/StringBuilder;
com.activision.game.MainActivity	f	public,static	14	inv	virtual|None|v0|Ljava/lang/StringBuilder;|toString||Ljava/lang/String;
com.activision.game.MainActivity	f	public,static	15	inv	direct|None|v4, v0, v1|Lcom/activision/game/MainActivity;|loadWeb|Landroid/app/NotificationChannel;La3/b;|V
com.activision.game.MainActivity	g	public,static	0	other	.registers 9
com.activision.game.MainActivity	g	public,static	1	inv	virtual|None|v8|Landroid/content/Context;|getApplicationContext||Landroid/content/Context;
com.activision.game.MainActivity	g	public,static	2	cstr	1|power
com.activision.game.MainActivity	g	public,static	3	inv	virtual|None|v0, v1|Landroid/content/Context;|getSystemService|Ljava/lang/String;|Ljava/lang/Object;
com.activision.game.MainActivity	g	public,static	4	ccast	0|Landroid/os/PowerManager;
com.activision.game.MainActivity	g	public,static	5	inv	static|None|v0, v1|Landroidx/core/app/l;|a|BB|F
com.activision.game.MainActivity	g	public,static	6	inv	static|None|v2, v3|Ljava/lang/Thread;|sleep|B|V
com.activision.game.MainActivity	g	public,static	7	inv	static|None||Ljava/lang/Thread;|interrupted||Z
com.activision.game.MainActivity	g	public,static	8	inv	static|None|v0, v5|Landroidx/core/app/l;|a|BB|F
com.activision.game.MainActivity	g	public,static	9	inv	direct|None|v8, v5, v1|Lcom/activision/game/MainActivity;|nativeThermalHeadRoom|BB|V
com.activision.game.MainActivity	g	public,static	10	inv	static|None|v2, v3|Ljava/lang/Thread;|sleep|B|V
com.activision.game.MainActivity	g	public,static	11	sget	0|Lcom/activision/game/MainActivity;|L|Ljava/lang/Thread;
com.activision.game.MainActivity	g	public,static	12	sget	0|Lcom/activision/game/GameApplication;|b|Lx1/b;
com.activision.game.MainActivity	g	public,static	13	cstr	0|MainActivity
com.activision.game.MainActivity	g	public,static	14	cstr	1|THERMAL:checker interrupted unexpectedly
com.activision.game.MainActivity	g	public,static	15	inv	static|None|v0, v1, v8|Landroid/util/Log;|e|Landroid/app/NotificationChannel;La3/b;Landroid/app/NotificationChannel;|I
com.activision.game.MainActivity	g	public,static	16	other	sput-object v8, Lcom/activision/game/MainActivity;->L:Ljava/lang/Thread;
com.activision.game.MainActivity	getAppId	private	0	other	.registers 1
com.activision.game.MainActivity	getAppId	private	1	inv	virtual|None|v0|Landroid/content/Context;|getPackageName||Ljava/lang/String;
com.activision.game.MainActivity	getNativeWindowHeight	private	0	other	.registers 2
com.activision.game.MainActivity	getNativeWindowHeight	private	1	inv	static|None||Landroidx/window/layout/z;|a||Landroidx/window/layout/z;
com.activision.game.MainActivity	getNativeWindowHeight	private	2	inv	interface|None|v0, v1|Landroidx/window/layout/z;|b|Landroid/app/Activity;|Landroidx/window/layout/y;
com.activision.game.MainActivity	getNativeWindowHeight	private	3	inv	virtual|None|v1|Landroidx/window/layout/y;|a||Landroid/graphics/Rect;
com.activision.game.MainActivity	getNativeWindowHeight	private	4	inv	virtual|None|v1|Landroid/graphics/Rect;|height||I
com.activision.game.MainActivity	getNativeWindowWidth	private	0	other	.registers 2
com.activision.game.MainActivity	getNativeWindowWidth	private	1	inv	static|None||Landroidx/window/layout/z;|a||Landroidx/window/layout/z;
com.activision.game.MainActivity	getNativeWindowWidth	private	2	inv	interface|None|v0, v1|Landroidx/window/layout/z;|b|Landroid/app/Activity;|Landroidx/window/layout/y;
com.activision.game.MainActivity	getNativeWindowWidth	private	3	inv	virtual|None|v1|Landroidx/window/layout/y;|a||Landroid/graphics/Rect;
com.activision.game.MainActivity	getNativeWindowWidth	private	4	inv	virtual|None|v1|Landroid/graphics/Rect;|width||I
com.activision.game.MainActivity	h	public,static	0	other	.registers 1
com.activision.game.MainActivity	h	public,static	1	inv	direct|None|v0|Lcom/activision/game/MainActivity;|closeWeb||V
com.activision.game.MainActivity	i	public,static	0	other	.registers 2
com.activision.game.MainActivity	i	public,static	1	sget	0|Lcom/activision/game/MainActivity;|F|Ljava/util/HashMap;
com.activision.game.MainActivity	i	public,static	2	inv	static|None|v1|Ljava/lang/Integer;|valueOf|I|Ljava/lang/Integer;
com.activision.game.MainActivity	i	public,static	3	inv	virtual|None|v0, v1|Ljava/util/HashMap;|get|Ljava/lang/Object;|Ljava/lang/Object;
com.activision.game.MainActivity	i	public,static	4	ccast	1|Ljava/lang/Integer;
com.activision.game.MainActivity	i	public,static	5	inv	virtual|None|v1|Ljava/lang/Integer;|intValue||I
com.activision.game.MainActivity	i	public,static	6	inv	static|None|v1|Lcom/activision/game/MainActivity;|nativeThermalEvent|I|V
com.activision.game.MainActivity	isInitAllowed	private	0	other	.registers 2
com.activision.game.MainActivity	j	public,static	0	other	.registers 1
com.activision.game.MainActivity	j	public,static	1	inv	static|None|v0|Lcom/activision/game/MainActivity;|nativeBootstrapPermissionsResult|Z|V
com.activision.game.MainActivity	k	public,static	0	other	.registers 2
com.activision.game.MainActivity	k	public,static	1	inv	direct|None|v0, v1|Lcom/activision/game/MainActivity;|onRotationChanged|I|V
com.activision.game.MainActivity	l	public,static	0	other	.registers 8
com.activision.game.MainActivity	l	public,static	1	inv	virtual|None|v7|Lcom/activision/game/MainActivity;|getExternalStorageDirectory||Ljava/lang/String;
com.activision.game.MainActivity	l	public,static	2	new	1|Landroid/os/StatFs;
com.activision.game.MainActivity	l	public,static	3	other	invoke-direct {v1, v0}, Landroid/os/StatFs;-><init>(Ljava/lang/String;)V
com.activision.game.MainActivity	l	public,static	4	inv	virtual|None|v1|Landroid/os/StatFs;|getAvailableBytes||J
com.activision.game.MainActivity	l	public,static	5	inv	virtual|None|v1|Landroid/os/StatFs;|getTotalBytes||J
com.activision.game.MainActivity	loadWeb	private	0	other	.registers 5
com.activision.game.MainActivity	loadWeb	private	1	new	0|Ly1/u;
com.activision.game.MainActivity	loadWeb	private	2	other	invoke-direct {v0, v2, v3, v4, v1}, Ly1/u;-><init>(BBBLandroid/app/ActivityManager$MemoryInfo;)V
com.activision.game.MainActivity	loadWeb	private	3	inv	virtual|None|v2, v0|Landroid/app/Activity;|runOnUiThread|Ljava/lang/Runnable;|V
com.activision.game.MainActivity	openAppStore	private	0	other	.registers 4
com.activision.game.MainActivity	openAppStore	private	1	new	0|Ly1/t;
com.activision.game.MainActivity	openAppStore	private	2	other	invoke-direct {v0, v2, v3, v1}, Ly1/t;-><init>(BBB)V
com.activision.game.MainActivity	openAppStore	private	3	inv	virtual|None|v2, v0|Landroid/app/Activity;|runOnUiThread|Ljava/lang/Runnable;|V
com.activision.game.MainActivity	openCDNIDebugInfoView	private	0	other	.registers 3
com.activision.game.MainActivity	openCDNIDebugInfoView	private	1	new	0|Ly1/s;
com.activision.game.MainActivity	openCDNIDebugInfoView	private	2	other	invoke-direct {v0, v2, v1}, Ly1/s;-><init>(BB)V
com.activision.game.MainActivity	openCDNIDebugInfoView	private	3	inv	virtual|None|v2, v0|Landroid/app/Activity;|runOnUiThread|Ljava/lang/Runnable;|V
com.activision.game.MainActivity	openUrl	private	0	other	.registers 4
com.activision.game.MainActivity	openUrl	private	1	new	0|Lw/b;
com.activision.game.MainActivity	openUrl	private	2	other	invoke-direct {v0, v2, v1, v3}, Lw/b;-><init>(BBB)V
com.activision.game.MainActivity	openUrl	private	3	inv	virtual|None|v2, v0|Landroid/app/Activity;|runOnUiThread|Ljava/lang/Runnable;|V
com.activision.game.MainActivity	openWeb	private	0	other	.registers 3
com.activision.game.MainActivity	openWeb	private	1	new	0|Ly1/v;
com.activision.game.MainActivity	openWeb	private	2	other	invoke-direct {v0, v2, v1}, Ly1/v;-><init>(BB)V
com.activision.game.MainActivity	openWeb	private	3	inv	virtual|None|v2, v0|Landroid/app/Activity;|runOnUiThread|Ljava/lang/Runnable;|V
com.activision.game.MainActivity	setCDNIDebugInfoText	private	0	other	.registers 4
com.activision.game.MainActivity	setCDNIDebugInfoText	private	1	new	0|Ly1/t;
com.activision.game.MainActivity	setCDNIDebugInfoText	private	2	other	invoke-direct {v0, v2, v3, v1}, Ly1/t;-><init>(BBB)V
com.activision.game.MainActivity	setCDNIDebugInfoText	private	3	inv	virtual|None|v2, v0|Landroid/app/Activity;|runOnUiThread|Ljava/lang/Runnable;|V
com.activision.game.MainActivity	setCommandLine	private	0	other	.registers 3
com.activision.game.MainActivity	setCommandLine	private	1	cstr	0|-delayedInit
com.activision.game.MainActivity	setCommandLine	private	2	inv	virtual|None|v2, v0|Ljava/lang/String;|contains|Ljava/lang/CharSequence;|Z
com.activision.game.MainActivity	setThermalHeadRoomEnabled	private	0	other	.registers 4
com.activision.game.MainActivity	setThermalHeadRoomEnabled	private	1	sget	3|Lcom/activision/game/MainActivity;|L|Ljava/lang/Thread;
com.activision.game.MainActivity	setThermalHeadRoomEnabled	private	2	inv	direct|None|v2, v3, v0|Lcom/activision/game/MainActivity;|nativeThermalHeadRoom|BB|V
com.activision.game.MainActivity	setThermalHeadRoomEnabled	private	3	new	3|Ljava/lang/Thread;
com.activision.game.MainActivity	setThermalHeadRoomEnabled	private	4	new	0|Ly1/v;
com.activision.game.MainActivity	setThermalHeadRoomEnabled	private	5	other	invoke-direct {v0, v2, v1}, Ly1/v;-><init>(BB)V
com.activision.game.MainActivity	setThermalHeadRoomEnabled	private	6	other	invoke-direct {v3, v0}, Ljava/lang/Thread;-><init>(Ljava/lang/Runnable;)V
com.activision.game.MainActivity	setThermalHeadRoomEnabled	private	7	other	sput-object v3, Lcom/activision/game/MainActivity;->L:Ljava/lang/Thread;
com.activision.game.MainActivity	setThermalHeadRoomEnabled	private	8	inv	virtual|None|v3|Ljava/lang/Thread;|start||V
com.activision.game.MainActivity	setThermalHeadRoomEnabled	private	9	sget	2|Lcom/activision/game/MainActivity;|L|Ljava/lang/Thread;
com.activision.game.MainActivity	setThermalHeadRoomEnabled	private	10	other	sput-object v3, Lcom/activision/game/MainActivity;->L:Ljava/lang/Thread;
com.activision.game.MainActivity	setThermalHeadRoomEnabled	private	11	inv	virtual|None|v2|Ljava/lang/Thread;|interrupt||V
com.activision.game.MainActivity	setThermalHeadroomForecast	private	0	other	.registers 2
com.activision.game.MainActivity	startMonitorCDNiANRs	private	0	other	.registers 3
com.activision.game.MainActivity	startMonitorCDNiANRs	private	1	sget	0|Lcom/activision/game/GameApplication;|b|Lx1/b;
com.activision.game.MainActivity	startMonitorCDNiANRs	private	2	other	iget-object v2, v2, v4488, Lcom/activision/game/MainActivity;->E:Lcom/activision/game/MainActivity$d;
com.activision.game.MainActivity	startMonitorCDNiANRs	private	3	other	monitor-enter v0
com.activision.game.MainActivity	startMonitorCDNiANRs	private	4	other	iget-object v1, v0, v17055, Lx1/b;->c:Ljava/util/ArrayList;
com.activision.game.MainActivity	startMonitorCDNiANRs	private	5	inv	virtual|None|v1, v2|Ljava/util/ArrayList;|contains|Ljava/lang/Object;|Z
com.activision.game.MainActivity	startMonitorCDNiANRs	private	6	other	iget-object v1, v0, v17055, Lx1/b;->c:Ljava/util/ArrayList;
com.activision.game.MainActivity	startMonitorCDNiANRs	private	7	inv	virtual|None|v1, v2|Ljava/util/ArrayList;|add|Ljava/lang/Object;|Z
com.activision.game.MainActivity	startMonitorCDNiANRs	private	8	other	monitor-exit v0
com.activision.game.MainActivity	startMonitorCDNiANRs	private	9	other	monitor-exit v0
com.activision.game.MainActivity	stopMonitorCDNiANRs	private	0	other	.registers 3
com.activision.game.MainActivity	stopMonitorCDNiANRs	private	1	sget	0|Lcom/activision/game/GameApplication;|b|Lx1/b;
com.activision.game.MainActivity	stopMonitorCDNiANRs	private	2	other	iget-object v2, v2, v4488, Lcom/activision/game/MainActivity;->E:Lcom/activision/game/MainActivity$d;
com.activision.game.MainActivity	stopMonitorCDNiANRs	private	3	other	monitor-enter v0
com.activision.game.MainActivity	stopMonitorCDNiANRs	private	4	other	iget-object v1, v0, v17055, Lx1/b;->c:Ljava/util/ArrayList;
com.activision.game.MainActivity	stopMonitorCDNiANRs	private	5	inv	virtual|None|v1, v2|Ljava/util/ArrayList;|contains|Ljava/lang/Object;|Z
com.activision.game.MainActivity	stopMonitorCDNiANRs	private	6	other	iget-object v1, v0, v17055, Lx1/b;->c:Ljava/util/ArrayList;
com.activision.game.MainActivity	stopMonitorCDNiANRs	private	7	inv	virtual|None|v1, v2|Ljava/util/ArrayList;|remove|Ljava/lang/Object;|Z
com.activision.game.MainActivity	stopMonitorCDNiANRs	private	8	other	monitor-exit v0
com.activision.game.MainActivity	stopMonitorCDNiANRs	private	9	other	monitor-exit v0
com.activision.game.MainActivity	GetExceptionStackTrace	public	0	other	.registers 3
com.activision.game.MainActivity	GetExceptionStackTrace	public	1	new	1|Ljava/io/StringWriter;
com.activision.game.MainActivity	GetExceptionStackTrace	public	2	other	invoke-direct {v1}, Ljava/io/StringWriter;-><init>()V
com.activision.game.MainActivity	GetExceptionStackTrace	public	3	new	0|Ljava/io/PrintWriter;
com.activision.game.MainActivity	GetExceptionStackTrace	public	4	other	invoke-direct {v0, v1}, Ljava/io/PrintWriter;-><init>(Ljava/io/Writer;)V
com.activision.game.MainActivity	GetExceptionStackTrace	public	5	inv	virtual|None|v2, v0|Ljava/lang/Throwable;|printStackTrace|Ljava/io/PrintWriter;|V
com.activision.game.MainActivity	GetExceptionStackTrace	public	6	inv	virtual|None|v1|Ljava/io/StringWriter;|toString||Ljava/lang/String;
com.activision.game.MainActivity	checkPermissions	public	0	other	.registers 7
com.activision.game.MainActivity	checkPermissions	public	1	sget	0|Lcom/activision/game/MainActivity;|G|Ljava/util/HashMap;
com.activision.game.MainActivity	checkPermissions	public	2	inv	static|None|v6|Ljava/lang/Integer;|valueOf|I|Ljava/lang/Integer;
com.activision.game.MainActivity	checkPermissions	public	3	inv	virtual|None|v0, v6|Ljava/util/HashMap;|get|Ljava/lang/Object;|Ljava/lang/Object;
com.activision.game.MainActivity	checkPermissions	public	4	other	check-cast v6, [Ljava/lang/String;
com.activision.game.MainActivity	checkPermissions	public	5	inv	static|None|v5, v4|Lv/a;|a|BB|I
com.activision.game.MainActivity	dispatchKeyEvent	public	0	other	.registers 5
com.activision.game.MainActivity	dispatchKeyEvent	public	1	inv	virtual|None|v4|Landroid/view/KeyEvent;|getAction||I
com.activision.game.MainActivity	dispatchKeyEvent	public	2	inv	virtual|None|v4|Landroid/view/KeyEvent;|getKeyCode||I
com.activision.game.MainActivity	dispatchKeyEvent	public	3	other	iget-object v0, v3, v4498, Lcom/activision/game/MainActivity;->c:Lcom/activision/game/AppAudioManager;
com.activision.game.MainActivity	dispatchKeyEvent	public	4	inv	virtual|None|v0, v1|Lcom/activision/game/AppAudioManager;|b|I|Z
com.activision.game.MainActivity	dispatchKeyEvent	public	5	other	iget-object v0, v3, v4498, Lcom/activision/game/MainActivity;->c:Lcom/activision/game/AppAudioManager;
com.activision.game.MainActivity	dispatchKeyEvent	public	6	inv	virtual|None|v0, v2|Lcom/activision/game/AppAudioManager;|b|I|Z
com.activision.game.MainActivity	dispatchKeyEvent	public	7	inv	super|None|v3, v4|Lf/c;|dispatchKeyEvent|Landroid/view/KeyEvent;|Z
com.activision.game.MainActivity	finish	public	0	other	.registers 3
com.activision.game.MainActivity	finish	public	1	inv	super|None|v2|Landroid/app/Activity;|finish||V
com.activision.game.MainActivity	finish	public	2	inv	virtual|None|v2, v0, v0|Landroid/app/Activity;|overridePendingTransition|BB|V
com.activision.game.MainActivity	finish	public	3	sget	2|Lcom/activision/game/MainActivity;|L|Ljava/lang/Thread;
com.activision.game.MainActivity	finish	public	4	other	sput-object v1, Lcom/activision/game/MainActivity;->L:Ljava/lang/Thread;
com.activision.game.MainActivity	finish	public	5	inv	virtual|None|v2|Ljava/lang/Thread;|interrupt||V
com.activision.game.MainActivity	finish	public	6	inv	static|None|v0|Ljava/lang/System;|exit|I|V
com.activision.game.MainActivity	getAppVersion	public	0	other	.registers 3
com.activision.game.MainActivity	getAppVersion	public	1	inv	virtual|None|v2|Landroid/content/Context;|getApplicationContext||Landroid/content/Context;
com.activision.game.MainActivity	getAppVersion	public	2	inv	virtual|None|v0|Landroid/content/Context;|getPackageManager||Landroid/content/pm/PackageManager;
com.activision.game.MainActivity	getAppVersion	public	3	inv	virtual|None|v2|Landroid/content/Context;|getApplicationContext||Landroid/content/Context;
com.activision.game.MainActivity	getAppVersion	public	4	inv	virtual|None|v2|Landroid/content/Context;|getPackageName||Ljava/lang/String;
com.activision.game.MainActivity	getAppVersion	public	5	inv	virtual|None|v0, v2, v1|Landroid/content/pm/PackageManager;|getPackageInfo|BB|Landroid/content/pm/PackageInfo;
com.activision.game.MainActivity	getAppVersion	public	6	other	iget-object v2, v2, v120, Landroid/content/pm/PackageInfo;->versionName:Ljava/lang/String;
com.activision.game.MainActivity	getAppVersion	public	7	inv	virtual|None|v2|Ljava/lang/Throwable;|printStackTrace||V
com.activision.game.MainActivity	getAppVersion	public	8	cstr	2|None
com.activision.game.MainActivity	getAppVersionCode	public	0	other	.registers 1
com.activision.game.MainActivity	getAvailableMemory	public	0	other	.registers 3
com.activision.game.MainActivity	getAvailableMemory	public	1	new	0|Landroid/app/ActivityManager$MemoryInfo;
com.activision.game.MainActivity	getAvailableMemory	public	2	other	invoke-direct {v0}, Landroid/app/ActivityManager$MemoryInfo;-><init>()V
com.activision.game.MainActivity	getAvailableMemory	public	3	cstr	1|activity
com.activision.game.MainActivity	getAvailableMemory	public	4	inv	virtual|None|v2, v1|Landroid/content/Context;|getSystemService|Ljava/lang/String;|Ljava/lang/Object;
com.activision.game.MainActivity	getAvailableMemory	public	5	ccast	2|Landroid/app/ActivityManager;
com.activision.game.MainActivity	getAvailableMemory	public	6	inv	virtual|None|v2, v0|Landroid/app/ActivityManager;|getMemoryInfo|Landroid/app/ActivityManager$MemoryInfo;|V
com.activision.game.MainActivity	getClipboardData	public	0	other	.registers 2
com.activision.game.MainActivity	getClipboardData	public	1	inv	virtual|None|v1|Landroid/content/Context;|getApplicationContext||Landroid/content/Context;
com.activision.game.MainActivity	getClipboardData	public	2	cstr	0|clipboard
com.activision.game.MainActivity	getClipboardData	public	3	inv	virtual|None|v1, v0|Landroid/content/Context;|getSystemService|Ljava/lang/String;|Ljava/lang/Object;
com.activision.game.MainActivity	getClipboardData	public	4	ccast	1|Landroid/content/ClipboardManager;
com.activision.game.MainActivity	getClipboardData	public	5	inv	virtual|None|v1|Landroid/content/ClipboardManager;|getPrimaryClip||Landroid/content/ClipData;
com.activision.game.MainActivity	getClipboardData	public	6	inv	virtual|None|v1|Landroid/content/ClipData;|getItemCount||I
com.activision.game.MainActivity	getClipboardData	public	7	inv	virtual|None|v1, v0|Landroid/content/ClipData;|getItemAt|I|Landroid/content/ClipData$Item;
com.activision.game.MainActivity	getClipboardData	public	8	inv	virtual|None|v1|Landroid/content/ClipData$Item;|toString||Ljava/lang/String;
com.activision.game.MainActivity	getClipboardData	public	9	cstr	1|
com.activision.game.MainActivity	getDeviceUniqueId	public	0	other	.registers 2
com.activision.game.MainActivity	getDeviceUniqueId	public	1	inv	virtual|None|v1|Landroid/content/Context;|getContentResolver||Landroid/content/ContentResolver;
com.activision.game.MainActivity	getDeviceUniqueId	public	2	cstr	0|android_id
com.activision.game.MainActivity	getDeviceUniqueId	public	3	inv	static|None|v1, v0|Landroid/provider/Settings$Secure;|getString|BB|Ljava/lang/String;
com.activision.game.MainActivity	getDiskAvailableMemory	public	0	other	.registers 9
com.activision.game.MainActivity	getDiskAvailableMemory	public	1	new	0|Landroid/os/StatFs;
com.activision.game.MainActivity	getDiskAvailableMemory	public	2	inv	static|None||Landroid/os/Environment;|getRootDirectory||Ljava/io/File;
com.activision.game.MainActivity	getDiskAvailableMemory	public	3	inv	virtual|None|v1|Ljava/io/File;|getAbsolutePath||Ljava/lang/String;
com.activision.game.MainActivity	getDiskAvailableMemory	public	4	other	invoke-direct {v0, v1}, Landroid/os/StatFs;-><init>(Ljava/lang/String;)V
com.activision.game.MainActivity	getDiskAvailableMemory	public	5	new	1|Landroid/os/StatFs;
com.activision.game.MainActivity	getDiskAvailableMemory	public	6	inv	virtual|None|v8|Lcom/activision/game/MainActivity;|getExternalStorageDirectory||Ljava/lang/String;
com.activision.game.MainActivity	getDiskAvailableMemory	public	7	other	invoke-direct {v1, v8}, Landroid/os/StatFs;-><init>(Ljava/lang/String;)V
com.activision.game.MainActivity	getDiskAvailableMemory	public	8	inv	virtual|None|v0|Landroid/os/StatFs;|getAvailableBlocksLong||J
com.activision.game.MainActivity	getDiskAvailableMemory	public	9	inv	virtual|None|v0|Landroid/os/StatFs;|getBlockSizeLong||J
com.activision.game.MainActivity	getDiskAvailableMemory	public	10	inv	virtual|None|v1|Landroid/os/StatFs;|getAvailableBlocksLong||J
com.activision.game.MainActivity	getDiskAvailableMemory	public	11	inv	virtual|None|v1|Landroid/os/StatFs;|getBlockSizeLong||J
com.activision.game.MainActivity	getDiskTotalMemory	public	0	other	.registers 9
com.activision.game.MainActivity	getDiskTotalMemory	public	1	new	0|Landroid/os/StatFs;
com.activision.game.MainActivity	getDiskTotalMemory	public	2	inv	static|None||Landroid/os/Environment;|getRootDirectory||Ljava/io/File;
com.activision.game.MainActivity	getDiskTotalMemory	public	3	inv	virtual|None|v1|Ljava/io/File;|getAbsolutePath||Ljava/lang/String;
com.activision.game.MainActivity	getDiskTotalMemory	public	4	other	invoke-direct {v0, v1}, Landroid/os/StatFs;-><init>(Ljava/lang/String;)V
com.activision.game.MainActivity	getDiskTotalMemory	public	5	new	1|Landroid/os/StatFs;
com.activision.game.MainActivity	getDiskTotalMemory	public	6	inv	virtual|None|v8|Lcom/activision/game/MainActivity;|getExternalStorageDirectory||Ljava/lang/String;
com.activision.game.MainActivity	getDiskTotalMemory	public	7	other	invoke-direct {v1, v8}, Landroid/os/StatFs;-><init>(Ljava/lang/String;)V
com.activision.game.MainActivity	getDiskTotalMemory	public	8	inv	virtual|None|v0|Landroid/os/StatFs;|getBlockCountLong||J
com.activision.game.MainActivity	getDiskTotalMemory	public	9	inv	virtual|None|v0|Landroid/os/StatFs;|getBlockSizeLong||J
com.activision.game.MainActivity	getDiskTotalMemory	public	10	inv	virtual|None|v1|Landroid/os/StatFs;|getBlockCountLong||J
com.activision.game.MainActivity	getDiskTotalMemory	public	11	inv	virtual|None|v1|Landroid/os/StatFs;|getBlockSizeLong||J
com.activision.game.MainActivity	getDisplay	public	0	other	.registers 1
com.activision.game.MainActivity	getDisplay	public	1	inv	virtual|None|v0|Landroid/app/Activity;|getWindowManager||Landroid/view/WindowManager;
com.activision.game.MainActivity	getDisplay	public	2	inv	interface|None|v0|Landroid/view/WindowManager;|getDefaultDisplay||Landroid/view/Display;
com.activision.game.MainActivity	getDisplayMetrics	public	0	other	.registers 1
com.activision.game.MainActivity	getDisplayMetrics	public	1	inv	virtual|None|v0|Lf/c;|getResources||Landroid/content/res/Resources;
com.activision.game.MainActivity	getDisplayMetrics	public	2	inv	virtual|None|v0|Landroid/content/res/Resources;|getDisplayMetrics||Landroid/util/DisplayMetrics;
com.activision.game.MainActivity	getExternalStorageDirectory	public	0	other	.registers 2
com.activision.game.MainActivity	getExternalStorageDirectory	public	1	inv	virtual|None|v1, v0|Landroid/content/Context;|getExternalFilesDir|Ljava/lang/String;|Ljava/io/File;
com.activision.game.MainActivity	getExternalStorageDirectory	public	2	inv	virtual|None|v1|Ljava/io/File;|getAbsolutePath||Ljava/lang/String;
com.activision.game.MainActivity	getGeoIPRegion	public	0	other	.registers 3
com.activision.game.MainActivity	getGeoIPRegion	public	1	cstr	0|geoip_region
com.activision.game.MainActivity	getGeoIPRegion	public	2	cstr	1|
com.activision.game.MainActivity	getGeoIPRegion	public	3	inv	static|None|v2, v0, v1|Lz1/a;|a|BBB|Ljava/lang/Object;
com.activision.game.MainActivity	getGeoIPRegion	public	4	ccast	2|Ljava/lang/String;
com.activision.game.MainActivity	getInternalStorageDirectory	public	0	other	.registers 1
com.activision.game.MainActivity	getInternalStorageDirectory	public	1	inv	virtual|None|v0|Landroid/content/Context;|getApplicationContext||Landroid/content/Context;
com.activision.game.MainActivity	getInternalStorageDirectory	public	2	inv	virtual|None|v0|Landroid/content/Context;|getFilesDir||Ljava/io/File;
com.activision.game.MainActivity	getInternalStorageDirectory	public	3	inv	virtual|None|v0|Ljava/io/File;|getAbsolutePath||Ljava/lang/String;
com.activision.game.MainActivity	getIsLowMemory	public	0	other	.registers 3
com.activision.game.MainActivity	getIsLowMemory	public	1	new	0|Landroid/app/ActivityManager$MemoryInfo;
com.activision.game.MainActivity	getIsLowMemory	public	2	other	invoke-direct {v0}, Landroid/app/ActivityManager$MemoryInfo;-><init>()V
com.activision.game.MainActivity	getIsLowMemory	public	3	cstr	1|activity
com.activision.game.MainActivity	getIsLowMemory	public	4	inv	virtual|None|v2, v1|Landroid/content/Context;|getSystemService|Ljava/lang/String;|Ljava/lang/Object;
com.activision.game.MainActivity	getIsLowMemory	public	5	ccast	2|Landroid/app/ActivityManager;
com.activision.game.MainActivity	getIsLowMemory	public	6	inv	virtual|None|v2, v0|Landroid/app/ActivityManager;|getMemoryInfo|Landroid/app/ActivityManager$MemoryInfo;|V
com.activision.game.MainActivity	getNetworkType	public	0	other	.registers 2
com.activision.game.MainActivity	getNetworkType	public	1	inv	virtual|None|v1|Landroid/content/Context;|getApplicationContext||Landroid/content/Context;
com.activision.game.MainActivity	getNetworkType	public	2	cstr	0|connectivity
com.activision.game.MainActivity	getNetworkType	public	3	inv	virtual|None|v1, v0|Landroid/content/Context;|getSystemService|Ljava/lang/String;|Ljava/lang/Object;
com.activision.game.MainActivity	getNetworkType	public	4	ccast	1|Landroid/net/ConnectivityManager;
com.activision.game.MainActivity	getNetworkType	public	5	inv	virtual|None|v1|Landroid/net/ConnectivityManager;|getActiveNetworkInfo||Landroid/net/NetworkInfo;
com.activision.game.MainActivity	getNetworkType	public	6	cstr	1|NO_CONNECTION
com.activision.game.MainActivity	getNetworkType	public	7	inv	virtual|None|v1|Landroid/net/ConnectivityManager;|getActiveNetworkInfo||Landroid/net/NetworkInfo;
com.activision.game.MainActivity	getNetworkType	public	8	inv	virtual|None|v1|Landroid/net/NetworkInfo;|getTypeName||Ljava/lang/String;
com.activision.game.MainActivity	getOrientation	public	0	other	.registers 3
com.activision.game.MainActivity	getOrientation	public	1	inv	virtual|None|v2|Landroid/app/Activity;|getWindowManager||Landroid/view/WindowManager;
com.activision.game.MainActivity	getOrientation	public	2	inv	interface|None|v2|Landroid/view/WindowManager;|getDefaultDisplay||Landroid/view/Display;
com.activision.game.MainActivity	getOrientation	public	3	inv	virtual|None|v2|Lcom/activision/game/MainActivity;|getDisplay||Landroid/view/Display;
com.activision.game.MainActivity	getOrientation	public	4	inv	virtual|None|v2|Landroid/view/Display;|getRotation||I
com.activision.game.MainActivity	getOrientationMode	public	0	other	.registers 1
com.activision.game.MainActivity	getSystemLanguage	public	0	other	.registers 1
com.activision.game.MainActivity	getSystemLanguage	public	1	inv	static|None||Ljava/util/Locale;|getDefault||Ljava/util/Locale;
com.activision.game.MainActivity	getSystemLanguage	public	2	inv	virtual|None|v0|Ljava/util/Locale;|getISO3Language||Ljava/lang/String;
com.activision.game.MainActivity	getSystemLocale	public	0	other	.registers 1
com.activision.game.MainActivity	getSystemLocale	public	1	inv	static|None||Ljava/util/Locale;|getDefault||Ljava/util/Locale;
com.activision.game.MainActivity	getSystemLocale	public	2	inv	virtual|None|v0|Ljava/util/Locale;|toString||Ljava/lang/String;
com.activision.game.MainActivity	getSystemRegion	public	0	other	.registers 3
com.activision.game.MainActivity	getSystemRegion	public	1	other	iget-object v0, v2, v4512, Lcom/activision/game/MainActivity;->q:Ljava/lang/String;
com.activision.game.MainActivity	getSystemRegion	public	2	inv	virtual|None|v0|Ljava/lang/String;|isEmpty||Z
com.activision.game.MainActivity	getSystemRegion	public	3	cstr	0|Region Detection
com.activision.game.MainActivity	getSystemRegion	public	4	cstr	1|getSystemRegion error, haven't been generated! Use local region
com.activision.game.MainActivity	getSystemRegion	public	5	inv	static|None|v0, v1|Landroid/util/Log;|d|Landroid/app/NotificationChannel;La3/b;|I
com.activision.game.MainActivity	getSystemRegion	public	6	inv	virtual|None|v2|Lf/c;|getResources||Landroid/content/res/Resources;
com.activision.game.MainActivity	getSystemRegion	public	7	inv	virtual|None|v0|Landroid/content/res/Resources;|getConfiguration||Landroid/content/res/Configuration;
com.activision.game.MainActivity	getSystemRegion	public	8	inv	virtual|None|v0|Landroid/content/res/Configuration;|getLocales||Landroid/os/LocaleList;
com.activision.game.MainActivity	getSystemRegion	public	9	inv	virtual|None|v0, v1|Landroid/os/LocaleList;|get|I|Ljava/util/Locale;
com.activision.game.MainActivity	getSystemRegion	public	10	inv	virtual|None|v0|Ljava/util/Locale;|getCountry||Ljava/lang/String;
com.activision.game.MainActivity	getSystemRegion	public	11	other	iput-object v0, v2, v4512, Lcom/activision/game/MainActivity;->q:Ljava/lang/String;
com.activision.game.MainActivity	getSystemRegion	public	12	other	iget-object v2, v2, v4512, Lcom/activision/game/MainActivity;->q:Ljava/lang/String;
com.activision.game.MainActivity	getThresholdMemory	public	0	other	.registers 3
com.activision.game.MainActivity	getThresholdMemory	public	1	new	0|Landroid/app/ActivityManager$MemoryInfo;
com.activision.game.MainActivity	getThresholdMemory	public	2	other	invoke-direct {v0}, Landroid/app/ActivityManager$MemoryInfo;-><init>()V
com.activision.game.MainActivity	getThresholdMemory	public	3	cstr	1|activity
com.activision.game.MainActivity	getThresholdMemory	public	4	inv	virtual|None|v2, v1|Landroid/content/Context;|getSystemService|Ljava/lang/String;|Ljava/lang/Object;
com.activision.game.MainActivity	getThresholdMemory	public	5	ccast	2|Landroid/app/ActivityManager;
com.activision.game.MainActivity	getThresholdMemory	public	6	inv	virtual|None|v2, v0|Landroid/app/ActivityManager;|getMemoryInfo|Landroid/app/ActivityManager$MemoryInfo;|V
com.activision.game.MainActivity	getTotalMemory	public	0	other	.registers 3
com.activision.game.MainActivity	getTotalMemory	public	1	new	0|Landroid/app/ActivityManager$MemoryInfo;
com.activision.game.MainActivity	getTotalMemory	public	2	other	invoke-direct {v0}, Landroid/app/ActivityManager$MemoryInfo;-><init>()V
com.activision.game.MainActivity	getTotalMemory	public	3	cstr	1|activity
com.activision.game.MainActivity	getTotalMemory	public	4	inv	virtual|None|v2, v1|Landroid/content/Context;|getSystemService|Ljava/lang/String;|Ljava/lang/Object;
com.activision.game.MainActivity	getTotalMemory	public	5	ccast	2|Landroid/app/ActivityManager;
com.activision.game.MainActivity	getTotalMemory	public	6	inv	virtual|None|v2, v0|Landroid/app/ActivityManager;|getMemoryInfo|Landroid/app/ActivityManager$MemoryInfo;|V
com.activision.game.MainActivity	getWebClientVersion	public	0	other	.registers 3
com.activision.game.MainActivity	getWebClientVersion	public	1	inv	virtual|None|v2|Landroid/content/Context;|getPackageManager||Landroid/content/pm/PackageManager;
com.activision.game.MainActivity	getWebClientVersion	public	2	cstr	0|com.google.android.webview
com.activision.game.MainActivity	getWebClientVersion	public	3	inv	virtual|None|v2, v0, v1|Landroid/content/pm/PackageManager;|getPackageInfo|BB|Landroid/content/pm/PackageInfo;
com.activision.game.MainActivity	getWebClientVersion	public	4	new	0|Ljava/lang/StringBuilder;
com.activision.game.MainActivity	getWebClientVersion	public	5	other	invoke-direct {v0}, Ljava/lang/StringBuilder;-><init>()V
com.activision.game.MainActivity	getWebClientVersion	public	6	other	iget-object v1, v2, v116, Landroid/content/pm/PackageInfo;->packageName:Ljava/lang/String;
com.activision.game.MainActivity	getWebClientVersion	public	7	inv	virtual|None|v0, v1|Ljava/lang/StringBuilder;|append|Ljava/lang/String;|Ljava/lang/StringBuilder;
com.activision.game.MainActivity	getWebClientVersion	public	8	cstr	1| version: 
com.activision.game.MainActivity	getWebClientVersion	public	9	inv	virtual|None|v0, v1|Ljava/lang/StringBuilder;|append|Ljava/lang/String;|Ljava/lang/StringBuilder;
com.activision.game.MainActivity	getWebClientVersion	public	10	other	iget-object v2, v2, v120, Landroid/content/pm/PackageInfo;->versionName:Ljava/lang/String;
com.activision.game.MainActivity	getWebClientVersion	public	11	inv	virtual|None|v0, v2|Ljava/lang/StringBuilder;|append|Ljava/lang/String;|Ljava/lang/StringBuilder;
com.activision.game.MainActivity	getWebClientVersion	public	12	inv	virtual|None|v0|Ljava/lang/StringBuilder;|toString||Ljava/lang/String;
com.activision.game.MainActivity	getWebClientVersion	public	13	cstr	2|No WebView Found
com.activision.game.MainActivity	getWebUserAgent	public	0	other	.registers 5
com.activision.game.MainActivity	getWebUserAgent	public	1	new	0|Ljava/util/concurrent/Semaphore;
com.activision.game.MainActivity	getWebUserAgent	public	2	other	invoke-direct {v0, v1}, Ljava/util/concurrent/Semaphore;-><init>(I)V
com.activision.game.MainActivity	getWebUserAgent	public	3	new	1|Ljava/lang/StringBuffer;
com.activision.game.MainActivity	getWebUserAgent	public	4	cstr	2|Unknown
com.activision.game.MainActivity	getWebUserAgent	public	5	other	invoke-direct {v1, v2}, Ljava/lang/StringBuffer;-><init>(Ljava/lang/String;)V
com.activision.game.MainActivity	getWebUserAgent	public	6	new	2|Ly1/y;
com.activision.game.MainActivity	getWebUserAgent	public	7	other	invoke-direct {v2, v4, v1, v0, v3}, Ly1/y;-><init>(BBBLandroid/app/KeyguardManager;)V
com.activision.game.MainActivity	getWebUserAgent	public	8	inv	virtual|None|v4, v2|Landroid/app/Activity;|runOnUiThread|Ljava/lang/Runnable;|V
com.activision.game.MainActivity	getWebUserAgent	public	9	inv	virtual|None|v0|Ljava/util/concurrent/Semaphore;|acquire||V
com.activision.game.MainActivity	getWebUserAgent	public	10	inv	virtual|None|v4|Ljava/lang/Throwable;|printStackTrace||V
com.activision.game.MainActivity	getWebUserAgent	public	11	inv	virtual|None|v1|Ljava/lang/StringBuffer;|toString||Ljava/lang/String;
com.activision.game.MainActivity	hideSoftInput	public	0	other	.registers 3
com.activision.game.MainActivity	hideSoftInput	public	1	new	0|Ly1/s;
com.activision.game.MainActivity	hideSoftInput	public	2	other	invoke-direct {v0, v2, v1}, Ly1/s;-><init>(BB)V
com.activision.game.MainActivity	hideSoftInput	public	3	inv	virtual|None|v2, v0|Landroid/app/Activity;|runOnUiThread|Ljava/lang/Runnable;|V
com.activision.game.MainActivity	invokeOnBackPressed	public	0	other	.registers 3
com.activision.game.MainActivity	invokeOnBackPressed	public	1	new	0|Ly1/w;
com.activision.game.MainActivity	invokeOnBackPressed	public	2	other	invoke-direct {v0, v2, v1}, Ly1/w;-><init>(BB)V
com.activision.game.MainActivity	invokeOnBackPressed	public	3	inv	virtual|None|v2, v0|Landroid/app/Activity;|runOnUiThread|Ljava/lang/Runnable;|V
com.activision.game.MainActivity	isDeviceFoldable	public	0	other	.registers 1
com.activision.game.MainActivity	isDeviceFoldable	public	1	other	iget-object v0, v0, v4507, Lcom/activision/game/MainActivity;->l:Ly1/p;
com.activision.game.MainActivity	isUsingPreLoginGVS	public	0	other	.registers 1
com.activision.game.MainActivity	m	public	0	other	.registers 4
com.activision.game.MainActivity	m	public	1	inv	static|None||Landroidx/window/layout/z;|a||Landroidx/window/layout/z;
com.activision.game.MainActivity	m	public	2	inv	interface|None|v0, v3|Landroidx/window/layout/z;|b|Landroid/app/Activity;|Landroidx/window/layout/y;
com.activision.game.MainActivity	m	public	3	inv	virtual|None|v0|Landroidx/window/layout/y;|a||Landroid/graphics/Rect;
com.activision.game.MainActivity	m	public	4	other	iget-object v1, v3, v4520, Lcom/activision/game/MainActivity;->y:Landroid/graphics/Rect;
com.activision.game.MainActivity	m	public	5	inv	virtual|None|v0|Landroid/graphics/Rect;|width||I
com.activision.game.MainActivity	m	public	6	other	iget-object v2, v3, v4520, Lcom/activision/game/MainActivity;->y:Landroid/graphics/Rect;
com.activision.game.MainActivity	m	public	7	inv	virtual|None|v2|Landroid/graphics/Rect;|width||I
com.activision.game.MainActivity	m	public	8	inv	virtual|None|v0|Landroid/graphics/Rect;|height||I
com.activision.game.MainActivity	m	public	9	other	iget-object v2, v3, v4520, Lcom/activision/game/MainActivity;->y:Landroid/graphics/Rect;
com.activision.game.MainActivity	m	public	10	inv	virtual|None|v2|Landroid/graphics/Rect;|height||I
com.activision.game.MainActivity	m	public	11	other	iput-object v0, v3, v4520, Lcom/activision/game/MainActivity;->y:Landroid/graphics/Rect;
com.activision.game.MainActivity	m	public	12	inv	virtual|None|v0|Landroid/graphics/Rect;|width||I
com.activision.game.MainActivity	m	public	13	inv	virtual|None|v0|Landroid/graphics/Rect;|height||I
com.activision.game.MainActivity	m	public	14	inv	static|None|v3, v0|Lcom/activision/game/MainActivity;|nativeSetWindowSize|BB|V
com.activision.game.MainActivity	manageStorage	public	0	other	.registers 3
com.activision.game.MainActivity	manageStorage	public	1	new	0|Landroid/content/Intent;
com.activision.game.MainActivity	manageStorage	public	2	cstr	1|android.os.storage.action.MANAGE_STORAGE
com.activision.game.MainActivity	manageStorage	public	3	other	invoke-direct {v0, v1}, Landroid/content/Intent;-><init>(Ljava/lang/String;)V
com.activision.game.MainActivity	manageStorage	public	4	inv	virtual|None|v2, v0|Landroid/content/Context;|startActivity|Landroid/content/Intent;|V
com.activision.game.MainActivity	n	public	0	other	.registers 4
com.activision.game.MainActivity	n	public	1	other	iget-object v0, v3, v4497, Lcom/activision/game/MainActivity;->b:Lcom/activision/game/WebViewDialog;
com.activision.game.MainActivity	n	public	2	new	0|Lcom/activision/game/WebViewDialog;
com.activision.game.MainActivity	n	public	3	other	invoke-direct {v0, v3}, Lcom/activision/game/WebViewDialog;-><init>(Landroid/app/Activity;)V
com.activision.game.MainActivity	n	public	4	other	iput-object v0, v3, v4497, Lcom/activision/game/MainActivity;->b:Lcom/activision/game/WebViewDialog;
com.activision.game.MainActivity	n	public	5	new	1|Lbo/app/p7;
com.activision.game.MainActivity	n	public	6	other	invoke-direct {v1, v2, v3}, Lbo/app/p7;-><init>(BB)V
com.activision.game.MainActivity	n	public	7	other	iput-object v1, v0, v4532, Lcom/activision/game/WebViewDialog;->f:Lcom/activision/game/WebViewDialog$c;
com.activision.game.MainActivity	n	public	8	new	1|Ly1/m;
com.activision.game.MainActivity	n	public	9	other	invoke-direct {v1, v2, v3}, Ly1/m;-><init>(BB)V
com.activision.game.MainActivity	n	public	10	other	iput-object v1, v0, v4531, Lcom/activision/game/WebViewDialog;->e:Lcom/activision/game/WebViewDialog$d;
com.activision.game.MainActivity	n	public	11	new	1|Ljava/lang/StringBuilder;
com.activision.game.MainActivity	n	public	12	cstr	2|getOrCreateWebDialog failed to instantiate web view: 
com.activision.game.MainActivity	n	public	13	other	invoke-direct {v1, v2}, Ljava/lang/StringBuilder;-><init>(Ljava/lang/String;)V
com.activision.game.MainActivity	n	public	14	inv	virtual|None|v0|Ljava/lang/Throwable;|getMessage||Ljava/lang/String;
com.activision.game.MainActivity	n	public	15	inv	virtual|None|v1, v0|Ljava/lang/StringBuilder;|append|Ljava/lang/String;|Ljava/lang/StringBuilder;
com.activision.game.MainActivity	n	public	16	inv	virtual|None|v1|Ljava/lang/StringBuilder;|toString||Ljava/lang/String;
com.activision.game.MainActivity	n	public	17	inv	static|None|v0|Lcom/activision/game/GameApplication;|b|Ljava/lang/String;|V
com.activision.game.MainActivity	n	public	18	other	iput-object v0, v3, v4497, Lcom/activision/game/MainActivity;->b:Lcom/activision/game/WebViewDialog;
com.activision.game.MainActivity	n	public	19	other	iget-object v3, v3, v4497, Lcom/activision/game/MainActivity;->b:Lcom/activision/game/WebViewDialog;
com.activision.game.MainActivity	o	public	0	other	.registers 1
com.activision.game.MainActivity	o	public	1	other	iget-object v0, v0, v11433, Lcom/google/androidgamesdk/GameActivity;->mSurfaceView:Lcom/google/androidgamesdk/GameActivity$InputEnabledSurfaceView;
com.activision.game.MainActivity	onConfigurationChanged	public	0	other	.registers 4
com.activision.game.MainActivity	onConfigurationChanged	public	1	inv	super|None|v2, v3|Lcom/google/androidgamesdk/GameActivity;|onConfigurationChanged|Landroid/content/res/Configuration;|V
com.activision.game.MainActivity	onConfigurationChanged	public	2	inv	direct|None|v2, v1|Lcom/activision/game/MainActivity;|onOrientationChanged|I|V
com.activision.game.MainActivity	onConfigurationChanged	public	3	inv	direct|None|v2, v3|Lcom/activision/game/MainActivity;|onOrientationChanged|I|V
com.activision.game.MainActivity	onConfigurationChanged	public	4	inv	virtual|None|v2|Lcom/activision/game/MainActivity;|m||V
com.activision.game.MainActivity	onCreate	public	0	other	.registers 8
com.activision.game.MainActivity	onCreate	public	1	inv	static|None||Landroid/os/Looper;|myLooper||Landroid/os/Looper;
com.activision.game.MainActivity	onCreate	public	2	inv	static|None||Landroid/os/Looper;|getMainLooper||Landroid/os/Looper;
com.activision.game.MainActivity	onCreate	public	3	cstr	0|MainActivity.onCreate called from non-main thread
com.activision.game.MainActivity	onCreate	public	4	inv	static|None|v0|Lcom/activision/game/GameApplication;|c|Ljava/lang/String;|V
com.activision.game.MainActivity	onCreate	public	5	inv	static|None||Ly1/a;|a||I
com.activision.game.MainActivity	onCreate	public	6	new	1|Landroid/app/AlertDialog$Builder;
com.activision.game.MainActivity	onCreate	public	7	other	invoke-direct {v1, v6}, Landroid/app/AlertDialog$Builder;-><init>(Landroid/content/Context;)V
com.activision.game.MainActivity	onCreate	public	8	inv	virtual|None|v1, v3|Landroid/app/AlertDialog$Builder;|setCancelable|Z|Landroid/app/AlertDialog$Builder;
com.activision.game.MainActivity	onCreate	public	9	new	4|Ljava/lang/StringBuilder;
com.activision.game.MainActivity	onCreate	public	10	cstr	5|APK corrupted with error 
com.activision.game.MainActivity	onCreate	public	11	other	invoke-direct {v4, v5}, Ljava/lang/StringBuilder;-><init>(Ljava/lang/String;)V
com.activision.game.MainActivity	onCreate	public	12	inv	virtual|None|v4, v0|Ljava/lang/StringBuilder;|append|I|Ljava/lang/StringBuilder;
com.activision.game.MainActivity	onCreate	public	13	cstr	0|, please reinstall
com.activision.game.MainActivity	onCreate	public	14	inv	virtual|None|v4, v0|Ljava/lang/StringBuilder;|append|Ljava/lang/String;|Ljava/lang/StringBuilder;
com.activision.game.MainActivity	onCreate	public	15	inv	virtual|None|v4|Ljava/lang/StringBuilder;|toString||Ljava/lang/String;
com.activision.game.MainActivity	onCreate	public	16	inv	virtual|None|v1, v0|Landroid/app/AlertDialog$Builder;|setMessage|Ljava/lang/CharSequence;|Landroid/app/AlertDialog$Builder;
com.activision.game.MainActivity	onCreate	public	17	new	0|Lcom/activision/game/MainActivity$a;
com.activision.game.MainActivity	onCreate	public	18	other	invoke-direct {v0, v6}, Lcom/activision/game/MainActivity$a;-><init>(Lcom/activision/game/MainActivity;)V
com.activision.game.MainActivity	onCreate	public	19	cstr	4|Accept
com.activision.game.MainActivity	onCreate	public	20	inv	virtual|None|v1, v4, v0|Landroid/app/AlertDialog$Builder;|setPositiveButton|Landroid/accounts/AccountManagerFuture;La3/b;|Landroid/app/AlertDialog$Builder;
com.activision.game.MainActivity	onCreate	public	21	inv	virtual|None|v1|Landroid/app/AlertDialog$Builder;|create||Landroid/app/AlertDialog;
com.activision.game.MainActivity	onCreate	public	22	inv	virtual|None|v0|Landroid/app/Dialog;|show||V
com.activision.game.MainActivity	onCreate	public	23	inv	static|None||Landroid/os/Looper;|loop||V
com.activision.game.MainActivity	onCreate	public	24	inv	virtual|None|v6|Lcom/activision/game/MainActivity;|finish||V
com.activision.game.MainActivity	onCreate	public	25	inv	virtual|None|v6, v2|Landroid/app/Activity;|requestWindowFeature|I|Z
com.activision.game.MainActivity	onCreate	public	26	inv	virtual|None|v6|Landroid/app/Activity;|getWindow||Landroid/view/Window;
com.activision.game.MainActivity	onCreate	public	27	inv	static|None|v0|Landroidx/core/view/a0;|a|Landroid/view/Window;|V
com.activision.game.MainActivity	onCreate	public	28	inv	virtual|None|v6|Lcom/activision/game/MainActivity;|p||V
com.activision.game.MainActivity	onCreate	public	29	inv	virtual|None|v6|Lcom/activision/game/MainActivity;|m||V
com.activision.game.MainActivity	onCreate	public	30	cstr	0|phone
com.activision.game.MainActivity	onCreate	public	31	inv	virtual|None|v6, v0|Landroid/content/Context;|getSystemService|Ljava/lang/String;|Ljava/lang/Object;
com.activision.game.MainActivity	onCreate	public	32	ccast	0|Landroid/telephony/TelephonyManager;
com.activision.game.MainActivity	onCreate	public	33	inv	virtual|None|v0|Landroid/telephony/TelephonyManager;|getPhoneType||I
com.activision.game.MainActivity	onCreate	public	34	inv	static|None|v0|Lcom/activision/game/MainActivity;|nativePhoneCapabilitiesResult|Z|V
com.activision.game.MainActivity	onCreate	public	35	inv	static|None|v6|Lc0/d;|a|Landroid/app/Activity;|Lc0/d;
com.activision.game.MainActivity	onCreate	public	36	new	1|Landroidx/core/view/n;
com.activision.game.MainActivity	onCreate	public	37	other	invoke-direct {v1, v2}, Landroidx/core/view/n;-><init>(I)V
com.activision.game.MainActivity	onCreate	public	38	inv	virtual|None|v0, v1|Lc0/d;|b|Landroidx/core/view/n;|V
com.activision.game.MainActivity	onCreate	public	39	new	0|Ljava/util/concurrent/Semaphore;
com.activision.game.MainActivity	onCreate	public	40	other	invoke-direct {v0, v3, v2}, Ljava/util/concurrent/Semaphore;-><init>(BB)V
com.activision.game.MainActivity	onCreate	public	41	other	iput-object v0, v6, v4509, Lcom/activision/game/MainActivity;->n:Ljava/util/concurrent/Semaphore;
com.activision.game.MainActivity	onCreate	public	42	new	0|Lcom/activision/game/preenginetasks/MetaFetchTask;
com.activision.game.MainActivity	onCreate	public	43	other	invoke-direct {v0}, Lcom/activision/game/preenginetasks/MetaFetchTask;-><init>()V
com.activision.game.MainActivity	onCreate	public	44	other	iput-object v0, v6, v4510, Lcom/activision/game/MainActivity;->o:Lcom/activision/game/preenginetasks/MetaFetchTask;
com.activision.game.MainActivity	onCreate	public	45	new	0|Lcom/activision/game/preenginetasks/RegionDetectionTask;
com.activision.game.MainActivity	onCreate	public	46	other	invoke-direct {v0, v6}, Lcom/activision/game/preenginetasks/RegionDetectionTask;-><init>(Lf/c;)V
com.activision.game.MainActivity	onCreate	public	47	other	iput-object v0, v6, v4511, Lcom/activision/game/MainActivity;->p:Lcom/activision/game/preenginetasks/RegionDetectionTask;
com.activision.game.MainActivity	onCreate	public	48	inv	direct|None|v6|Lcom/activision/game/MainActivity;|initializeJni||V
com.activision.game.MainActivity	onCreate	public	49	inv	direct|None|v6|Lcom/activision/game/MainActivity;|nativeInitEventDispatcher||V
com.activision.game.MainActivity	onCreate	public	50	inv	virtual|None|v6|Landroid/app/Activity;|getRequestedOrientation||I
com.activision.game.MainActivity	onCreate	public	51	new	0|Ljava/util/ArrayList;
com.activision.game.MainActivity	onCreate	public	52	other	invoke-direct {v0}, Ljava/util/ArrayList;-><init>()V
com.activision.game.MainActivity	onCreate	public	53	other	iput-object v0, v6, v4504, Lcom/activision/game/MainActivity;->i:Ljava/util/ArrayList;
com.activision.game.MainActivity	onCreate	public	54	new	0|Lcom/activision/game/ActivityStateHandler;
com.activision.game.MainActivity	onCreate	public	55	other	invoke-direct {v0, v6}, Lcom/activision/game/ActivityStateHandler;-><init>(Lcom/activision/game/MainActivity;)V
com.activision.game.MainActivity	onCreate	public	56	sget	0|Lcom/activision/game/MainActivity;|J|Lcom/activision/game/MainActivity;
com.activision.game.MainActivity	onCreate	public	57	inv	static|None|v3|Ljava/lang/System;|exit|I|V
com.activision.game.MainActivity	onCreate	public	58	inv	super|None|v6, v7|Lcom/google/androidgamesdk/GameActivity;|onCreate|Landroid/os/Bundle;|V
com.activision.game.MainActivity	onCreate	public	59	inv	virtual|None|v6|Landroid/content/Context;|getPackageManager||Landroid/content/pm/PackageManager;
com.activision.game.MainActivity	onCreate	public	60	inv	virtual|None|v6|Landroid/content/Context;|getApplicationContext||Landroid/content/Context;
com.activision.game.MainActivity	onCreate	public	61	inv	virtual|None|v0|Landroid/content/Context;|getPackageName||Ljava/lang/String;
com.activision.game.MainActivity	onCreate	public	62	inv	virtual|None|v7, v0, v3|Landroid/content/pm/PackageManager;|getApplicationInfo|BB|Landroid/content/pm/ApplicationInfo;
com.activision.game.MainActivity	onCreate	public	63	inv	static|None|v2|Landroid/webkit/WebView;|setWebContentsDebuggingEnabled|Z|V
com.activision.game.MainActivity	onCreate	public	64	inv	virtual|None|v7|Ljava/lang/Throwable;|printStackTrace||V
com.activision.game.MainActivity	onCreate	public	65	inv	virtual|None|v6|Landroid/content/Context;|getPackageManager||Landroid/content/pm/PackageManager;
com.activision.game.MainActivity	onCreate	public	66	inv	virtual|None|v6|Landroid/app/Activity;|getIntent||Landroid/content/Intent;
com.activision.game.MainActivity	onCreate	public	67	inv	virtual|None|v0|Landroid/content/Intent;|getComponent||Landroid/content/ComponentName;
com.activision.game.MainActivity	onCreate	public	68	inv	static|None|v4, v5|Landroid/content/pm/PackageManager$ComponentInfoFlags;|of|B|Landroid/content/pm/PackageManager$ComponentInfoFlags;
com.activision.game.MainActivity	onCreate	public	69	inv	virtual|None|v7, v0, v1|Landroid/content/pm/PackageManager;|getActivityInfo|BB|Landroid/content/pm/ActivityInfo;
com.activision.game.MainActivity	onCreate	public	70	inv	virtual|None|v6|Landroid/content/Context;|getPackageManager||Landroid/content/pm/PackageManager;
com.activision.game.MainActivity	onCreate	public	71	inv	virtual|None|v6|Landroid/app/Activity;|getIntent||Landroid/content/Intent;
com.activision.game.MainActivity	onCreate	public	72	inv	virtual|None|v0|Landroid/content/Intent;|getComponent||Landroid/content/ComponentName;
com.activision.game.MainActivity	onCreate	public	73	inv	virtual|None|v7, v0, v1|Landroid/content/pm/PackageManager;|getActivityInfo|BB|Landroid/content/pm/ActivityInfo;
com.activision.game.MainActivity	onCreate	public	74	other	iget-object v7, v7, v96, Landroid/content/pm/ActivityInfo;->metaData:Landroid/os/Bundle;
com.activision.game.MainActivity	onCreate	public	75	cstr	0|android.app.lib_name
com.activision.game.MainActivity	onCreate	public	76	inv	virtual|None|v7, v0|Landroid/os/BaseBundle;|getString|Ljava/lang/String;|Ljava/lang/String;
com.activision.game.MainActivity	onCreate	public	77	inv	static|None|v7|Ljava/lang/System;|loadLibrary|Ljava/lang/String;|V
com.activision.game.MainActivity	onCreate	public	78	inv	virtual|None|v7|Ljava/lang/Throwable;|printStackTrace||V
com.activision.game.MainActivity	onCreate	public	79	inv	virtual|None|v6|Landroid/app/Activity;|getWindow||Landroid/view/Window;
com.activision.game.MainActivity	onCreate	public	80	inv	virtual|None|v7|Landroid/view/Window;|getDecorView||Landroid/view/View;
com.activision.game.MainActivity	onCreate	public	81	inv	virtual|None|v7, v2|Landroid/view/View;|setKeepScreenOn|Z|V
com.activision.game.MainActivity	onCreate	public	82	new	0|Lcom/activision/game/MainActivity$b;
com.activision.game.MainActivity	onCreate	public	83	other	invoke-direct {v0, v6}, Lcom/activision/game/MainActivity$b;-><init>(Lcom/activision/game/MainActivity;)V
com.activision.game.MainActivity	onCreate	public	84	inv	virtual|None|v7, v0|Landroid/view/View;|setOnSystemUiVisibilityChangeListener|Landroid/view/View$OnSystemUiVisibilityChangeListener;|V
com.activision.game.MainActivity	onCreate	public	85	inv	virtual|None|v6|Landroid/app/Activity;|getIntent||Landroid/content/Intent;
com.activision.game.MainActivity	onCreate	public	86	inv	virtual|None|v7|Landroid/content/Intent;|getData||Landroid/net/Uri;
com.activision.game.MainActivity	onCreate	public	87	new	0|Ljava/lang/StringBuilder;
com.activision.game.MainActivity	onCreate	public	88	cstr	1|onCreate - Found deep-link data : 
com.activision.game.MainActivity	onCreate	public	89	other	invoke-direct {v0, v1}, Ljava/lang/StringBuilder;-><init>(Ljava/lang/String;)V
com.activision.game.MainActivity	onCreate	public	90	inv	virtual|None|v0, v7|Ljava/lang/StringBuilder;|append|Ljava/lang/Object;|Ljava/lang/StringBuilder;
com.activision.game.MainActivity	onCreate	public	91	inv	virtual|None|v0|Ljava/lang/StringBuilder;|toString||Ljava/lang/String;
com.activision.game.MainActivity	onCreate	public	92	inv	static|None|v0|Lcom/activision/game/GameApplication;|b|Ljava/lang/String;|V
com.activision.game.MainActivity	onCreate	public	93	inv	virtual|None|v7|Landroid/net/Uri;|toString||Ljava/lang/String;
com.activision.game.MainActivity	onCreate	public	94	inv	static|None|v7|Lcom/activision/game/MainActivity;|onPushDeeplink|Ljava/lang/String;|V
com.activision.game.MainActivity	onCreate	public	95	new	7|Lcom/activision/game/AppAudioManager;
com.activision.game.MainActivity	onCreate	public	96	other	invoke-direct {v7, v6}, Lcom/activision/game/AppAudioManager;-><init>(Lcom/activision/game/MainActivity;)V
com.activision.game.MainActivity	onCreate	public	97	other	iput-object v7, v6, v4498, Lcom/activision/game/MainActivity;->c:Lcom/activision/game/AppAudioManager;
com.activision.game.MainActivity	onCreate	public	98	inv	virtual|None|v7|Lcom/activision/game/AppAudioManager;|d||V
com.activision.game.MainActivity	onCreate	public	99	new	7|Lcom/activision/game/ScreenshotManager;
com.activision.game.MainActivity	onCreate	public	100	other	invoke-direct {v7, v6}, Lcom/activision/game/ScreenshotManager;-><init>(Lcom/activision/game/MainActivity;)V
com.activision.game.MainActivity	onCreate	public	101	other	iput-object v7, v6, v4499, Lcom/activision/game/MainActivity;->d:Lcom/activision/game/ScreenshotManager;
com.activision.game.MainActivity	onCreate	public	102	new	7|Ly1/f0;
com.activision.game.MainActivity	onCreate	public	103	inv	virtual|None|v6|Landroid/content/Context;|getApplicationContext||Landroid/content/Context;
com.activision.game.MainActivity	onCreate	public	104	other	invoke-direct {v7, v0}, Ly1/f0;-><init>(Landroid/content/Context;)V
com.activision.game.MainActivity	onCreate	public	105	other	iput-object v7, v6, v4500, Lcom/activision/game/MainActivity;->e:Ly1/f0;
com.activision.game.MainActivity	onCreate	public	106	inv	static|None||Lcom/activision/game/NetworkStateManager;|c||V
com.activision.game.MainActivity	onCreate	public	107	inv	virtual|None|v6, v3|Lcom/activision/game/MainActivity;|requestPermissions|I|V
com.activision.game.MainActivity	onCreate	public	108	new	7|Ly1/a0;
com.activision.game.MainActivity	onCreate	public	109	other	invoke-direct {v7, v6}, Ly1/a0;-><init>(Lcom/activision/game/MainActivity;)V
com.activision.game.MainActivity	onCreate	public	110	other	iput-object v7, v6, v4521, Lcom/activision/game/MainActivity;->z:Ly1/a0;
com.activision.game.MainActivity	onCreate	public	111	inv	virtual|None|v6|Lf/c;|getResources||Landroid/content/res/Resources;
com.activision.game.MainActivity	onCreate	public	112	inv	virtual|None|v7|Landroid/content/res/Resources;|getConfiguration||Landroid/content/res/Configuration;
com.activision.game.MainActivity	onCreate	public	113	inv	virtual|None|v7|Landroid/content/res/Configuration;|getLocales||Landroid/os/LocaleList;
com.activision.game.MainActivity	onCreate	public	114	inv	virtual|None|v7, v3|Landroid/os/LocaleList;|get|I|Ljava/util/Locale;
com.activision.game.MainActivity	onCreate	public	115	inv	virtual|None|v7|Ljava/util/Locale;|getLanguage||Ljava/lang/String;
com.activision.game.MainActivity	onCreate	public	116	inv	direct|None|v6, v7|Lcom/activision/game/MainActivity;|nativeSetSystemLanguage|Ljava/lang/String;|V
com.activision.game.MainActivity	onCreate	public	117	other	iget-object v7, v6, v4507, Lcom/activision/game/MainActivity;->l:Ly1/p;
com.activision.game.MainActivity	onCreate	public	118	inv	virtual|None|v7, v6|Ly1/p;|b|Landroid/app/Activity;|V
com.activision.game.MainActivity	onCreate	public	119	other	iget-object v7, v6, v11433, Lcom/google/androidgamesdk/GameActivity;->mSurfaceView:Lcom/google/androidgamesdk/GameActivity$InputEnabledSurfaceView;
com.activision.game.MainActivity	onCreate	public	120	inv	static|None|v6, v3|Landroid/view/PointerIcon;|getSystemIcon|BB|Landroid/view/PointerIcon;
com.activision.game.MainActivity	onCreate	public	121	inv	virtual|None|v7, v0|Landroid/view/View;|setPointerIcon|Landroid/view/PointerIcon;|V
com.activision.game.MainActivity	onCreate	public	122	new	7|Ly1/b0;
com.activision.game.MainActivity	onCreate	public	123	other	invoke-direct {v7, v6}, Ly1/b0;-><init>(Lcom/activision/game/MainActivity;)V
com.activision.game.MainActivity	onCreate	public	124	other	iput-object v7, v6, v4484, Lcom/activision/game/MainActivity;->A:Ly1/b0;
com.activision.game.MainActivity	onCreate	public	125	cstr	7|sensor
com.activision.game.MainActivity	onCreate	public	126	inv	virtual|None|v6, v7|Landroid/content/Context;|getSystemService|Ljava/lang/String;|Ljava/lang/Object;
com.activision.game.MainActivity	onCreate	public	127	ccast	7|Landroid/hardware/SensorManager;
com.activision.game.MainActivity	onCreate	public	128	other	iput-object v7, v6, v4513, Lcom/activision/game/MainActivity;->r:Landroid/hardware/SensorManager;
com.activision.game.MainActivity	onCreate	public	129	inv	virtual|None|v7, v0|Landroid/hardware/SensorManager;|getDefaultSensor|I|Landroid/hardware/Sensor;
com.activision.game.MainActivity	onCreate	public	130	other	iput-object v7, v6, v4514, Lcom/activision/game/MainActivity;->s:Landroid/hardware/Sensor;
com.activision.game.MainActivity	onDestroy	public	0	other	.registers 5
com.activision.game.MainActivity	onDestroy	public	1	inv	super|None|v4|Lcom/google/androidgamesdk/GameActivity;|onDestroy||V
com.activision.game.MainActivity	onDestroy	public	2	inv	virtual|None|v4|Landroid/app/Activity;|isChangingConfigurations||Z
com.activision.game.MainActivity	onDestroy	public	3	inv	virtual|None|v4|Landroid/app/Activity;|getChangingConfigurations||I
com.activision.game.MainActivity	onDestroy	public	4	inv	static|None|v0|Ljava/lang/Integer;|valueOf|I|Ljava/lang/Integer;
com.activision.game.MainActivity	onDestroy	public	5	cstr	0|0x%08X
com.activision.game.MainActivity	onDestroy	public	6	inv	static|None|v0, v1|Ljava/lang/String;|format|Landroid/app/NotificationChannel;La3/b;|Ljava/lang/String;
com.activision.game.MainActivity	onDestroy	public	7	new	1|Ljava/lang/StringBuilder;
com.activision.game.MainActivity	onDestroy	public	8	cstr	3|Unsupported config change: 
com.activision.game.MainActivity	onDestroy	public	9	other	invoke-direct {v1, v3}, Ljava/lang/StringBuilder;-><init>(Ljava/lang/String;)V
com.activision.game.MainActivity	onDestroy	public	10	inv	virtual|None|v1, v0|Ljava/lang/StringBuilder;|append|Ljava/lang/String;|Ljava/lang/StringBuilder;
com.activision.game.MainActivity	onDestroy	public	11	inv	virtual|None|v1|Ljava/lang/StringBuilder;|toString||Ljava/lang/String;
com.activision.game.MainActivity	onDestroy	public	12	inv	static|None|v0|Lcom/activision/game/GameApplication;|c|Ljava/lang/String;|V
com.activision.game.MainActivity	onDestroy	public	13	inv	static|None|v2|Ljava/lang/System;|exit|I|V
com.activision.game.MainActivity	onDestroy	public	14	other	iget-object v0, v4, v4503, Lcom/activision/game/MainActivity;->h:Lcom/activision/game/BatteryLevelReceiver;
com.activision.game.MainActivity	onDestroy	public	15	inv	virtual|None|v4, v0|Landroid/content/Context;|unregisterReceiver|Landroid/content/BroadcastReceiver;|V
com.activision.game.MainActivity	onDestroy	public	16	other	iput-object v1, v4, v4503, Lcom/activision/game/MainActivity;->h:Lcom/activision/game/BatteryLevelReceiver;
com.activision.game.MainActivity	onDestroy	public	17	other	iget-object v0, v4, v4504, Lcom/activision/game/MainActivity;->i:Ljava/util/ArrayList;
com.activision.game.MainActivity	onDestroy	public	18	inv	virtual|None|v0|Ljava/util/ArrayList;|iterator||Ljava/util/Iterator;
com.activision.game.MainActivity	onDestroy	public	19	inv	interface|None|v0|Ljava/util/Iterator;|hasNext||Z
com.activision.game.MainActivity	onDestroy	public	20	inv	interface|None|v0|Ljava/util/Iterator;|next||Ljava/lang/Object;
com.activision.game.MainActivity	onDestroy	public	21	ccast	2|Lcom/activision/game/MainActivity$e;
com.activision.game.MainActivity	onDestroy	public	22	inv	interface|None|v2|Lcom/activision/game/MainActivity$e;|c||V
com.activision.game.MainActivity	onDestroy	public	23	other	iget-object v4, v4, v4499, Lcom/activision/game/MainActivity;->d:Lcom/activision/game/ScreenshotManager;
com.activision.game.MainActivity	onDestroy	public	24	other	iget-object v0, v4, v4524, Lcom/activision/game/ScreenshotManager;->b:Landroid/os/HandlerThread;
com.activision.game.MainActivity	onDestroy	public	25	inv	virtual|None|v0|Landroid/os/HandlerThread;|quitSafely||Z
com.activision.game.MainActivity	onDestroy	public	26	other	iput-object v1, v4, v4524, Lcom/activision/game/ScreenshotManager;->b:Landroid/os/HandlerThread;
com.activision.game.MainActivity	onNewIntent	public	0	other	.registers 3
com.activision.game.MainActivity	onNewIntent	public	1	inv	super|None|v1, v2|Landroidx/fragment/app/r;|onNewIntent|Landroid/content/Intent;|V
com.activision.game.MainActivity	onNewIntent	public	2	cstr	1|android.intent.action.VIEW
com.activision.game.MainActivity	onNewIntent	public	3	inv	virtual|None|v2|Landroid/content/Intent;|getAction||Ljava/lang/String;
com.activision.game.MainActivity	onNewIntent	public	4	inv	virtual|None|v1, v0|Ljava/lang/String;|equals|Ljava/lang/Object;|Z
com.activision.game.MainActivity	onNewIntent	public	5	inv	virtual|None|v2|Landroid/content/Intent;|getData||Landroid/net/Uri;
com.activision.game.MainActivity	onNewIntent	public	6	new	2|Ljava/lang/StringBuilder;
com.activision.game.MainActivity	onNewIntent	public	7	cstr	0|onNewIntent - Found deep-link data : 
com.activision.game.MainActivity	onNewIntent	public	8	other	invoke-direct {v2, v0}, Ljava/lang/StringBuilder;-><init>(Ljava/lang/String;)V
com.activision.game.MainActivity	onNewIntent	public	9	inv	virtual|None|v2, v1|Ljava/lang/StringBuilder;|append|Ljava/lang/Object;|Ljava/lang/StringBuilder;
com.activision.game.MainActivity	onNewIntent	public	10	inv	virtual|None|v2|Ljava/lang/StringBuilder;|toString||Ljava/lang/String;
com.activision.game.MainActivity	onNewIntent	public	11	inv	static|None|v2|Lcom/activision/game/GameApplication;|b|Ljava/lang/String;|V
com.activision.game.MainActivity	onNewIntent	public	12	inv	virtual|None|v1|Landroid/net/Uri;|toString||Ljava/lang/String;
com.activision.game.MainActivity	onNewIntent	public	13	inv	static|None|v1|Lcom/activision/game/MainActivity;|onPushDeeplink|Ljava/lang/String;|V
com.activision.game.MainActivity	onPause	public	0	other	.registers 3
com.activision.game.MainActivity	onPause	public	1	inv	super|None|v2|Lcom/google/androidgamesdk/GameActivity;|onPause||V
com.activision.game.MainActivity	onPause	public	2	other	iget-object v0, v2, v4498, Lcom/activision/game/MainActivity;->c:Lcom/activision/game/AppAudioManager;
com.activision.game.MainActivity	onPause	public	3	inv	virtual|None|v0|Ljava/lang/Object;|getClass||Ljava/lang/Class;
com.activision.game.MainActivity	onPause	public	4	other	iget-object v0, v2, v4502, Lcom/activision/game/MainActivity;->g:Landroid/os/Handler;
com.activision.game.MainActivity	onPause	public	5	other	iget-object v1, v2, v4486, Lcom/activision/game/MainActivity;->C:Lcom/activision/game/MainActivity$c;
com.activision.game.MainActivity	onPause	public	6	inv	virtual|None|v0, v1|Landroid/os/Handler;|removeCallbacks|Ljava/lang/Runnable;|V
com.activision.game.MainActivity	onPause	public	7	other	iget-object v2, v2, v4504, Lcom/activision/game/MainActivity;->i:Ljava/util/ArrayList;
com.activision.game.MainActivity	onPause	public	8	inv	virtual|None|v2|Ljava/util/ArrayList;|iterator||Ljava/util/Iterator;
com.activision.game.MainActivity	onPause	public	9	inv	interface|None|v2|Ljava/util/Iterator;|hasNext||Z
com.activision.game.MainActivity	onPause	public	10	inv	interface|None|v2|Ljava/util/Iterator;|next||Ljava/lang/Object;
com.activision.game.MainActivity	onPause	public	11	ccast	0|Lcom/activision/game/MainActivity$e;
com.activision.game.MainActivity	onPause	public	12	inv	interface|None|v0|Lcom/activision/game/MainActivity$e;|b||V
com.activision.game.MainActivity	onReadyToDraw	public	0	other	.registers 3
com.activision.game.MainActivity	onReadyToDraw	public	1	new	0|Ly1/s;
com.activision.game.MainActivity	onReadyToDraw	public	2	other	invoke-direct {v0, v2, v1}, Ly1/s;-><init>(BB)V
com.activision.game.MainActivity	onReadyToDraw	public	3	inv	virtual|None|v2, v0|Landroid/app/Activity;|runOnUiThread|Ljava/lang/Runnable;|V
com.activision.game.MainActivity	onReadyToDraw	public	4	inv	virtual|None|v2|Landroid/content/Context;|getApplicationContext||Landroid/content/Context;
com.activision.game.MainActivity	onReadyToDraw	public	5	cstr	0|power
com.activision.game.MainActivity	onReadyToDraw	public	6	inv	virtual|None|v2, v0|Landroid/content/Context;|getSystemService|Ljava/lang/String;|Ljava/lang/Object;
com.activision.game.MainActivity	onReadyToDraw	public	7	ccast	2|Landroid/os/PowerManager;
com.activision.game.MainActivity	onReadyToDraw	public	8	new	0|Ly1/r;
com.activision.game.MainActivity	onReadyToDraw	public	9	other	invoke-direct {v0}, Ly1/r;-><init>()V
com.activision.game.MainActivity	onReadyToDraw	public	10	inv	virtual|None|v2, v0|Landroid/os/PowerManager;|addThermalStatusListener|Landroid/os/PowerManager$OnThermalStatusChangedListener;|V
com.activision.game.MainActivity	onReadyToDraw	public	11	sget	0|Lcom/activision/game/GameApplication;|b|Lx1/b;
com.activision.game.MainActivity	onReadyToDraw	public	12	cstr	0|MainActivity
com.activision.game.MainActivity	onReadyToDraw	public	13	cstr	1|Failed to setup thermal status listener
com.activision.game.MainActivity	onReadyToDraw	public	14	inv	static|None|v0, v1, v2|Landroid/util/Log;|w|Landroid/app/NotificationChannel;La3/b;Landroid/app/NotificationChannel;|I
com.activision.game.MainActivity	onReadyToDraw	public	15	sget	2|Lcom/activision/game/GameApplication;|b|Lx1/b;
com.activision.game.MainActivity	onReadyToDraw	public	16	inv	virtual|None|v2|Ljava/lang/Thread;|isAlive||Z
com.activision.game.MainActivity	onReadyToDraw	public	17	sget	2|Lcom/activision/game/GameApplication;|b|Lx1/b;
com.activision.game.MainActivity	onReadyToDraw	public	18	inv	virtual|None|v2|Ljava/lang/Thread;|start||V
com.activision.game.MainActivity	onRequestPermissionsResult	public	0	other	.registers 8
com.activision.game.MainActivity	onRequestPermissionsResult	public	1	inv	super|None|v4, v5, v6, v7|Landroidx/fragment/app/r;|onRequestPermissionsResult|BBB|V
com.activision.game.MainActivity	onRequestPermissionsResult	public	2	inv	static|None|v0|Ljava/lang/Boolean;|valueOf|Z|Ljava/lang/Boolean;
com.activision.game.MainActivity	onRequestPermissionsResult	public	3	inv	virtual|None|v5|Ljava/lang/Boolean;|booleanValue||Z
com.activision.game.MainActivity	onRequestPermissionsResult	public	4	cstr	4|APK corrupted Game start aborted
com.activision.game.MainActivity	onRequestPermissionsResult	public	5	inv	static|None|v4|Lcom/activision/game/GameApplication;|c|Ljava/lang/String;|V
com.activision.game.MainActivity	onRequestPermissionsResult	public	6	new	5|Ljava/lang/Thread;
com.activision.game.MainActivity	onRequestPermissionsResult	public	7	new	6|Ly1/s;
com.activision.game.MainActivity	onRequestPermissionsResult	public	8	other	invoke-direct {v6, v4, v7}, Ly1/s;-><init>(BB)V
com.activision.game.MainActivity	onRequestPermissionsResult	public	9	other	invoke-direct {v5, v6}, Ljava/lang/Thread;-><init>(Ljava/lang/Runnable;)V
com.activision.game.MainActivity	onRequestPermissionsResult	public	10	inv	virtual|None|v4|Landroid/app/Activity;|getIntent||Landroid/content/Intent;
com.activision.game.MainActivity	onRequestPermissionsResult	public	11	cstr	6|args
com.activision.game.MainActivity	onRequestPermissionsResult	public	12	inv	virtual|None|v4, v6|Landroid/content/Intent;|getStringExtra|Ljava/lang/String;|Ljava/lang/String;
com.activision.game.MainActivity	onRequestPermissionsResult	public	13	inv	virtual|None|v5|Ljava/lang/Thread;|start||V
com.activision.game.MainActivity	onRequestPermissionsResult	public	14	new	5|Landroid/app/AlertDialog$Builder;
com.activision.game.MainActivity	onRequestPermissionsResult	public	15	other	invoke-direct {v5, v4}, Landroid/app/AlertDialog$Builder;-><init>(Landroid/content/Context;)V
com.activision.game.MainActivity	onRequestPermissionsResult	public	16	cstr	4|Permissions Denied
com.activision.game.MainActivity	onRequestPermissionsResult	public	17	inv	virtual|None|v5, v4|Landroid/app/AlertDialog$Builder;|setTitle|Ljava/lang/CharSequence;|Landroid/app/AlertDialog$Builder;
com.activision.game.MainActivity	onRequestPermissionsResult	public	18	cstr	5|Bootstrap permissions required to execute were not granted. The application will close.
com.activision.game.MainActivity	onRequestPermissionsResult	public	19	inv	virtual|None|v4, v5|Landroid/app/AlertDialog$Builder;|setMessage|Ljava/lang/CharSequence;|Landroid/app/AlertDialog$Builder;
com.activision.game.MainActivity	onRequestPermissionsResult	public	20	new	5|Ly1/q;
com.activision.game.MainActivity	onRequestPermissionsResult	public	21	other	invoke-direct {v5}, Ly1/q;-><init>()V
com.activision.game.MainActivity	onRequestPermissionsResult	public	22	cstr	6|Ok
com.activision.game.MainActivity	onRequestPermissionsResult	public	23	inv	virtual|None|v4, v6, v5|Landroid/app/AlertDialog$Builder;|setPositiveButton|Landroid/accounts/AccountManagerFuture;La3/b;|Landroid/app/AlertDialog$Builder;
com.activision.game.MainActivity	onRequestPermissionsResult	public	24	inv	virtual|None|v4, v0|Landroid/app/AlertDialog$Builder;|setCancelable|Z|Landroid/app/AlertDialog$Builder;
com.activision.game.MainActivity	onRequestPermissionsResult	public	25	inv	virtual|None|v4|Landroid/app/AlertDialog$Builder;|show||Landroid/app/AlertDialog;
com.activision.game.MainActivity	onRequestPermissionsResult	public	26	inv	static|None|v5, v6|Lcom/activision/game/MainActivity;|nativeRequestPermissionResult|BB|V
com.activision.game.MainActivity	onResume	public	0	other	.registers 3
com.activision.game.MainActivity	onResume	public	1	inv	super|None|v2|Lcom/google/androidgamesdk/GameActivity;|onResume||V
com.activision.game.MainActivity	onResume	public	2	inv	virtual|None|v2|Lcom/activision/game/MainActivity;|m||V
com.activision.game.MainActivity	onResume	public	3	other	iget-object v0, v2, v4498, Lcom/activision/game/MainActivity;->c:Lcom/activision/game/AppAudioManager;
com.activision.game.MainActivity	onResume	public	4	other	iget-object v0, v0, v4435, Lcom/activision/game/AppAudioManager;->a:Lcom/activision/game/MainActivity;
com.activision.game.MainActivity	onResume	public	5	inv	virtual|None|v0, v1|Landroid/app/Activity;|setVolumeControlStream|I|V
com.activision.game.MainActivity	onResume	public	6	other	iget-object v0, v2, v4502, Lcom/activision/game/MainActivity;->g:Landroid/os/Handler;
com.activision.game.MainActivity	onResume	public	7	other	iget-object v0, v2, v4486, Lcom/activision/game/MainActivity;->C:Lcom/activision/game/MainActivity$c;
com.activision.game.MainActivity	onResume	public	8	inv	virtual|None|v0|Lcom/activision/game/MainActivity$c;|run||V
com.activision.game.MainActivity	onResume	public	9	other	iget-object v2, v2, v4504, Lcom/activision/game/MainActivity;->i:Ljava/util/ArrayList;
com.activision.game.MainActivity	onResume	public	10	inv	virtual|None|v2|Ljava/util/ArrayList;|iterator||Ljava/util/Iterator;
com.activision.game.MainActivity	onResume	public	11	inv	interface|None|v2|Ljava/util/Iterator;|hasNext||Z
com.activision.game.MainActivity	onResume	public	12	inv	interface|None|v2|Ljava/util/Iterator;|next||Ljava/lang/Object;
com.activision.game.MainActivity	onResume	public	13	ccast	0|Lcom/activision/game/MainActivity$e;
com.activision.game.MainActivity	onResume	public	14	inv	interface|None|v0|Lcom/activision/game/MainActivity$e;|a||V
com.activision.game.MainActivity	onStart	public	0	other	.registers 5
com.activision.game.MainActivity	onStart	public	1	inv	super|None|v4|Lcom/google/androidgamesdk/GameActivity;|onStart||V
com.activision.game.MainActivity	onStart	public	2	inv	virtual|None|v4|Landroid/app/Activity;|getWindowManager||Landroid/view/WindowManager;
com.activision.game.MainActivity	onStart	public	3	inv	interface|None|v0|Landroid/view/WindowManager;|getDefaultDisplay||Landroid/view/Display;
com.activision.game.MainActivity	onStart	public	4	inv	virtual|None|v4|Lcom/activision/game/MainActivity;|getDisplay||Landroid/view/Display;
com.activision.game.MainActivity	onStart	public	5	inv	virtual|None|v0|Landroid/view/Display;|getRotation||I
com.activision.game.MainActivity	onStart	public	6	inv	direct|None|v4, v0|Lcom/activision/game/MainActivity;|onRotationChanged|I|V
com.activision.game.MainActivity	onStart	public	7	other	iget-object v0, v4, v4513, Lcom/activision/game/MainActivity;->r:Landroid/hardware/SensorManager;
com.activision.game.MainActivity	onStart	public	8	other	iget-object v1, v4, v4484, Lcom/activision/game/MainActivity;->A:Ly1/b0;
com.activision.game.MainActivity	onStart	public	9	other	iget-object v2, v4, v4514, Lcom/activision/game/MainActivity;->s:Landroid/hardware/Sensor;
com.activision.game.MainActivity	onStart	public	10	inv	virtual|None|v0, v1, v2, v3|Landroid/hardware/SensorManager;|registerListener|BBB|Z
com.activision.game.MainActivity	onStart	public	11	inv	virtual|None|v4|Landroid/content/Context;|getApplicationContext||Landroid/content/Context;
com.activision.game.MainActivity	onStart	public	12	cstr	1|display
com.activision.game.MainActivity	onStart	public	13	inv	virtual|None|v0, v1|Landroid/content/Context;|getSystemService|Ljava/lang/String;|Ljava/lang/Object;
com.activision.game.MainActivity	onStart	public	14	ccast	0|Landroid/hardware/display/DisplayManager;
com.activision.game.MainActivity	onStart	public	15	other	iget-object v1, v4, v4521, Lcom/activision/game/MainActivity;->z:Ly1/a0;
com.activision.game.MainActivity	onStart	public	16	inv	virtual|None|v0, v1, v2|Landroid/hardware/display/DisplayManager;|registerDisplayListener|BB|V
com.activision.game.MainActivity	onStart	public	17	other	iget-object v4, v4, v4507, Lcom/activision/game/MainActivity;->l:Ly1/p;
com.activision.game.MainActivity	onStart	public	18	inv	virtual|None|v4|Ly1/p;|a||V
com.activision.game.MainActivity	onStop	public	0	other	.registers 6
com.activision.game.MainActivity	onStop	public	1	inv	super|None|v5|Lcom/google/androidgamesdk/GameActivity;|onStop||V
com.activision.game.MainActivity	onStop	public	2	other	iget-object v0, v5, v4498, Lcom/activision/game/MainActivity;->c:Lcom/activision/game/AppAudioManager;
com.activision.game.MainActivity	onStop	public	3	inv	virtual|None|v0, v1|Lcom/activision/game/AppAudioManager;|setMode|I|V
com.activision.game.MainActivity	onStop	public	4	inv	virtual|None|v0, v1|Lcom/activision/game/AppAudioManager;|forceSpeakerphoneForComms|Z|V
com.activision.game.MainActivity	onStop	public	5	other	iget-object v0, v5, v4507, Lcom/activision/game/MainActivity;->l:Ly1/p;
com.activision.game.MainActivity	onStop	public	6	other	iget-object v1, v0, v17150, Ly1/p;->a:Li1/b;
com.activision.game.MainActivity	onStop	public	7	cstr	3|consumer
com.activision.game.MainActivity	onStop	public	8	inv	static|None|v0, v3|Lkotlin/jvm/internal/Intrinsics;|checkNotNullParameter|Landroid/app/KeyguardManager;La3/b;|V
com.activision.game.MainActivity	onStop	public	9	other	iget-object v3, v1, v14565, Li1/b;->c:Ljava/util/concurrent/locks/ReentrantLock;
com.activision.game.MainActivity	onStop	public	10	inv	virtual|None|v3|Ljava/util/concurrent/locks/ReentrantLock;|lock||V
com.activision.game.MainActivity	onStop	public	11	other	iget-object v1, v1, v14566, Li1/b;->d:Ljava/util/LinkedHashMap;
com.activision.game.MainActivity	onStop	public	12	inv	virtual|None|v1, v0|Ljava/util/LinkedHashMap;|get|Ljava/lang/Object;|Ljava/lang/Object;
com.activision.game.MainActivity	onStop	public	13	ccast	4|Ld7/i1;
com.activision.game.MainActivity	onStop	public	14	inv	interface|None|v4, v2|Ld7/i1;|b|Ljava/util/concurrent/CancellationException;|V
com.activision.game.MainActivity	onStop	public	15	inv	interface|None|v1, v0|Ljava/util/Map;|remove|Ljava/lang/Object;|Ljava/lang/Object;
com.activision.game.MainActivity	onStop	public	16	ccast	0|Ld7/i1;
com.activision.game.MainActivity	onStop	public	17	inv	virtual|None|v3|Ljava/util/concurrent/locks/ReentrantLock;|unlock||V
com.activision.game.MainActivity	onStop	public	18	inv	virtual|None|v3|Ljava/util/concurrent/locks/ReentrantLock;|unlock||V
com.activision.game.MainActivity	onStop	public	19	inv	virtual|None|v5|Landroid/content/Context;|getApplicationContext||Landroid/content/Context;
com.activision.game.MainActivity	onStop	public	20	cstr	1|display
com.activision.game.MainActivity	onStop	public	21	inv	virtual|None|v0, v1|Landroid/content/Context;|getSystemService|Ljava/lang/String;|Ljava/lang/Object;
com.activision.game.MainActivity	onStop	public	22	ccast	0|Landroid/hardware/display/DisplayManager;
com.activision.game.MainActivity	onStop	public	23	other	iget-object v1, v5, v4521, Lcom/activision/game/MainActivity;->z:Ly1/a0;
com.activision.game.MainActivity	onStop	public	24	inv	virtual|None|v0, v1|Landroid/hardware/display/DisplayManager;|unregisterDisplayListener|Landroid/hardware/display/DisplayManager$DisplayListener;|V
com.activision.game.MainActivity	onStop	public	25	other	iget-object v0, v5, v4513, Lcom/activision/game/MainActivity;->r:Landroid/hardware/SensorManager;
com.activision.game.MainActivity	onStop	public	26	other	iget-object v1, v5, v4484, Lcom/activision/game/MainActivity;->A:Ly1/b0;
com.activision.game.MainActivity	onStop	public	27	inv	virtual|None|v0, v1|Landroid/hardware/SensorManager;|unregisterListener|Landroid/hardware/SensorEventListener;|V
com.activision.game.MainActivity	onStop	public	28	inv	static|None||Landroidx/window/layout/z;|a||Landroidx/window/layout/z;
com.activision.game.MainActivity	onStop	public	29	inv	interface|None|v0, v5|Landroidx/window/layout/z;|b|Landroid/app/Activity;|Landroidx/window/layout/y;
com.activision.game.MainActivity	onStop	public	30	inv	virtual|None|v0|Landroidx/window/layout/y;|a||Landroid/graphics/Rect;
com.activision.game.MainActivity	onStop	public	31	inv	virtual|None|v0|Landroid/graphics/Rect;|width||I
com.activision.game.MainActivity	onStop	public	32	inv	virtual|None|v0|Landroid/graphics/Rect;|height||I
com.activision.game.MainActivity	onStop	public	33	inv	static|None|v1, v0|Lcom/activision/game/MainActivity;|nativeSetWindowSize|BB|V
com.activision.game.MainActivity	onStop	public	34	other	iput-object v2, v5, v4520, Lcom/activision/game/MainActivity;->y:Landroid/graphics/Rect;
com.activision.game.MainActivity	onTrimMemory	public	0	other	.registers 2
com.activision.game.MainActivity	onTrimMemory	public	1	inv	direct|None|v0, v1|Lcom/activision/game/MainActivity;|nativeOnTrimMemory|I|V
com.activision.game.MainActivity	onTrimMemory	public	2	inv	super|None|v0, v1|Lcom/google/androidgamesdk/GameActivity;|onTrimMemory|I|V
com.activision.game.MainActivity	openAppSettings	public	0	other	.registers 5
com.activision.game.MainActivity	openAppSettings	public	1	new	0|Landroid/content/Intent;
com.activision.game.MainActivity	openAppSettings	public	2	cstr	1|android.settings.APPLICATION_DETAILS_SETTINGS
com.activision.game.MainActivity	openAppSettings	public	3	other	invoke-direct {v0, v1}, Landroid/content/Intent;-><init>(Ljava/lang/String;)V
com.activision.game.MainActivity	openAppSettings	public	4	inv	virtual|None|v0, v1|Landroid/content/Intent;|addFlags|I|Landroid/content/Intent;
com.activision.game.MainActivity	openAppSettings	public	5	inv	virtual|None|v4|Landroid/content/Context;|getPackageName||Ljava/lang/String;
com.activision.game.MainActivity	openAppSettings	public	6	cstr	3|package
com.activision.game.MainActivity	openAppSettings	public	7	inv	static|None|v3, v1, v2|Landroid/net/Uri;|fromParts|Landroid/app/NotificationChannel;La3/b;Landroid/app/NotificationChannel;|Landroid/net/Uri;
com.activision.game.MainActivity	openAppSettings	public	8	inv	virtual|None|v0, v1|Landroid/content/Intent;|setData|Landroid/net/Uri;|Landroid/content/Intent;
com.activision.game.MainActivity	openAppSettings	public	9	inv	virtual|None|v4, v0|Landroid/content/Context;|startActivity|Landroid/content/Intent;|V
com.activision.game.MainActivity	openOSSettings	public	0	other	.registers 6
com.activision.game.MainActivity	openOSSettings	public	1	cstr	0|MainActivity
com.activision.game.MainActivity	openOSSettings	public	2	cstr	1|Unknown system settings section: 
com.activision.game.MainActivity	openOSSettings	public	3	sget	2|Lcom/activision/game/MainActivity;|I|Ljava/util/HashMap;
com.activision.game.MainActivity	openOSSettings	public	4	inv	static|None|v5|Ljava/lang/Integer;|valueOf|I|Ljava/lang/Integer;
com.activision.game.MainActivity	openOSSettings	public	5	inv	virtual|None|v2, v3|Ljava/util/HashMap;|get|Ljava/lang/Object;|Ljava/lang/Object;
com.activision.game.MainActivity	openOSSettings	public	6	ccast	2|Ljava/lang/String;
com.activision.game.MainActivity	openOSSettings	public	7	new	2|Ljava/lang/StringBuilder;
com.activision.game.MainActivity	openOSSettings	public	8	other	invoke-direct {v2, v1}, Ljava/lang/StringBuilder;-><init>(Ljava/lang/String;)V
com.activision.game.MainActivity	openOSSettings	public	9	inv	virtual|None|v2, v5|Ljava/lang/StringBuilder;|append|I|Ljava/lang/StringBuilder;
com.activision.game.MainActivity	openOSSettings	public	10	inv	virtual|None|v2|Ljava/lang/StringBuilder;|toString||Ljava/lang/String;
com.activision.game.MainActivity	openOSSettings	public	11	sget	1|Lcom/activision/game/GameApplication;|b|Lx1/b;
com.activision.game.MainActivity	openOSSettings	public	12	inv	static|None|v0, v5|Landroid/util/Log;|w|Landroid/app/NotificationChannel;La3/b;|I
com.activision.game.MainActivity	openOSSettings	public	13	cstr	2|android.settings.SETTINGS
com.activision.game.MainActivity	openOSSettings	public	14	new	5|Landroid/content/Intent;
com.activision.game.MainActivity	openOSSettings	public	15	other	invoke-direct {v5, v2}, Landroid/content/Intent;-><init>(Ljava/lang/String;)V
com.activision.game.MainActivity	openOSSettings	public	16	inv	virtual|None|v4, v5|Landroid/content/Context;|startActivity|Landroid/content/Intent;|V
com.activision.game.MainActivity	openOSSettings	public	17	sget	5|Lcom/activision/game/GameApplication;|b|Lx1/b;
com.activision.game.MainActivity	openOSSettings	public	18	cstr	5|Unable to open system settings
com.activision.game.MainActivity	openOSSettings	public	19	inv	static|None|v0, v5, v4|Landroid/util/Log;|e|Landroid/app/NotificationChannel;La3/b;Landroid/app/NotificationChannel;|I
com.activision.game.MainActivity	p	public	0	other	.registers 4
com.activision.game.MainActivity	p	public	1	inv	virtual|None|v3|Landroid/app/Activity;|getWindow||Landroid/view/Window;
com.activision.game.MainActivity	p	public	2	inv	virtual|None|v0|Landroid/view/Window;|getAttributes||Landroid/view/WindowManager$LayoutParams;
com.activision.game.MainActivity	p	public	3	inv	virtual|None|v3|Landroid/app/Activity;|getWindow||Landroid/view/Window;
com.activision.game.MainActivity	p	public	4	inv	virtual|None|v0|Landroid/view/Window;|getDecorView||Landroid/view/View;
com.activision.game.MainActivity	p	public	5	inv	virtual|None|v3|Landroid/app/Activity;|getWindow||Landroid/view/Window;
com.activision.game.MainActivity	p	public	6	new	0|Landroidx/core/view/e0;
com.activision.game.MainActivity	p	public	7	other	invoke-direct {v0, v3}, Landroidx/core/view/e0;-><init>(Landroid/view/Window;)V
com.activision.game.MainActivity	p	public	8	new	0|Landroidx/core/view/d0;
com.activision.game.MainActivity	p	public	9	other	invoke-direct {v0, v3}, Landroidx/core/view/d0;-><init>(Landroid/view/Window;)V
com.activision.game.MainActivity	p	public	10	inv	static|None||Landroidx/core/view/WindowInsetsCompat$Type;|systemBars||I
com.activision.game.MainActivity	p	public	11	inv	virtual|None|v0, v3|Landroidx/core/view/y;|d|I|V
com.activision.game.MainActivity	p	public	12	inv	static|None||Landroidx/core/view/WindowInsetsCompat$Type;|displayCutout||I
com.activision.game.MainActivity	p	public	13	inv	virtual|None|v0, v3|Landroidx/core/view/y;|d|I|V
com.activision.game.MainActivity	p	public	14	inv	virtual|None|v0|Landroidx/core/view/y;|e||V
com.activision.game.MainActivity	q	public	0	other	.registers 7
com.activision.game.MainActivity	q	public	1	new	0|Landroid/content/Intent;
com.activision.game.MainActivity	q	public	2	cstr	1|android.intent.action.VIEW
com.activision.game.MainActivity	q	public	3	inv	static|None|v6|Landroid/net/Uri;|parse|Ljava/lang/String;|Landroid/net/Uri;
com.activision.game.MainActivity	q	public	4	other	invoke-direct {v0, v1, v2}, Landroid/content/Intent;-><init>(Landroid/app/NotificationChannel;La3/b;)V
com.activision.game.MainActivity	q	public	5	other	const-string v3, "
com.activision.game.MainActivity	q	public	6	other	com.android.vending  "
com.activision.game.MainActivity	q	public	7	inv	virtual|None|v3|Ljava/lang/String;|trim||Ljava/lang/String;
com.activision.game.MainActivity	q	public	8	inv	virtual|None|v0, v1|Landroid/content/Intent;|setPackage|Ljava/lang/String;|Landroid/content/Intent;
com.activision.game.MainActivity	q	public	9	inv	virtual|None|v5, v0|Landroid/content/Context;|startActivity|Landroid/content/Intent;|V
com.activision.game.MainActivity	q	public	10	cstr	0|Failed to open appstore URL: 
com.activision.game.MainActivity	q	public	11	inv	static|None|v0, v6|Landroidx/fragment/app/o;|f|Landroid/app/NotificationChannel;La3/b;|Ljava/lang/String;
com.activision.game.MainActivity	q	public	12	sget	0|Lcom/activision/game/GameApplication;|b|Lx1/b;
com.activision.game.MainActivity	q	public	13	cstr	0|MainActivity
com.activision.game.MainActivity	q	public	14	inv	static|None|v0, v6, v5|Landroid/util/Log;|w|Landroid/app/NotificationChannel;La3/b;Landroid/app/NotificationChannel;|I
com.activision.game.MainActivity	r	public	0	other	.registers 4
com.activision.game.MainActivity	r	public	1	cstr	0|final current region: 
com.activision.game.MainActivity	r	public	2	other	monitor-enter v3
com.activision.game.MainActivity	r	public	3	inv	static|None|v3|Lcom/activision/game/utility/RegionDetectionAPI;|a|Landroid/content/Context;|V
com.activision.game.MainActivity	r	public	4	inv	static|None|v3|Lcom/activision/game/utility/RegionDetectionAPI;|b|Landroid/content/Context;|Ljava/lang/String;
com.activision.game.MainActivity	r	public	5	other	iput-object v1, v3, v4512, Lcom/activision/game/MainActivity;->q:Ljava/lang/String;
com.activision.game.MainActivity	r	public	6	cstr	1|Pre-Engine
com.activision.game.MainActivity	r	public	7	new	2|Ljava/lang/StringBuilder;
com.activision.game.MainActivity	r	public	8	other	invoke-direct {v2, v0}, Ljava/lang/StringBuilder;-><init>(Ljava/lang/String;)V
com.activision.game.MainActivity	r	public	9	other	iget-object v0, v3, v4512, Lcom/activision/game/MainActivity;->q:Ljava/lang/String;
com.activision.game.MainActivity	r	public	10	inv	virtual|None|v2, v0|Ljava/lang/StringBuilder;|append|Ljava/lang/String;|Ljava/lang/StringBuilder;
com.activision.game.MainActivity	r	public	11	inv	virtual|None|v2|Ljava/lang/StringBuilder;|toString||Ljava/lang/String;
com.activision.game.MainActivity	r	public	12	inv	static|None|v1, v0|Lcom/activision/game/GameApplication;|a|Landroid/app/NotificationChannel;La3/b;|V
com.activision.game.MainActivity	r	public	13	inv	virtual|None|v3|Lcom/activision/game/MainActivity;|getSystemRegion||Ljava/lang/String;
com.activision.game.MainActivity	r	public	14	inv	direct|None|v3, v0|Lcom/activision/game/MainActivity;|nativeSetSystemCountry|Ljava/lang/String;|V
com.activision.game.MainActivity	r	public	15	other	monitor-exit v3
com.activision.game.MainActivity	r	public	16	other	monitor-exit v3
com.activision.game.MainActivity	requestOrientation	public	0	other	.registers 3
com.activision.game.MainActivity	requestOrientation	public	1	inv	virtual|None|v1, v2|Landroid/app/Activity;|setRequestedOrientation|I|V
com.activision.game.MainActivity	requestPermissions	public	0	other	.registers 4
com.activision.game.MainActivity	requestPermissions	public	1	sget	0|Lcom/activision/game/MainActivity;|G|Ljava/util/HashMap;
com.activision.game.MainActivity	requestPermissions	public	2	inv	static|None|v3|Ljava/lang/Integer;|valueOf|I|Ljava/lang/Integer;
com.activision.game.MainActivity	requestPermissions	public	3	inv	virtual|None|v0, v1|Ljava/util/HashMap;|get|Ljava/lang/Object;|Ljava/lang/Object;
com.activision.game.MainActivity	requestPermissions	public	4	other	check-cast v0, [Ljava/lang/String;
com.activision.game.MainActivity	requestPermissions	public	5	inv	static|None|v2, v0, v3|Landroidx/core/app/b;|b|BBB|V
com.activision.game.MainActivity	requestPermissions	public	6	sget	0|Lcom/activision/game/MainActivity;|H|Ljava/lang/String;
com.activision.game.MainActivity	requestPermissions	public	7	inv	virtual|None|v2, v3, v0, v1|Lcom/activision/game/MainActivity;|onRequestPermissionsResult|BBB|V
com.activision.game.MainActivity	restart	public	0	other	.registers 3
com.activision.game.MainActivity	restart	public	1	inv	virtual|None|v2|Landroid/content/Context;|getApplicationContext||Landroid/content/Context;
com.activision.game.MainActivity	restart	public	2	inv	virtual|None|v0|Landroid/content/Context;|getPackageManager||Landroid/content/pm/PackageManager;
com.activision.game.MainActivity	restart	public	3	inv	virtual|None|v0|Landroid/content/Context;|getPackageName||Ljava/lang/String;
com.activision.game.MainActivity	restart	public	4	inv	virtual|None|v1, v0|Landroid/content/pm/PackageManager;|getLaunchIntentForPackage|Ljava/lang/String;|Landroid/content/Intent;
com.activision.game.MainActivity	restart	public	5	inv	virtual|None|v0|Landroid/content/Intent;|getComponent||Landroid/content/ComponentName;
com.activision.game.MainActivity	restart	public	6	inv	static|None|v0|Landroid/content/Intent;|makeRestartActivityTask|Landroid/content/ComponentName;|Landroid/content/Intent;
com.activision.game.MainActivity	restart	public	7	inv	virtual|None|v2, v0|Landroid/content/Context;|startActivity|Landroid/content/Intent;|V
com.activision.game.MainActivity	scheduleLocalNotification	public	0	other	.registers 14
com.activision.game.MainActivity	scheduleLocalNotification	public	1	new	7|Ly1/z;
com.activision.game.MainActivity	scheduleLocalNotification	public	2	other	invoke-direct/range {v0, v1, v2, v3, v4, v5, v6}, Ly1/z;-><init>(BBBLandroid/app/ActivityManager$MemoryInfo;La0/b$a;)V
com.activision.game.MainActivity	scheduleLocalNotification	public	3	inv	virtual|None|v8, v7|Landroid/app/Activity;|runOnUiThread|Ljava/lang/Runnable;|V
com.activision.game.MainActivity	setClipboardData	public	0	other	.registers 3
com.activision.game.MainActivity	setClipboardData	public	1	inv	virtual|None|v1|Landroid/content/Context;|getApplicationContext||Landroid/content/Context;
com.activision.game.MainActivity	setClipboardData	public	2	cstr	0|clipboard
com.activision.game.MainActivity	setClipboardData	public	3	inv	virtual|None|v1, v0|Landroid/content/Context;|getSystemService|Ljava/lang/String;|Ljava/lang/Object;
com.activision.game.MainActivity	setClipboardData	public	4	ccast	1|Landroid/content/ClipboardManager;
com.activision.game.MainActivity	setClipboardData	public	5	cstr	0|Label
com.activision.game.MainActivity	setClipboardData	public	6	inv	static|None|v0, v2|Landroid/content/ClipData;|newPlainText|Landroid/accounts/AccountManagerFuture;La3/b;|Landroid/content/ClipData;
com.activision.game.MainActivity	setClipboardData	public	7	inv	virtual|None|v1, v2|Landroid/content/ClipboardManager;|setPrimaryClip|Landroid/content/ClipData;|V
com.activision.game.MainActivity	setScreenRefreshRate	public	0	other	.registers 6
com.activision.game.MainActivity	setScreenRefreshRate	public	1	cstr	0|MainActivity
com.activision.game.MainActivity	setScreenRefreshRate	public	2	cstr	1|The Android SDK version of this device does not support the OS functionality for setScreenRefreshRate to work. This function works from SDK Version 30 onwards. Device SDK Version:
com.activision.game.MainActivity	setScreenRefreshRate	public	3	other	iget-object v4, v4, v11433, Lcom/google/androidgamesdk/GameActivity;->mSurfaceView:Lcom/google/androidgamesdk/GameActivity$InputEnabledSurfaceView;
com.activision.game.MainActivity	setScreenRefreshRate	public	4	inv	virtual|None|v4|Landroid/view/SurfaceView;|getHolder||Landroid/view/SurfaceHolder;
com.activision.game.MainActivity	setScreenRefreshRate	public	5	inv	interface|None|v4|Landroid/view/SurfaceHolder;|getSurface||Landroid/view/Surface;
com.activision.game.MainActivity	setScreenRefreshRate	public	6	inv	static|None|v4, v5|Landroidx/core/app/k;|n|Landroid/database/sqlite/SQLiteProgram;F|V
com.activision.game.MainActivity	setScreenRefreshRate	public	7	new	4|Ljava/lang/StringBuilder;
com.activision.game.MainActivity	setScreenRefreshRate	public	8	other	invoke-direct {v4, v1}, Ljava/lang/StringBuilder;-><init>(Ljava/lang/String;)V
com.activision.game.MainActivity	setScreenRefreshRate	public	9	inv	virtual|None|v4, v2|Ljava/lang/StringBuilder;|append|I|Ljava/lang/StringBuilder;
com.activision.game.MainActivity	setScreenRefreshRate	public	10	inv	virtual|None|v4|Ljava/lang/StringBuilder;|toString||Ljava/lang/String;
com.activision.game.MainActivity	setScreenRefreshRate	public	11	sget	5|Lcom/activision/game/GameApplication;|b|Lx1/b;
com.activision.game.MainActivity	setScreenRefreshRate	public	12	inv	static|None|v0, v4|Landroid/util/Log;|w|Landroid/app/NotificationChannel;La3/b;|I
com.activision.game.MainActivity	setScreenRefreshRate	public	13	sget	5|Lcom/activision/game/GameApplication;|b|Lx1/b;
com.activision.game.MainActivity	setScreenRefreshRate	public	14	cstr	5|Failed calling setScreenRefreshRate
com.activision.game.MainActivity	setScreenRefreshRate	public	15	inv	static|None|v0, v5, v4|Landroid/util/Log;|w|Landroid/app/NotificationChannel;La3/b;Landroid/app/NotificationChannel;|I
com.activision.game.MainActivity	showAlert	public	0	other	.registers 5
com.activision.game.MainActivity	showAlert	public	1	new	0|Ly1/u;
com.activision.game.MainActivity	showAlert	public	2	other	invoke-direct {v0, v2, v3, v4, v1}, Ly1/u;-><init>(BBBLandroid/app/ActivityManager$MemoryInfo;)V
com.activision.game.MainActivity	showAlert	public	3	inv	virtual|None|v2, v0|Landroid/app/Activity;|runOnUiThread|Ljava/lang/Runnable;|V
com.activision.game.MainActivity	showAlert	public	4	other	iget-object v2, v2, v4487, Lcom/activision/game/MainActivity;->D:Ljava/util/concurrent/Semaphore;
com.activision.game.MainActivity	showAlert	public	5	inv	virtual|None|v2|Ljava/util/concurrent/Semaphore;|acquire||V
com.activision.game.MainActivity	showSharesheetPlainText	public	0	other	.registers 5
com.activision.game.MainActivity	showSharesheetPlainText	public	1	new	0|Ly1/y;
com.activision.game.MainActivity	showSharesheetPlainText	public	2	other	invoke-direct {v0, v2, v3, v4, v1}, Ly1/y;-><init>(BBBLandroid/app/KeyguardManager;)V
com.activision.game.MainActivity	showSharesheetPlainText	public	3	inv	virtual|None|v2, v0|Landroid/app/Activity;|runOnUiThread|Ljava/lang/Runnable;|V
com.activision.game.MainActivity	showSoftInput	public	0	other	.registers 13
com.activision.game.MainActivity	showSoftInput	public	1	new	11|Ly1/x;
com.activision.game.MainActivity	showSoftInput	public	2	other	invoke-direct/range {v0, v1, v2, v3, v4, v5}, Ly1/x;-><init>(BBBLandroid/app/ActivityManager$MemoryInfo;La0/b$a;)V
com.activision.game.MainActivity	showSoftInput	public	3	inv	virtual|None|v6, v11|Landroid/app/Activity;|runOnUiThread|Ljava/lang/Runnable;|V
com.activision.game.MainActivity	updateCurrencyRegion	public	0	other	.registers 2
com.activision.game.MainActivity	updateCurrencyRegion	public	1	inv	static|None|v0, v1|Lcom/activision/game/utility/RegionDetectionAPI;|c|BB|V
com.activision.game.MainActivity	updateCurrentRegion	public	0	other	.registers 4
com.activision.game.MainActivity	updateCurrentRegion	public	1	inv	virtual|None|v2|Ljava/lang/String;|isEmpty||Z
com.activision.game.MainActivity	updateCurrentRegion	public	2	inv	virtual|None|v1|Lf/c;|getResources||Landroid/content/res/Resources;
com.activision.game.MainActivity	updateCurrentRegion	public	3	inv	virtual|None|v2|Landroid/content/res/Resources;|getConfiguration||Landroid/content/res/Configuration;
com.activision.game.MainActivity	updateCurrentRegion	public	4	inv	virtual|None|v2|Landroid/content/res/Configuration;|getLocales||Landroid/os/LocaleList;
com.activision.game.MainActivity	updateCurrentRegion	public	5	inv	virtual|None|v2, v3|Landroid/os/LocaleList;|get|I|Ljava/util/Locale;
com.activision.game.MainActivity	updateCurrentRegion	public	6	inv	virtual|None|v2|Ljava/util/Locale;|getCountry||Ljava/lang/String;
com.activision.game.MainActivity	updateCurrentRegion	public	7	new	3|Ljava/lang/StringBuilder;
com.activision.game.MainActivity	updateCurrentRegion	public	8	cstr	0|Use locale country as install region: 
com.activision.game.MainActivity	updateCurrentRegion	public	9	other	invoke-direct {v3, v0}, Ljava/lang/StringBuilder;-><init>(Ljava/lang/String;)V
com.activision.game.MainActivity	updateCurrentRegion	public	10	inv	virtual|None|v3, v2|Ljava/lang/StringBuilder;|append|Ljava/lang/String;|Ljava/lang/StringBuilder;
com.activision.game.MainActivity	updateCurrentRegion	public	11	inv	virtual|None|v3|Ljava/lang/StringBuilder;|toString||Ljava/lang/String;
com.activision.game.MainActivity	updateCurrentRegion	public	12	cstr	0|Pre-Engine
com.activision.game.MainActivity	updateCurrentRegion	public	13	inv	static|None|v0, v3|Landroid/util/Log;|d|Landroid/app/NotificationChannel;La3/b;|I
com.activision.game.MainActivity	updateCurrentRegion	public	14	cstr	3|geoip_region
com.activision.game.MainActivity	updateCurrentRegion	public	15	inv	static|None|v1, v3, v2|Lz1/a;|b|BBB|V
com.activision.game.MainActivity	updateCurrentRegion	public	16	inv	static|None|v1, v2, v2, v3|Lcom/activision/game/utility/RegionDetectionAPI;|f|BBBF|V
com.activision.game.MainActivity	updateCurrentRegion	public	17	inv	virtual|None|v1|Lcom/activision/game/MainActivity;|r||V
com.activision.game.MainActivity	updateLoginRegion	public	0	other	.registers 2
com.activision.game.MainActivity	updateLoginRegion	public	1	inv	static|None|v0, v1|Lcom/activision/game/utility/RegionDetectionAPI;|d|BB|V
com.activision.game.MainActivity	updatePaymentRegion	public	0	other	.registers 2
com.activision.game.MainActivity	updatePaymentRegion	public	1	inv	static|None|v0, v1|Lcom/activision/game/utility/RegionDetectionAPI;|e|BB|V
com.activision.game.MainActivity	vibrate	public	0	other	.registers 5
com.activision.game.MainActivity	vibrate	public	1	other	iget-object v2, v2, v4500, Lcom/activision/game/MainActivity;->e:Ly1/f0;
com.activision.game.MainActivity	vibrate	public	2	inv	virtual|None|v2|Ljava/lang/Object;|getClass||Ljava/lang/Class;
com.activision.game.MainActivity	vibrate	public	3	cstr	4|20
com.activision.game.MainActivity	vibrate	public	4	inv	static|None|v4|Ljava/lang/Long;|parseLong|Ljava/lang/String;|J
com.activision.game.MainActivity	vibrate	public	5	inv	static|None|v0, v1, v3|Landroid/os/VibrationEffect;|createOneShot|BB|Landroid/os/VibrationEffect;
com.activision.game.MainActivity	vibrate	public	6	other	iget-object v2, v2, v17132, Ly1/f0;->a:Landroid/os/Vibrator;
com.activision.game.MainActivity	vibrate	public	7	inv	virtual|None|v2|Landroid/os/Vibrator;|cancel||V
com.activision.game.MainActivity	vibrate	public	8	inv	virtual|None|v2, v3|Landroid/os/Vibrator;|vibrate|Landroid/os/VibrationEffect;|V
com.activision.game.MainActivity	writeCommandLineFile	public	0	other	.registers 4
com.activision.game.MainActivity	writeCommandLineFile	public	1	new	0|Ljava/io/File;
com.activision.game.MainActivity	writeCommandLineFile	public	2	inv	virtual|None|v2, v1|Landroid/content/Context;|getExternalFilesDir|Ljava/lang/String;|Ljava/io/File;
com.activision.game.MainActivity	writeCommandLineFile	public	3	cstr	1|default_command_line.txt
com.activision.game.MainActivity	writeCommandLineFile	public	4	other	invoke-direct {v0, v2, v1}, Ljava/io/File;-><init>(La0/h;La3/b;)V
com.activision.game.MainActivity	writeCommandLineFile	public	5	new	2|Ljava/io/FileWriter;
com.activision.game.MainActivity	writeCommandLineFile	public	6	other	invoke-direct {v2, v0}, Ljava/io/FileWriter;-><init>(Ljava/io/File;)V
com.activision.game.MainActivity	writeCommandLineFile	public	7	inv	virtual|None|v2, v3|Ljava/io/Writer;|write|Ljava/lang/String;|V
com.activision.game.MainActivity	writeCommandLineFile	public	8	inv	virtual|None|v2|Ljava/io/Writer;|close||V
com.activision.game.MainActivity	writeCommandLineFile	public	9	inv	virtual|None|v2|Ljava/lang/Throwable;|printStackTrace||V
com.activision.game.NetworkStateManager	a	public,static	0	other	.registers 4
com.activision.game.NetworkStateManager	a	public,static	1	inv	static|None||Ljava/net/NetworkInterface;|getNetworkInterfaces||Ljava/util/Enumeration;
com.activision.game.NetworkStateManager	a	public,static	2	inv	interface|None|v0|Ljava/util/Enumeration;|hasMoreElements||Z
com.activision.game.NetworkStateManager	a	public,static	3	inv	interface|None|v0|Ljava/util/Enumeration;|nextElement||Ljava/lang/Object;
com.activision.game.NetworkStateManager	a	public,static	4	ccast	1|Ljava/net/NetworkInterface;
com.activision.game.NetworkStateManager	a	public,static	5	inv	virtual|None|v1|Ljava/net/NetworkInterface;|getName||Ljava/lang/String;
com.activision.game.NetworkStateManager	a	public,static	6	cstr	3|dummy
com.activision.game.NetworkStateManager	a	public,static	7	inv	virtual|None|v2, v3|Ljava/lang/String;|startsWith|Ljava/lang/String;|Z
com.activision.game.NetworkStateManager	a	public,static	8	inv	virtual|None|v1|Ljava/net/NetworkInterface;|getInetAddresses||Ljava/util/Enumeration;
com.activision.game.NetworkStateManager	a	public,static	9	inv	interface|None|v1|Ljava/util/Enumeration;|hasMoreElements||Z
com.activision.game.NetworkStateManager	a	public,static	10	inv	interface|None|v1|Ljava/util/Enumeration;|nextElement||Ljava/lang/Object;
com.activision.game.NetworkStateManager	a	public,static	11	ccast	2|Ljava/net/InetAddress;
com.activision.game.NetworkStateManager	a	public,static	12	inv	virtual|None|v2|Ljava/net/InetAddress;|isLoopbackAddress||Z
com.activision.game.NetworkStateManager	a	public,static	13	cstr	1|MainActivity
com.activision.game.NetworkStateManager	a	public,static	14	cstr	2|Failed to getIPv4 status
com.activision.game.NetworkStateManager	a	public,static	15	inv	static|None|v1, v2, v0|Landroid/util/Log;|w|Landroid/app/NotificationChannel;La3/b;Landroid/app/NotificationChannel;|I
com.activision.game.NetworkStateManager	b	public,static	0	other	.registers 4
com.activision.game.NetworkStateManager	b	public,static	1	inv	static|None||Ljava/net/NetworkInterface;|getNetworkInterfaces||Ljava/util/Enumeration;
com.activision.game.NetworkStateManager	b	public,static	2	inv	interface|None|v0|Ljava/util/Enumeration;|hasMoreElements||Z
com.activision.game.NetworkStateManager	b	public,static	3	inv	interface|None|v0|Ljava/util/Enumeration;|nextElement||Ljava/lang/Object;
com.activision.game.NetworkStateManager	b	public,static	4	ccast	1|Ljava/net/NetworkInterface;
com.activision.game.NetworkStateManager	b	public,static	5	inv	virtual|None|v1|Ljava/net/NetworkInterface;|getName||Ljava/lang/String;
com.activision.game.NetworkStateManager	b	public,static	6	cstr	3|dummy
com.activision.game.NetworkStateManager	b	public,static	7	inv	virtual|None|v2, v3|Ljava/lang/String;|startsWith|Ljava/lang/String;|Z
com.activision.game.NetworkStateManager	b	public,static	8	inv	virtual|None|v1|Ljava/net/NetworkInterface;|getInetAddresses||Ljava/util/Enumeration;
com.activision.game.NetworkStateManager	b	public,static	9	inv	interface|None|v1|Ljava/util/Enumeration;|hasMoreElements||Z
com.activision.game.NetworkStateManager	b	public,static	10	inv	interface|None|v1|Ljava/util/Enumeration;|nextElement||Ljava/lang/Object;
com.activision.game.NetworkStateManager	b	public,static	11	ccast	2|Ljava/net/InetAddress;
com.activision.game.NetworkStateManager	b	public,static	12	inv	virtual|None|v2|Ljava/net/InetAddress;|isLoopbackAddress||Z
com.activision.game.NetworkStateManager	b	public,static	13	cstr	1|MainActivity
com.activision.game.NetworkStateManager	b	public,static	14	cstr	2|Failed to getIPv6 status
com.activision.game.NetworkStateManager	b	public,static	15	inv	static|None|v1, v2, v0|Landroid/util/Log;|w|Landroid/app/NotificationChannel;La3/b;Landroid/app/NotificationChannel;|I
com.activision.game.NetworkStateManager	c	public,static	0	other	.registers 4
com.activision.game.NetworkStateManager	c	public,static	1	sget	0|Lcom/activision/game/GameApplication;|c|Landroid/content/Context;
com.activision.game.NetworkStateManager	c	public,static	2	cstr	1|connectivity
com.activision.game.NetworkStateManager	c	public,static	3	inv	virtual|None|v0, v1|Landroid/content/Context;|getSystemService|Ljava/lang/String;|Ljava/lang/Object;
com.activision.game.NetworkStateManager	c	public,static	4	ccast	0|Landroid/net/ConnectivityManager;
com.activision.game.NetworkStateManager	c	public,static	5	new	1|Landroid/net/NetworkRequest$Builder;
com.activision.game.NetworkStateManager	c	public,static	6	other	invoke-direct {v1}, Landroid/net/NetworkRequest$Builder;-><init>()V
com.activision.game.NetworkStateManager	c	public,static	7	inv	virtual|None|v1, v2|Landroid/net/NetworkRequest$Builder;|addTransportType|I|Landroid/net/NetworkRequest$Builder;
com.activision.game.NetworkStateManager	c	public,static	8	inv	virtual|None|v1, v2|Landroid/net/NetworkRequest$Builder;|addCapability|I|Landroid/net/NetworkRequest$Builder;
com.activision.game.NetworkStateManager	c	public,static	9	inv	virtual|None|v1|Landroid/net/NetworkRequest$Builder;|build||Landroid/net/NetworkRequest;
com.activision.game.NetworkStateManager	c	public,static	10	new	3|Ly1/j0;
com.activision.game.NetworkStateManager	c	public,static	11	other	invoke-direct {v3}, Ly1/j0;-><init>()V
com.activision.game.NetworkStateManager	c	public,static	12	inv	virtual|None|v0, v1, v3|Landroid/net/ConnectivityManager;|registerNetworkCallback|BB|V
com.activision.game.NetworkStateManager	c	public,static	13	new	1|Landroid/net/NetworkRequest$Builder;
com.activision.game.NetworkStateManager	c	public,static	14	other	invoke-direct {v1}, Landroid/net/NetworkRequest$Builder;-><init>()V
com.activision.game.NetworkStateManager	c	public,static	15	inv	virtual|None|v1, v3|Landroid/net/NetworkRequest$Builder;|addTransportType|I|Landroid/net/NetworkRequest$Builder;
com.activision.game.NetworkStateManager	c	public,static	16	inv	virtual|None|v1, v2|Landroid/net/NetworkRequest$Builder;|addCapability|I|Landroid/net/NetworkRequest$Builder;
com.activision.game.NetworkStateManager	c	public,static	17	inv	virtual|None|v1|Landroid/net/NetworkRequest$Builder;|build||Landroid/net/NetworkRequest;
com.activision.game.NetworkStateManager	c	public,static	18	new	3|Ly1/e;
com.activision.game.NetworkStateManager	c	public,static	19	other	invoke-direct {v3}, Ly1/e;-><init>()V
com.activision.game.NetworkStateManager	c	public,static	20	inv	virtual|None|v0, v1, v3|Landroid/net/ConnectivityManager;|registerNetworkCallback|BB|V
com.activision.game.NetworkStateManager	c	public,static	21	new	1|Landroid/net/NetworkRequest$Builder;
com.activision.game.NetworkStateManager	c	public,static	22	other	invoke-direct {v1}, Landroid/net/NetworkRequest$Builder;-><init>()V
com.activision.game.NetworkStateManager	c	public,static	23	inv	virtual|None|v1, v3|Landroid/net/NetworkRequest$Builder;|addTransportType|I|Landroid/net/NetworkRequest$Builder;
com.activision.game.NetworkStateManager	c	public,static	24	inv	virtual|None|v1, v2|Landroid/net/NetworkRequest$Builder;|addCapability|I|Landroid/net/NetworkRequest$Builder;
com.activision.game.NetworkStateManager	c	public,static	25	inv	virtual|None|v1|Landroid/net/NetworkRequest$Builder;|build||Landroid/net/NetworkRequest;
com.activision.game.NetworkStateManager	c	public,static	26	new	2|Ly1/j;
com.activision.game.NetworkStateManager	c	public,static	27	other	invoke-direct {v2}, Ly1/j;-><init>()V
com.activision.game.NetworkStateManager	c	public,static	28	inv	virtual|None|v0, v1, v2|Landroid/net/ConnectivityManager;|registerNetworkCallback|BB|V
com.activision.game.NetworkStateManager	c	public,static	29	new	1|Landroid/net/NetworkRequest$Builder;
com.activision.game.NetworkStateManager	c	public,static	30	other	invoke-direct {v1}, Landroid/net/NetworkRequest$Builder;-><init>()V
com.activision.game.NetworkStateManager	c	public,static	31	inv	virtual|None|v1, v2|Landroid/net/NetworkRequest$Builder;|addTransportType|I|Landroid/net/NetworkRequest$Builder;
com.activision.game.NetworkStateManager	c	public,static	32	inv	virtual|None|v1, v2|Landroid/net/NetworkRequest$Builder;|removeCapability|I|Landroid/net/NetworkRequest$Builder;
com.activision.game.NetworkStateManager	c	public,static	33	inv	virtual|None|v1|Landroid/net/NetworkRequest$Builder;|build||Landroid/net/NetworkRequest;
com.activision.game.NetworkStateManager	c	public,static	34	new	2|Ly1/e0;
com.activision.game.NetworkStateManager	c	public,static	35	other	invoke-direct {v2}, Ly1/e0;-><init>()V
com.activision.game.NetworkStateManager	c	public,static	36	inv	virtual|None|v0, v1, v2|Landroid/net/ConnectivityManager;|registerNetworkCallback|BB|V
com.activision.game.NetworkStateManager	c	public,static	37	new	1|Landroid/content/IntentFilter;
com.activision.game.NetworkStateManager	c	public,static	38	other	invoke-direct {v1}, Landroid/content/IntentFilter;-><init>()V
com.activision.game.NetworkStateManager	c	public,static	39	cstr	2|android.net.conn.RESTRICT_BACKGROUND_CHANGED
com.activision.game.NetworkStateManager	c	public,static	40	inv	virtual|None|v1, v2|Landroid/content/IntentFilter;|addAction|Ljava/lang/String;|V
com.activision.game.NetworkStateManager	c	public,static	41	sget	2|Lcom/activision/game/GameApplication;|c|Landroid/content/Context;
com.activision.game.NetworkStateManager	c	public,static	42	new	3|Ly1/c0;
com.activision.game.NetworkStateManager	c	public,static	43	other	invoke-direct {v3}, Ly1/c0;-><init>()V
com.activision.game.NetworkStateManager	c	public,static	44	inv	virtual|None|v2, v3, v1|Landroid/content/Context;|registerReceiver|BB|Landroid/content/Intent;
com.activision.game.NetworkStateManager	c	public,static	45	inv	virtual|None|v0|Landroid/net/ConnectivityManager;|getRestrictBackgroundStatus||I
com.activision.game.NetworkStateManager	c	public,static	46	inv	static|None|v0|Lcom/activision/game/NetworkStateManager;|nativeBackgroundRestrictionStateChanged|I|V
com.activision.game.NetworkStateManager	c	public,static	47	cstr	1|MainActivity
com.activision.game.NetworkStateManager	c	public,static	48	cstr	2|Failed to initialize NetworkStateManager
com.activision.game.NetworkStateManager	c	public,static	49	inv	static|None|v1, v2, v0|Landroid/util/Log;|w|Landroid/app/NotificationChannel;La3/b;Landroid/app/NotificationChannel;|I
com.activision.game.ScreenshotManager$a	<init>		0	other	.registers 2
com.activision.game.ScreenshotManager$a	<init>		1	other	invoke-direct {v0}, Ljava/io/OutputStream;-><init>()V
com.activision.game.ScreenshotManager$a	<init>		2	other	iput-object v1, v0, v4522, Lcom/activision/game/ScreenshotManager$a;->b:Ljava/nio/ByteBuffer;
com.activision.game.ScreenshotManager$a	write	public	0	other	.registers 3
com.activision.game.ScreenshotManager$a	write	public	1	other	monitor-enter v1
com.activision.game.ScreenshotManager$a	write	public	2	other	iget-object v0, v1, v4522, Lcom/activision/game/ScreenshotManager$a;->b:Ljava/nio/ByteBuffer;
com.activision.game.ScreenshotManager$a	write	public	3	other	monitor-exit v1
com.activision.game.ScreenshotManager$a	write	public	0	other	.registers 5
com.activision.game.ScreenshotManager$a	write	public	1	other	monitor-enter v1
com.activision.game.ScreenshotManager$a	write	public	2	other	iget-object v0, v1, v4522, Lcom/activision/game/ScreenshotManager$a;->b:Ljava/nio/ByteBuffer;
com.activision.game.ScreenshotManager$a	write	public	3	inv	virtual|None|v0, v2, v3, v4|Ljava/nio/ByteBuffer;|put|BBB|Ljava/nio/ByteBuffer;
com.activision.game.ScreenshotManager$a	write	public	4	other	monitor-exit v1
com.activision.game.ScreenshotManager$a	write	public	5	other	monitor-exit v1
com.activision.game.ScreenshotManager	<init>		0	other	.registers 2
com.activision.game.ScreenshotManager	<init>		1	other	invoke-direct {v0}, Ljava/lang/Object;-><init>()V
com.activision.game.ScreenshotManager	<init>		2	other	iput-object v1, v0, v4523, Lcom/activision/game/ScreenshotManager;->a:Lcom/activision/game/MainActivity;
com.activision.game.ScreenshotManager	<init>		3	inv	direct|None|v0|Lcom/activision/game/ScreenshotManager;|nativeSetScreenshotManager||V
com.activision.game.ScreenshotManager	a	public,static	0	other	.registers 3
com.activision.game.ScreenshotManager	a	public,static	1	inv	virtual|None|v0, v1|Lcom/activision/game/ScreenshotManager;|b|Landroid/graphics/Bitmap;|V
com.activision.game.ScreenshotManager	a	public,static	2	other	iget-object v0, v0, v4525, Lcom/activision/game/ScreenshotManager;->c:Ljava/nio/ByteBuffer;
com.activision.game.ScreenshotManager	a	public,static	3	inv	virtual|None|v0|Ljava/nio/Buffer;|position||I
com.activision.game.ScreenshotManager	a	public,static	4	inv	virtual|None|v0|Ljava/lang/Object;|getClass||Ljava/lang/Class;
com.activision.game.ScreenshotManager	a	public,static	5	inv	static|None|v0, v1|Lcom/activision/game/ScreenshotManager;|nativeScreenshotCallback|Lcom/appsflyer/internal/AFf1lSDK$4;I|V
com.activision.game.ScreenshotManager	b	public	0	other	.registers 5
com.activision.game.ScreenshotManager	b	public	1	other	iget-object v0, v3, v4525, Lcom/activision/game/ScreenshotManager;->c:Ljava/nio/ByteBuffer;
com.activision.game.ScreenshotManager	b	public	2	inv	static|None|v0|Ljava/nio/ByteBuffer;|allocateDirect|I|Ljava/nio/ByteBuffer;
com.activision.game.ScreenshotManager	b	public	3	other	iput-object v0, v3, v4525, Lcom/activision/game/ScreenshotManager;->c:Ljava/nio/ByteBuffer;
com.activision.game.ScreenshotManager	b	public	4	other	iget-object v0, v3, v4525, Lcom/activision/game/ScreenshotManager;->c:Ljava/nio/ByteBuffer;
com.activision.game.ScreenshotManager	b	public	5	inv	virtual|None|v0|Ljava/nio/ByteBuffer;|clear||Ljava/nio/Buffer;
com.activision.game.ScreenshotManager	b	public	6	new	0|Lcom/activision/game/ScreenshotManager$a;
com.activision.game.ScreenshotManager	b	public	7	other	iget-object v1, v3, v4525, Lcom/activision/game/ScreenshotManager;->c:Ljava/nio/ByteBuffer;
com.activision.game.ScreenshotManager	b	public	8	other	invoke-direct {v0, v1}, Lcom/activision/game/ScreenshotManager$a;-><init>(Ljava/nio/ByteBuffer;)V
com.activision.game.ScreenshotManager	b	public	9	sget	1|Landroid/graphics/Bitmap$CompressFormat;|JPEG|Landroid/graphics/Bitmap$CompressFormat;
com.activision.game.ScreenshotManager	b	public	10	inv	virtual|None|v4, v1, v2, v0|Landroid/graphics/Bitmap;|compress|BBB|Z
com.activision.game.ScreenshotManager	b	public	11	inv	virtual|None|v0|Ljava/io/OutputStream;|flush||V
com.activision.game.ScreenshotManager	b	public	12	other	iget-object v1, v3, v4525, Lcom/activision/game/ScreenshotManager;->c:Ljava/nio/ByteBuffer;
com.activision.game.ScreenshotManager	b	public	13	inv	virtual|None|v1|Ljava/nio/Buffer;|capacity||I
com.activision.game.ScreenshotManager	b	public	14	inv	static|None|v1|Ljava/nio/ByteBuffer;|allocateDirect|I|Ljava/nio/ByteBuffer;
com.activision.game.ScreenshotManager	b	public	15	other	iput-object v1, v3, v4525, Lcom/activision/game/ScreenshotManager;->c:Ljava/nio/ByteBuffer;
com.activision.game.ScreenshotManager	b	public	16	inv	virtual|None|v0|Ljava/io/OutputStream;|close||V
com.activision.game.ScreenshotManager	b	public	17	other	iget-object v4, v3, v4525, Lcom/activision/game/ScreenshotManager;->c:Ljava/nio/ByteBuffer;
com.activision.game.ScreenshotManager	b	public	18	inv	virtual|None|v4|Ljava/nio/ByteBuffer;|clear||Ljava/nio/Buffer;
com.activision.game.ScreenshotManager	b	public	19	inv	virtual|None|v0|Ljava/io/OutputStream;|close||V
com.activision.game.ScreenshotManager	b	public	20	inv	virtual|None|v0|Ljava/io/OutputStream;|close||V
com.activision.game.ScreenshotManager	b	public	21	inv	virtual|None|v4, v0|Ljava/lang/Throwable;|addSuppressed|Ljava/lang/Throwable;|V
com.activision.game.ScreenshotManager	b	public	22	inv	virtual|None|v4|Ljava/lang/Throwable;|printStackTrace||V
com.activision.game.ScreenshotManager	b	public	23	other	iget-object v3, v3, v4525, Lcom/activision/game/ScreenshotManager;->c:Ljava/nio/ByteBuffer;
com.activision.game.ScreenshotManager	b	public	24	inv	virtual|None|v3|Ljava/nio/ByteBuffer;|clear||Ljava/nio/Buffer;
com.activision.game.ScreenshotManager	screenshot	public	0	other	.registers 5
com.activision.game.ScreenshotManager	screenshot	public	1	other	iget-object v0, v4, v4523, Lcom/activision/game/ScreenshotManager;->a:Lcom/activision/game/MainActivity;
com.activision.game.ScreenshotManager	screenshot	public	2	other	iget-object v1, v0, v4497, Lcom/activision/game/MainActivity;->b:Lcom/activision/game/WebViewDialog;
com.activision.game.ScreenshotManager	screenshot	public	3	other	iget-object v3, v1, v4528, Lcom/activision/game/WebViewDialog;->b:Landroid/webkit/WebView;
com.activision.game.ScreenshotManager	screenshot	public	4	other	iget-object v2, v1, v4528, Lcom/activision/game/WebViewDialog;->b:Landroid/webkit/WebView;
com.activision.game.ScreenshotManager	screenshot	public	5	inv	virtual|None|v2|Landroid/view/View;|getWidth||I
com.activision.game.ScreenshotManager	screenshot	public	6	inv	virtual|None|v2|Landroid/view/View;|getHeight||I
com.activision.game.ScreenshotManager	screenshot	public	7	sget	3|Landroid/graphics/Bitmap$Config;|ARGB_8888|Landroid/graphics/Bitmap$Config;
com.activision.game.ScreenshotManager	screenshot	public	8	inv	static|None|v0, v1, v3|Landroid/graphics/Bitmap;|createBitmap|BBB|Landroid/graphics/Bitmap;
com.activision.game.ScreenshotManager	screenshot	public	9	new	1|Landroid/graphics/Canvas;
com.activision.game.ScreenshotManager	screenshot	public	10	other	invoke-direct {v1, v0}, Landroid/graphics/Canvas;-><init>(Landroid/graphics/Bitmap;)V
com.activision.game.ScreenshotManager	screenshot	public	11	inv	virtual|None|v2, v1|Landroid/view/View;|draw|Landroid/graphics/Canvas;|V
com.activision.game.ScreenshotManager	screenshot	public	12	inv	virtual|None|v4, v0|Lcom/activision/game/ScreenshotManager;|b|Landroid/graphics/Bitmap;|V
com.activision.game.ScreenshotManager	screenshot	public	13	other	iget-object v4, v4, v4525, Lcom/activision/game/ScreenshotManager;->c:Ljava/nio/ByteBuffer;
com.activision.game.ScreenshotManager	screenshot	public	14	inv	virtual|None|v4|Ljava/nio/Buffer;|position||I
com.activision.game.ScreenshotManager	screenshot	public	15	inv	static|None|v4, v0|Lcom/activision/game/ScreenshotManager;|nativeScreenshotCallback|Lcom/appsflyer/internal/AFf1lSDK$4;I|V
com.activision.game.ScreenshotManager	screenshot	public	16	new	4|Ljava/lang/NullPointerException;
com.activision.game.ScreenshotManager	screenshot	public	17	cstr	0|webview is null!
com.activision.game.ScreenshotManager	screenshot	public	18	other	invoke-direct {v4, v0}, Ljava/lang/NullPointerException;-><init>(Ljava/lang/String;)V
com.activision.game.ScreenshotManager	screenshot	public	19	inv	virtual|None|v0|Lcom/activision/game/MainActivity;|o||Lcom/google/androidgamesdk/GameActivity$InputEnabledSurfaceView;
com.activision.game.ScreenshotManager	screenshot	public	20	inv	virtual|None|v0|Landroid/view/View;|getWidth||I
com.activision.game.ScreenshotManager	screenshot	public	21	inv	virtual|None|v0|Landroid/view/View;|getHeight||I
com.activision.game.ScreenshotManager	screenshot	public	22	sget	3|Landroid/graphics/Bitmap$Config;|ARGB_8888|Landroid/graphics/Bitmap$Config;
com.activision.game.ScreenshotManager	screenshot	public	23	inv	static|None|v1, v2, v3|Landroid/graphics/Bitmap;|createBitmap|BBB|Landroid/graphics/Bitmap;
com.activision.game.ScreenshotManager	screenshot	public	24	other	iget-object v2, v4, v4524, Lcom/activision/game/ScreenshotManager;->b:Landroid/os/HandlerThread;
com.activision.game.ScreenshotManager	screenshot	public	25	new	2|Landroid/os/HandlerThread;
com.activision.game.ScreenshotManager	screenshot	public	26	cstr	3|PixelCopier
com.activision.game.ScreenshotManager	screenshot	public	27	other	invoke-direct {v2, v3}, Landroid/os/HandlerThread;-><init>(Ljava/lang/String;)V
com.activision.game.ScreenshotManager	screenshot	public	28	other	iput-object v2, v4, v4524, Lcom/activision/game/ScreenshotManager;->b:Landroid/os/HandlerThread;
com.activision.game.ScreenshotManager	screenshot	public	29	inv	virtual|None|v2|Ljava/lang/Thread;|start||V
com.activision.game.ScreenshotManager	screenshot	public	30	new	2|Ly1/d0;
com.activision.game.ScreenshotManager	screenshot	public	31	other	invoke-direct {v2, v4, v1}, Ly1/d0;-><init>(Landroid/app/AlarmManager;La0/b$a;)V
com.activision.game.ScreenshotManager	screenshot	public	32	new	3|Landroid/os/Handler;
com.activision.game.ScreenshotManager	screenshot	public	33	other	iget-object v4, v4, v4524, Lcom/activision/game/ScreenshotManager;->b:Landroid/os/HandlerThread;
com.activision.game.ScreenshotManager	screenshot	public	34	inv	virtual|None|v4|Landroid/os/HandlerThread;|getLooper||Landroid/os/Looper;
com.activision.game.ScreenshotManager	screenshot	public	35	other	invoke-direct {v3, v4}, Landroid/os/Handler;-><init>(Landroid/os/Looper;)V
com.activision.game.ScreenshotManager	screenshot	public	36	inv	static|None|v0, v1, v2, v3|Landroid/view/PixelCopy;|request|Landroid/graphics/Bitmap$CompressFormat;Landroid/app/ActivityManager$RunningAppProcessInfo;Landroid/database/sqlite/SQLiteDatabaseCorruptException;Landroid/animation/AnimatorInflater;|V
com.activision.game.WebViewDialog$a	<init>		0	other	.registers 2
com.activision.game.WebViewDialog$a	<init>		1	other	iput-object v1, v0, v4526, Lcom/activision/game/WebViewDialog$a;->a:Lcom/activision/game/WebViewDialog;
com.activision.game.WebViewDialog$a	<init>		2	other	invoke-direct {v0}, Landroid/webkit/WebViewClient;-><init>()V
com.activision.game.WebViewDialog$a	onPageFinished	public	0	other	.registers 3
com.activision.game.WebViewDialog$a	onPageFinished	public	1	other	iget-object v0, v0, v4526, Lcom/activision/game/WebViewDialog$a;->a:Lcom/activision/game/WebViewDialog;
com.activision.game.WebViewDialog$a	onPageFinished	public	2	inv	virtual|None|v0|Ljava/lang/Object;|getClass||Ljava/lang/Class;
com.activision.game.WebViewDialog$a	onPageFinished	public	3	inv	static|None||Lcom/activision/game/WebViewDialog;|c||Z
com.activision.game.WebViewDialog$a	onPageFinished	public	4	cstr	1|WebViewDialog.onPageFinished called from non-main thread
com.activision.game.WebViewDialog$a	onPageFinished	public	5	inv	static|None|v1|Lcom/activision/game/GameApplication;|c|Ljava/lang/String;|V
com.activision.game.WebViewDialog$a	onPageFinished	public	6	other	iget-object v1, v0, v4530, Lcom/activision/game/WebViewDialog;->d:Ljava/lang/String;
com.activision.game.WebViewDialog$a	onPageFinished	public	7	inv	virtual|None|v0, v1|Lcom/activision/game/WebViewDialog;|b|Ljava/lang/String;|V
com.activision.game.WebViewDialog$a	onPageFinished	public	8	other	iput-object v1, v0, v4530, Lcom/activision/game/WebViewDialog;->d:Ljava/lang/String;
com.activision.game.WebViewDialog$a	onPageFinished	public	9	other	iget-object v1, v0, v4531, Lcom/activision/game/WebViewDialog;->e:Lcom/activision/game/WebViewDialog$d;
com.activision.game.WebViewDialog$a	onPageFinished	public	10	ccast	1|Ly1/m;
com.activision.game.WebViewDialog$a	onPageFinished	public	11	other	iget-object v1, v1, v17146, Ly1/m;->b:Ljava/lang/Object;
com.activision.game.WebViewDialog$a	onPageFinished	public	12	ccast	1|Lcom/activision/game/MainActivity;
com.activision.game.WebViewDialog$a	onPageFinished	public	13	other	iget-object v1, v1, v4508, Lcom/activision/game/MainActivity;->m:Ljava/util/concurrent/Semaphore;
com.activision.game.WebViewDialog$a	onPageFinished	public	14	inv	virtual|None|v1|Ljava/util/concurrent/Semaphore;|availablePermits||I
com.activision.game.WebViewDialog$a	onPageFinished	public	15	inv	virtual|None|v1|Ljava/util/concurrent/Semaphore;|release||V
com.activision.game.WebViewDialog$a	onPageFinished	public	16	other	iget-object v1, v0, v4528, Lcom/activision/game/WebViewDialog;->b:Landroid/webkit/WebView;
com.activision.game.WebViewDialog$a	onPageFinished	public	17	inv	virtual|None|v1, v2|Landroid/view/View;|setVisibility|I|V
com.activision.game.WebViewDialog$a	onPageFinished	public	18	inv	virtual|None|v0|Lcom/activision/game/WebViewDialog;|show||V
com.activision.game.WebViewDialog$a	onPageStarted	public	0	other	.registers 4
com.activision.game.WebViewDialog$a	onPageStarted	public	1	other	iget-object v0, v0, v4526, Lcom/activision/game/WebViewDialog$a;->a:Lcom/activision/game/WebViewDialog;
com.activision.game.WebViewDialog$a	onPageStarted	public	2	inv	virtual|None|v0|Ljava/lang/Object;|getClass||Ljava/lang/Class;
com.activision.game.WebViewDialog$a	onPageStarted	public	3	inv	static|None||Lcom/activision/game/WebViewDialog;|c||Z
com.activision.game.WebViewDialog$a	onPageStarted	public	4	cstr	1|WebViewDialog.onPageStarted called from non-main thread
com.activision.game.WebViewDialog$a	onPageStarted	public	5	inv	static|None|v1|Lcom/activision/game/GameApplication;|c|Ljava/lang/String;|V
com.activision.game.WebViewDialog$a	onPageStarted	public	6	other	iget-object v0, v0, v4529, Lcom/activision/game/WebViewDialog;->c:Lcom/activision/game/JsBridge;
com.activision.game.WebViewDialog$a	onPageStarted	public	7	inv	virtual|None|v0|Lcom/activision/game/JsBridge;|a||V
com.activision.game.WebViewDialog$a	onReceivedError	public	0	other	.registers 4
com.activision.game.WebViewDialog$a	onReceivedError	public	1	inv	virtual|None|v3|Landroid/webkit/WebResourceError;|getErrorCode||I
com.activision.game.WebViewDialog$a	onReceivedError	public	2	other	iget-object v0, v0, v4526, Lcom/activision/game/WebViewDialog$a;->a:Lcom/activision/game/WebViewDialog;
com.activision.game.WebViewDialog$a	onReceivedError	public	3	inv	static|None|v0, v2, v1, v3|Lcom/activision/game/WebViewDialog;|a|BBBLandroid/app/Application$ActivityLifecycleCallbacks;|V
com.activision.game.WebViewDialog$a	onReceivedHttpError	public	0	other	.registers 4
com.activision.game.WebViewDialog$a	onReceivedHttpError	public	1	inv	virtual|None|v3|Landroid/webkit/WebResourceResponse;|getStatusCode||I
com.activision.game.WebViewDialog$a	onReceivedHttpError	public	2	other	iget-object v0, v0, v4526, Lcom/activision/game/WebViewDialog$a;->a:Lcom/activision/game/WebViewDialog;
com.activision.game.WebViewDialog$a	onReceivedHttpError	public	3	inv	static|None|v0, v2, v3, v1|Lcom/activision/game/WebViewDialog;|a|BBBLandroid/app/Application$ActivityLifecycleCallbacks;|V
com.activision.game.WebViewDialog$a	shouldOverrideUrlLoading	public	0	other	.registers 4
com.activision.game.WebViewDialog$a	shouldOverrideUrlLoading	public	1	inv	interface|None|v3|Landroid/webkit/WebResourceRequest;|getUrl||Landroid/net/Uri;
com.activision.game.WebViewDialog$a	shouldOverrideUrlLoading	public	2	inv	virtual|None|v1|Landroid/net/Uri;|toString||Ljava/lang/String;
com.activision.game.WebViewDialog$a	shouldOverrideUrlLoading	public	3	cstr	0|play.google.com/store/apps
com.activision.game.WebViewDialog$a	shouldOverrideUrlLoading	public	4	inv	virtual|None|v1, v0|Ljava/lang/String;|contains|Ljava/lang/CharSequence;|Z
com.activision.game.WebViewDialog$a	shouldOverrideUrlLoading	public	5	new	1|Landroid/content/Intent;
com.activision.game.WebViewDialog$a	shouldOverrideUrlLoading	public	6	cstr	0|android.intent.action.VIEW
com.activision.game.WebViewDialog$a	shouldOverrideUrlLoading	public	7	inv	interface|None|v3|Landroid/webkit/WebResourceRequest;|getUrl||Landroid/net/Uri;
com.activision.game.WebViewDialog$a	shouldOverrideUrlLoading	public	8	other	invoke-direct {v1, v0, v3}, Landroid/content/Intent;-><init>(Landroid/app/NotificationChannel;La3/b;)V
com.activision.game.WebViewDialog$a	shouldOverrideUrlLoading	public	9	inv	virtual|None|v2|Landroid/view/View;|getContext||Landroid/content/Context;
com.activision.game.WebViewDialog$a	shouldOverrideUrlLoading	public	10	inv	virtual|None|v2, v1|Landroid/content/Context;|startActivity|Landroid/content/Intent;|V
com.activision.game.WebViewDialog$b	<init>		0	other	.registers 2
com.activision.game.WebViewDialog$b	<init>		1	other	iput-object v1, v0, v4527, Lcom/activision/game/WebViewDialog$b;->b:Lcom/activision/game/WebViewDialog;
com.activision.game.WebViewDialog$b	<init>		2	other	invoke-direct {v0}, Ljava/lang/Object;-><init>()V
com.activision.game.WebViewDialog$b	onGlobalLayout	public	0	other	.registers 3
com.activision.game.WebViewDialog$b	onGlobalLayout	public	1	new	0|Landroid/graphics/Rect;
com.activision.game.WebViewDialog$b	onGlobalLayout	public	2	other	invoke-direct {v0}, Landroid/graphics/Rect;-><init>()V
com.activision.game.WebViewDialog$b	onGlobalLayout	public	3	other	iget-object v2, v2, v4527, Lcom/activision/game/WebViewDialog$b;->b:Lcom/activision/game/WebViewDialog;
com.activision.game.WebViewDialog$b	onGlobalLayout	public	4	other	iget-object v1, v2, v4528, Lcom/activision/game/WebViewDialog;->b:Landroid/webkit/WebView;
com.activision.game.WebViewDialog$b	onGlobalLayout	public	5	inv	virtual|None|v1, v0|Landroid/view/View;|getWindowVisibleDisplayFrame|Landroid/graphics/Rect;|V
com.activision.game.WebViewDialog$b	onGlobalLayout	public	6	other	iget-object v1, v2, v4528, Lcom/activision/game/WebViewDialog;->b:Landroid/webkit/WebView;
com.activision.game.WebViewDialog$b	onGlobalLayout	public	7	inv	virtual|None|v1|Landroid/view/View;|getRootView||Landroid/view/View;
com.activision.game.WebViewDialog$b	onGlobalLayout	public	8	inv	virtual|None|v1|Landroid/view/View;|getHeight||I
com.activision.game.WebViewDialog$b	onGlobalLayout	public	9	inv	virtual|None|v0|Landroid/graphics/Rect;|height||I
com.activision.game.WebViewDialog$b	onGlobalLayout	public	10	other	iget-object v2, v2, v4528, Lcom/activision/game/WebViewDialog;->b:Landroid/webkit/WebView;
com.activision.game.WebViewDialog$b	onGlobalLayout	public	11	cstr	1|document.body.dispatchEvent(new Event('atvi_keyboard_show'));
com.activision.game.WebViewDialog$b	onGlobalLayout	public	12	other	iget-object v2, v2, v4528, Lcom/activision/game/WebViewDialog;->b:Landroid/webkit/WebView;
com.activision.game.WebViewDialog$b	onGlobalLayout	public	13	cstr	1|document.body.dispatchEvent(new Event('atvi_keyboard_dismiss'));
com.activision.game.WebViewDialog$b	onGlobalLayout	public	14	inv	virtual|None|v2, v1, v0|Landroid/webkit/WebView;|evaluateJavascript|Landroid/app/NotificationChannel;La3/b;|V
com.activision.game.WebViewDialog	<init>		0	other	.registers 7
com.activision.game.WebViewDialog	<init>		1	other	invoke-direct {v5, v6, v0}, Landroid/app/Dialog;-><init>(BB)V
com.activision.game.WebViewDialog	<init>		2	inv	static|None||Lcom/activision/game/WebViewDialog;|c||Z
com.activision.game.WebViewDialog	<init>		3	cstr	0|WebViewDialog called from non-main thread
com.activision.game.WebViewDialog	<init>		4	inv	static|None|v0|Lcom/activision/game/GameApplication;|c|Ljava/lang/String;|V
com.activision.game.WebViewDialog	<init>		5	new	0|Landroid/webkit/WebView;
com.activision.game.WebViewDialog	<init>		6	other	invoke-direct {v0, v6}, Landroid/webkit/WebView;-><init>(Landroid/content/Context;)V
com.activision.game.WebViewDialog	<init>		7	other	iput-object v0, v5, v4528, Lcom/activision/game/WebViewDialog;->b:Landroid/webkit/WebView;
com.activision.game.WebViewDialog	<init>		8	inv	virtual|None|v0|Landroid/webkit/WebView;|getSettings||Landroid/webkit/WebSettings;
com.activision.game.WebViewDialog	<init>		9	inv	virtual|None|v0, v1|Landroid/webkit/WebSettings;|setJavaScriptEnabled|Z|V
com.activision.game.WebViewDialog	<init>		10	inv	virtual|None|v0, v1|Landroid/webkit/WebSettings;|setAllowFileAccess|Z|V
com.activision.game.WebViewDialog	<init>		11	inv	virtual|None|v0, v6|Landroid/webkit/WebSettings;|setMediaPlaybackRequiresUserGesture|Z|V
com.activision.game.WebViewDialog	<init>		12	inv	virtual|None|v0, v2|Landroid/webkit/WebSettings;|setCacheMode|I|V
com.activision.game.WebViewDialog	<init>		13	other	iget-object v0, v5, v4528, Lcom/activision/game/WebViewDialog;->b:Landroid/webkit/WebView;
com.activision.game.WebViewDialog	<init>		14	new	3|Lcom/activision/game/WebViewDialog$a;
com.activision.game.WebViewDialog	<init>		15	other	invoke-direct {v3, v5}, Lcom/activision/game/WebViewDialog$a;-><init>(Lcom/activision/game/WebViewDialog;)V
com.activision.game.WebViewDialog	<init>		16	inv	virtual|None|v0, v3|Landroid/webkit/WebView;|setWebViewClient|Landroid/webkit/WebViewClient;|V
com.activision.game.WebViewDialog	<init>		17	new	0|Lcom/activision/game/JsBridge;
com.activision.game.WebViewDialog	<init>		18	other	iget-object v3, v5, v4528, Lcom/activision/game/WebViewDialog;->b:Landroid/webkit/WebView;
com.activision.game.WebViewDialog	<init>		19	other	invoke-direct {v0, v3}, Lcom/activision/game/JsBridge;-><init>(Landroid/webkit/WebView;)V
com.activision.game.WebViewDialog	<init>		20	other	iput-object v0, v5, v4529, Lcom/activision/game/WebViewDialog;->c:Lcom/activision/game/JsBridge;
com.activision.game.WebViewDialog	<init>		21	other	iget-object v3, v5, v4528, Lcom/activision/game/WebViewDialog;->b:Landroid/webkit/WebView;
com.activision.game.WebViewDialog	<init>		22	cstr	4|jsBridge
com.activision.game.WebViewDialog	<init>		23	inv	virtual|None|v3, v0, v4|Landroid/webkit/WebView;|addJavascriptInterface|Landroid/app/KeyguardManager;La3/b;|V
com.activision.game.WebViewDialog	<init>		24	other	iget-object v0, v5, v4528, Lcom/activision/game/WebViewDialog;->b:Landroid/webkit/WebView;
com.activision.game.WebViewDialog	<init>		25	inv	virtual|None|v0, v6|Landroid/view/View;|setLongClickable|Z|V
com.activision.game.WebViewDialog	<init>		26	other	iget-object v0, v5, v4528, Lcom/activision/game/WebViewDialog;->b:Landroid/webkit/WebView;
com.activision.game.WebViewDialog	<init>		27	new	3|Ly1/g0;
com.activision.game.WebViewDialog	<init>		28	other	invoke-direct {v3}, Ly1/g0;-><init>()V
com.activision.game.WebViewDialog	<init>		29	inv	virtual|None|v0, v3|Landroid/view/View;|setOnLongClickListener|Landroid/view/View$OnLongClickListener;|V
com.activision.game.WebViewDialog	<init>		30	other	iget-object v0, v5, v4528, Lcom/activision/game/WebViewDialog;->b:Landroid/webkit/WebView;
com.activision.game.WebViewDialog	<init>		31	inv	virtual|None|v0, v6|Landroid/view/View;|setHapticFeedbackEnabled|Z|V
com.activision.game.WebViewDialog	<init>		32	other	iget-object v0, v5, v4528, Lcom/activision/game/WebViewDialog;->b:Landroid/webkit/WebView;
com.activision.game.WebViewDialog	<init>		33	inv	virtual|None|v0, v3|Landroid/view/View;|setVisibility|I|V
com.activision.game.WebViewDialog	<init>		34	other	iget-object v0, v5, v4528, Lcom/activision/game/WebViewDialog;->b:Landroid/webkit/WebView;
com.activision.game.WebViewDialog	<init>		35	inv	virtual|None|v0, v6|Landroid/webkit/WebView;|setBackgroundColor|I|V
com.activision.game.WebViewDialog	<init>		36	other	iget-object v0, v5, v4528, Lcom/activision/game/WebViewDialog;->b:Landroid/webkit/WebView;
com.activision.game.WebViewDialog	<init>		37	inv	virtual|None|v0, v2, v3|Landroid/webkit/WebView;|setLayerType|BB|V
com.activision.game.WebViewDialog	<init>		38	other	iget-object v0, v5, v4528, Lcom/activision/game/WebViewDialog;->b:Landroid/webkit/WebView;
com.activision.game.WebViewDialog	<init>		39	new	2|Ly1/h0;
com.activision.game.WebViewDialog	<init>		40	other	invoke-direct {v2, v5}, Ly1/h0;-><init>(Lcom/activision/game/WebViewDialog;)V
com.activision.game.WebViewDialog	<init>		41	inv	virtual|None|v0, v2|Landroid/view/View;|setOnFocusChangeListener|Landroid/view/View$OnFocusChangeListener;|V
com.activision.game.WebViewDialog	<init>		42	inv	virtual|None|v5|Landroid/app/Dialog;|getWindow||Landroid/view/Window;
com.activision.game.WebViewDialog	<init>		43	inv	virtual|None|v0|Landroid/view/Window;|getDecorView||Landroid/view/View;
com.activision.game.WebViewDialog	<init>		44	inv	virtual|None|v0, v2|Landroid/view/View;|setSystemUiVisibility|I|V
com.activision.game.WebViewDialog	<init>		45	new	2|Ly1/b;
com.activision.game.WebViewDialog	<init>		46	other	invoke-direct {v2, v5, v1}, Ly1/b;-><init>(BB)V
com.activision.game.WebViewDialog	<init>		47	inv	virtual|None|v0, v2|Landroid/view/View;|setOnSystemUiVisibilityChangeListener|Landroid/view/View$OnSystemUiVisibilityChangeListener;|V
com.activision.game.WebViewDialog	<init>		48	inv	virtual|None|v5, v6|Landroid/app/Dialog;|setCancelable|Z|V
com.activision.game.WebViewDialog	<init>		49	inv	virtual|None|v5, v6|Landroid/app/Dialog;|setCanceledOnTouchOutside|Z|V
com.activision.game.WebViewDialog	<init>		50	other	iget-object v6, v5, v4528, Lcom/activision/game/WebViewDialog;->b:Landroid/webkit/WebView;
com.activision.game.WebViewDialog	<init>		51	new	0|Landroid/view/ViewGroup$LayoutParams;
com.activision.game.WebViewDialog	<init>		52	other	invoke-direct {v0, v1, v1}, Landroid/view/ViewGroup$LayoutParams;-><init>(BB)V
com.activision.game.WebViewDialog	<init>		53	inv	virtual|None|v5, v6, v0|Landroid/app/Dialog;|setContentView|Landroid/graphics/Paint$FontMetricsInt;Landroid/graphics/Path$FillType;|V
com.activision.game.WebViewDialog	<init>		54	other	iget-object v6, v5, v4528, Lcom/activision/game/WebViewDialog;->b:Landroid/webkit/WebView;
com.activision.game.WebViewDialog	<init>		55	inv	virtual|None|v6|Landroid/view/View;|getViewTreeObserver||Landroid/view/ViewTreeObserver;
com.activision.game.WebViewDialog	<init>		56	new	0|Lcom/activision/game/WebViewDialog$b;
com.activision.game.WebViewDialog	<init>		57	other	invoke-direct {v0, v5}, Lcom/activision/game/WebViewDialog$b;-><init>(Lcom/activision/game/WebViewDialog;)V
com.activision.game.WebViewDialog	<init>		58	inv	virtual|None|v6, v0|Landroid/view/ViewTreeObserver;|addOnGlobalLayoutListener|Landroid/view/ViewTreeObserver$OnGlobalLayoutListener;|V
com.activision.game.WebViewDialog	a	public,static	0	other	.registers 8
com.activision.game.WebViewDialog	a	public,static	1	inv	virtual|None|v4|Ljava/lang/Object;|getClass||Ljava/lang/Class;
com.activision.game.WebViewDialog	a	public,static	2	inv	interface|None|v5|Landroid/webkit/WebResourceRequest;|isForMainFrame||Z
com.activision.game.WebViewDialog	a	public,static	3	inv	interface|None|v5|Landroid/webkit/WebResourceRequest;|getUrl||Landroid/net/Uri;
com.activision.game.WebViewDialog	a	public,static	4	inv	virtual|None|v0|Landroid/net/Uri;|getPath||Ljava/lang/String;
com.activision.game.WebViewDialog	a	public,static	5	cstr	1|/favicon.ico
com.activision.game.WebViewDialog	a	public,static	6	inv	virtual|None|v0, v1|Ljava/lang/String;|endsWith|Ljava/lang/String;|Z
com.activision.game.WebViewDialog	a	public,static	7	cstr	0|WebViewDialog
com.activision.game.WebViewDialog	a	public,static	8	cstr	5|Page load error
com.activision.game.WebViewDialog	a	public,static	9	inv	static|None|v0, v5|Lcom/activision/game/GameApplication;|a|Landroid/app/NotificationChannel;La3/b;|V
com.activision.game.WebViewDialog	a	public,static	10	cstr	2|'
com.activision.game.WebViewDialog	a	public,static	11	cstr	3|' for URL '
com.activision.game.WebViewDialog	a	public,static	12	new	7|Ly1/i0;
com.activision.game.WebViewDialog	a	public,static	13	other	invoke-direct {v7, v6}, Ly1/i0;-><init>(I)V
com.activision.game.WebViewDialog	a	public,static	14	new	6|Ljava/lang/StringBuilder;
com.activision.game.WebViewDialog	a	public,static	15	cstr	1|WebViewDialog client error '
com.activision.game.WebViewDialog	a	public,static	16	other	invoke-direct {v6, v1}, Ljava/lang/StringBuilder;-><init>(Ljava/lang/String;)V
com.activision.game.WebViewDialog	a	public,static	17	inv	virtual|None|v7|Ly1/i0;|get||Ljava/lang/Object;
com.activision.game.WebViewDialog	a	public,static	18	ccast	1|Ljava/lang/String;
com.activision.game.WebViewDialog	a	public,static	19	inv	virtual|None|v6, v1|Ljava/lang/StringBuilder;|append|Ljava/lang/String;|Ljava/lang/StringBuilder;
com.activision.game.WebViewDialog	a	public,static	20	inv	virtual|None|v6, v3|Ljava/lang/StringBuilder;|append|Ljava/lang/String;|Ljava/lang/StringBuilder;
com.activision.game.WebViewDialog	a	public,static	21	inv	interface|None|v5|Landroid/webkit/WebResourceRequest;|getUrl||Landroid/net/Uri;
com.activision.game.WebViewDialog	a	public,static	22	inv	virtual|None|v6, v1|Ljava/lang/StringBuilder;|append|Ljava/lang/Object;|Ljava/lang/StringBuilder;
com.activision.game.WebViewDialog	a	public,static	23	inv	virtual|None|v6, v2|Ljava/lang/StringBuilder;|append|Ljava/lang/String;|Ljava/lang/StringBuilder;
com.activision.game.WebViewDialog	a	public,static	24	inv	virtual|None|v6|Ljava/lang/StringBuilder;|toString||Ljava/lang/String;
com.activision.game.WebViewDialog	a	public,static	25	inv	static|None|v0, v6|Lcom/activision/game/GameApplication;|a|Landroid/app/NotificationChannel;La3/b;|V
com.activision.game.WebViewDialog	a	public,static	26	inv	interface|None|v5|Landroid/webkit/WebResourceRequest;|getUrl||Landroid/net/Uri;
com.activision.game.WebViewDialog	a	public,static	27	inv	virtual|None|v5|Landroid/net/Uri;|toString||Ljava/lang/String;
com.activision.game.WebViewDialog	a	public,static	28	new	6|Ljava/lang/StringBuilder;
com.activision.game.WebViewDialog	a	public,static	29	cstr	0|Android client error: 
com.activision.game.WebViewDialog	a	public,static	30	other	invoke-direct {v6, v0}, Ljava/lang/StringBuilder;-><init>(Ljava/lang/String;)V
com.activision.game.WebViewDialog	a	public,static	31	inv	virtual|None|v7|Ly1/i0;|get||Ljava/lang/Object;
com.activision.game.WebViewDialog	a	public,static	32	ccast	7|Ljava/lang/String;
com.activision.game.WebViewDialog	a	public,static	33	inv	virtual|None|v6, v7|Ljava/lang/StringBuilder;|append|Ljava/lang/String;|Ljava/lang/StringBuilder;
com.activision.game.WebViewDialog	a	public,static	34	new	6|Ljava/lang/StringBuilder;
com.activision.game.WebViewDialog	a	public,static	35	cstr	1|WebViewDialog HTTP error '
com.activision.game.WebViewDialog	a	public,static	36	other	invoke-direct {v6, v1}, Ljava/lang/StringBuilder;-><init>(Ljava/lang/String;)V
com.activision.game.WebViewDialog	a	public,static	37	inv	virtual|None|v6, v7|Ljava/lang/StringBuilder;|append|I|Ljava/lang/StringBuilder;
com.activision.game.WebViewDialog	a	public,static	38	inv	virtual|None|v6, v3|Ljava/lang/StringBuilder;|append|Ljava/lang/String;|Ljava/lang/StringBuilder;
com.activision.game.WebViewDialog	a	public,static	39	inv	interface|None|v5|Landroid/webkit/WebResourceRequest;|getUrl||Landroid/net/Uri;
com.activision.game.WebViewDialog	a	public,static	40	inv	virtual|None|v6, v1|Ljava/lang/StringBuilder;|append|Ljava/lang/Object;|Ljava/lang/StringBuilder;
com.activision.game.WebViewDialog	a	public,static	41	inv	virtual|None|v6, v2|Ljava/lang/StringBuilder;|append|Ljava/lang/String;|Ljava/lang/StringBuilder;
com.activision.game.WebViewDialog	a	public,static	42	inv	virtual|None|v6|Ljava/lang/StringBuilder;|toString||Ljava/lang/String;
com.activision.game.WebViewDialog	a	public,static	43	inv	static|None|v0, v6|Lcom/activision/game/GameApplication;|a|Landroid/app/NotificationChannel;La3/b;|V
com.activision.game.WebViewDialog	a	public,static	44	inv	interface|None|v5|Landroid/webkit/WebResourceRequest;|getUrl||Landroid/net/Uri;
com.activision.game.WebViewDialog	a	public,static	45	inv	virtual|None|v5|Landroid/net/Uri;|toString||Ljava/lang/String;
com.activision.game.WebViewDialog	a	public,static	46	new	6|Ljava/lang/StringBuilder;
com.activision.game.WebViewDialog	a	public,static	47	cstr	0|Android HTTP error status code 
com.activision.game.WebViewDialog	a	public,static	48	other	invoke-direct {v6, v0}, Ljava/lang/StringBuilder;-><init>(Ljava/lang/String;)V
com.activision.game.WebViewDialog	a	public,static	49	inv	virtual|None|v6, v7|Ljava/lang/StringBuilder;|append|I|Ljava/lang/StringBuilder;
com.activision.game.WebViewDialog	a	public,static	50	inv	virtual|None|v6|Ljava/lang/StringBuilder;|toString||Ljava/lang/String;
com.activision.game.WebViewDialog	a	public,static	51	inv	static|None|v5, v6|Lcom/activision/game/WebViewDialog;|dlogError|Landroid/app/NotificationChannel;La3/b;|V
com.activision.game.WebViewDialog	a	public,static	52	inv	static|None||Lcom/activision/game/WebViewDialog;|c||Z
com.activision.game.WebViewDialog	a	public,static	53	cstr	5|WebViewDialog.onLoadPageError called from non-main thread
com.activision.game.WebViewDialog	a	public,static	54	inv	static|None|v5|Lcom/activision/game/GameApplication;|c|Ljava/lang/String;|V
com.activision.game.WebViewDialog	a	public,static	55	other	iget-object v4, v4, v4532, Lcom/activision/game/WebViewDialog;->f:Lcom/activision/game/WebViewDialog$c;
com.activision.game.WebViewDialog	a	public,static	56	ccast	4|Lbo/app/p7;
com.activision.game.WebViewDialog	a	public,static	57	other	iget-object v4, v4, v3851, Lbo/app/p7;->c:Ljava/lang/Object;
com.activision.game.WebViewDialog	a	public,static	58	ccast	4|Lcom/activision/game/MainActivity;
com.activision.game.WebViewDialog	a	public,static	59	inv	static|None|v4|Lcom/activision/game/MainActivity;|h|Lcom/activision/game/MainActivity;|V
com.activision.game.WebViewDialog	c	public,static	0	other	.registers 2
com.activision.game.WebViewDialog	c	public,static	1	inv	static|None||Landroid/os/Looper;|myLooper||Landroid/os/Looper;
com.activision.game.WebViewDialog	c	public,static	2	inv	static|None||Landroid/os/Looper;|getMainLooper||Landroid/os/Looper;
com.activision.game.WebViewDialog	b	public	0	other	.registers 5
com.activision.game.WebViewDialog	b	public	1	inv	static|None||Lcom/activision/game/WebViewDialog;|c||Z
com.activision.game.WebViewDialog	b	public	2	cstr	0|WebViewDialog.executeJavascript called from non-main thread
com.activision.game.WebViewDialog	b	public	3	inv	static|None|v0|Lcom/activision/game/GameApplication;|c|Ljava/lang/String;|V
com.activision.game.WebViewDialog	b	public	4	other	iget-object v3, v3, v4528, Lcom/activision/game/WebViewDialog;->b:Landroid/webkit/WebView;
com.activision.game.WebViewDialog	b	public	5	new	0|Ljava/lang/StringBuilder;
com.activision.game.WebViewDialog	b	public	6	other	invoke-direct {v0}, Ljava/lang/StringBuilder;-><init>()V
com.activision.game.WebViewDialog	b	public	7	cstr	1|javascript:
com.activision.game.WebViewDialog	b	public	8	inv	virtual|None|v4, v1|Ljava/lang/String;|startsWith|Ljava/lang/String;|Z
com.activision.game.WebViewDialog	b	public	9	inv	virtual|None|v1, v4|Ljava/lang/String;|concat|Ljava/lang/String;|Ljava/lang/String;
com.activision.game.WebViewDialog	b	public	10	inv	virtual|None|v0, v4|Ljava/lang/StringBuilder;|append|Ljava/lang/String;|Ljava/lang/StringBuilder;
com.activision.game.WebViewDialog	b	public	11	cstr	4|;
com.activision.game.WebViewDialog	b	public	12	inv	virtual|None|v0, v4|Ljava/lang/StringBuilder;|append|Ljava/lang/String;|Ljava/lang/StringBuilder;
com.activision.game.WebViewDialog	b	public	13	inv	virtual|None|v0|Ljava/lang/StringBuilder;|toString||Ljava/lang/String;
com.activision.game.WebViewDialog	b	public	14	inv	virtual|None|v3, v4, v0|Landroid/webkit/WebView;|evaluateJavascript|Landroid/app/NotificationChannel;La3/b;|V
com.activision.game.WebViewDialog	b	public	15	cstr	3|WebViewDialog.view is null
com.activision.game.WebViewDialog	b	public	16	inv	static|None|v3|Lcom/activision/game/GameApplication;|c|Ljava/lang/String;|V
com.activision.game.WebViewDialog	dismiss	public	0	other	.registers 3
com.activision.game.WebViewDialog	dismiss	public	1	inv	static|None||Lcom/activision/game/WebViewDialog;|c||Z
com.activision.game.WebViewDialog	dismiss	public	2	cstr	0|WebViewDialog.dismiss called from non-main thread
com.activision.game.WebViewDialog	dismiss	public	3	inv	static|None|v0|Lcom/activision/game/GameApplication;|c|Ljava/lang/String;|V
com.activision.game.WebViewDialog	dismiss	public	4	other	iget-object v0, v2, v4528, Lcom/activision/game/WebViewDialog;->b:Landroid/webkit/WebView;
com.activision.game.WebViewDialog	dismiss	public	5	inv	virtual|None|v0|Landroid/view/View;|getParent||Landroid/view/ViewParent;
com.activision.game.WebViewDialog	dismiss	public	6	ccast	0|Landroid/view/ViewGroup;
com.activision.game.WebViewDialog	dismiss	public	7	other	iget-object v1, v2, v4528, Lcom/activision/game/WebViewDialog;->b:Landroid/webkit/WebView;
com.activision.game.WebViewDialog	dismiss	public	8	inv	virtual|None|v0, v1|Landroid/view/ViewGroup;|removeView|Landroid/view/View;|V
com.activision.game.WebViewDialog	dismiss	public	9	other	iget-object v0, v2, v4528, Lcom/activision/game/WebViewDialog;->b:Landroid/webkit/WebView;
com.activision.game.WebViewDialog	dismiss	public	10	inv	virtual|None|v0, v1|Landroid/view/View;|setVisibility|I|V
com.activision.game.WebViewDialog	dismiss	public	11	other	iget-object v0, v2, v4528, Lcom/activision/game/WebViewDialog;->b:Landroid/webkit/WebView;
com.activision.game.WebViewDialog	dismiss	public	12	inv	virtual|None|v0|Landroid/webkit/WebView;|stopLoading||V
com.activision.game.WebViewDialog	dismiss	public	13	other	iget-object v0, v2, v4528, Lcom/activision/game/WebViewDialog;->b:Landroid/webkit/WebView;
com.activision.game.WebViewDialog	dismiss	public	14	inv	virtual|None|v0|Landroid/webkit/WebView;|destroy||V
com.activision.game.WebViewDialog	dismiss	public	15	other	iput-object v0, v2, v4528, Lcom/activision/game/WebViewDialog;->b:Landroid/webkit/WebView;
com.activision.game.WebViewDialog	dismiss	public	16	inv	super|None|v2|Landroid/app/Dialog;|dismiss||V
com.activision.game.WebViewDialog	onBackPressed	public	0	other	.registers 3
com.activision.game.WebViewDialog	onBackPressed	public	1	other	iget-object v2, v2, v4528, Lcom/activision/game/WebViewDialog;->b:Landroid/webkit/WebView;
com.activision.game.WebViewDialog	onBackPressed	public	2	cstr	0|document.body.dispatchEvent(new Event('atvi_back_button'));
com.activision.game.WebViewDialog	onBackPressed	public	3	inv	virtual|None|v2, v0, v1|Landroid/webkit/WebView;|evaluateJavascript|Landroid/app/NotificationChannel;La3/b;|V
com.activision.game.WebViewDialog	show	public	0	other	.registers 2
com.activision.game.WebViewDialog	show	public	1	inv	static|None||Lcom/activision/game/WebViewDialog;|c||Z
com.activision.game.WebViewDialog	show	public	2	cstr	0|WebViewDialog.show called from non-main thread
com.activision.game.WebViewDialog	show	public	3	inv	static|None|v0|Lcom/activision/game/GameApplication;|c|Ljava/lang/String;|V
com.activision.game.WebViewDialog	show	public	4	inv	super|None|v1|Landroid/app/Dialog;|show||V
com.activision.game.a	<init>		0	other	.registers 3
com.activision.game.a	<init>		1	other	iput-object v1, v0, v4537, Lcom/activision/game/a;->d:Lcom/activision/game/b$a;
com.activision.game.a	<init>		2	other	invoke-direct {v0}, Ljava/lang/Object;-><init>()V
com.activision.game.a	<init>		3	cstr	1|
com.activision.game.a	<init>		4	other	iput-object v1, v0, v4535, Lcom/activision/game/a;->b:Ljava/lang/String;
com.activision.game.a	afterTextChanged	public	0	other	.registers 2
com.activision.game.a	beforeTextChanged	public	0	other	.registers 5
com.activision.game.a	beforeTextChanged	public	1	inv	interface|None|v1|Ljava/lang/CharSequence;|toString||Ljava/lang/String;
com.activision.game.a	beforeTextChanged	public	2	other	iput-object v1, v0, v4535, Lcom/activision/game/a;->b:Ljava/lang/String;
com.activision.game.a	onTextChanged	public	0	other	.registers 5
com.activision.game.a	onTextChanged	public	1	other	iget-object v2, v0, v4535, Lcom/activision/game/a;->b:Ljava/lang/String;
com.activision.game.a	onTextChanged	public	2	inv	virtual|None|v2, v1|Ljava/lang/String;|contentEquals|Ljava/lang/CharSequence;|Z
com.activision.game.a	onTextChanged	public	3	inv	interface|None|v1|Ljava/lang/CharSequence;|toString||Ljava/lang/String;
com.activision.game.a	onTextChanged	public	4	inv	virtual|None|v1|Ljava/lang/String;|getBytes||[B
com.activision.game.a	onTextChanged	public	5	other	iget-object v1, v0, v4537, Lcom/activision/game/a;->d:Lcom/activision/game/b$a;
com.activision.game.a	onTextChanged	public	6	other	iget-object v0, v0, v4535, Lcom/activision/game/a;->b:Ljava/lang/String;
com.activision.game.a	onTextChanged	public	7	inv	virtual|None|v1, v0|Landroid/widget/TextView;|setText|Ljava/lang/CharSequence;|V
com.activision.game.b$a	<init>		0	other	.registers 3
com.activision.game.b$a	<init>		1	other	iput-object v1, v0, v4538, Lcom/activision/game/b$a;->d:Lcom/activision/game/b;
com.activision.game.b$a	<init>		2	other	invoke-direct {v0, v2, v1}, Lk/j;-><init>(BB)V
com.activision.game.b$a	onKeyPreIme	public	0	other	.registers 4
com.activision.game.b$a	onKeyPreIme	public	1	inv	virtual|None|v3|Landroid/view/KeyEvent;|getAction||I
com.activision.game.b$a	onKeyPreIme	public	2	inv	virtual|None|v1|Landroid/view/View;|getRootView||Landroid/view/View;
com.activision.game.b$a	onKeyPreIme	public	3	sget	3|Landroidx/core/view/o;|a|Ljava/util/WeakHashMap;
com.activision.game.b$a	onKeyPreIme	public	4	inv	static|None|v2|Landroidx/core/view/o$g;|a|Landroid/view/View;|Landroidx/core/view/WindowInsetsCompat;
com.activision.game.b$a	onKeyPreIme	public	5	inv	static|None|v2|Ljava/util/Objects;|requireNonNull|Ljava/lang/Object;|Ljava/lang/Object;
com.activision.game.b$a	onKeyPreIme	public	6	inv	static|None||Landroidx/core/view/WindowInsetsCompat$Type;|ime||I
com.activision.game.b$a	onKeyPreIme	public	7	inv	virtual|None|v2, v3|Landroidx/core/view/WindowInsetsCompat;|isVisible|I|Z
com.activision.game.b$a	onKeyPreIme	public	8	other	iget-object v1, v1, v4538, Lcom/activision/game/b$a;->d:Lcom/activision/game/b;
com.activision.game.b$a	onKeyPreIme	public	9	inv	virtual|None|v1|Lcom/activision/game/b;|onBackPressed||V
com.activision.game.b$a	onKeyPreIme	public	10	inv	virtual|None|v1, v3|Landroid/view/View;|dispatchKeyEvent|Landroid/view/KeyEvent;|Z
com.activision.game.b	<init>		0	other	.registers 6
com.activision.game.b	<init>		1	other	invoke-direct {v4, v5, v0}, Landroid/app/Dialog;-><init>(BB)V
com.activision.game.b	<init>		2	new	1|Lcom/activision/game/b$a;
com.activision.game.b	<init>		3	other	invoke-direct {v1, v4, v5}, Lcom/activision/game/b$a;-><init>(Landroid/app/DialogFragment;La0/b$a;)V
com.activision.game.b	<init>		4	other	iput-object v1, v4, v4539, Lcom/activision/game/b;->b:Lcom/activision/game/b$a;
com.activision.game.b	<init>		5	new	2|Ly1/g;
com.activision.game.b	<init>		6	other	invoke-direct {v2, v4}, Ly1/g;-><init>(Lcom/activision/game/b;)V
com.activision.game.b	<init>		7	inv	virtual|None|v1, v2|Landroid/widget/TextView;|setOnEditorActionListener|Landroid/widget/TextView$OnEditorActionListener;|V
com.activision.game.b	<init>		8	new	2|Landroid/widget/LinearLayout;
com.activision.game.b	<init>		9	other	invoke-direct {v2, v5}, Landroid/widget/LinearLayout;-><init>(Landroid/content/Context;)V
com.activision.game.b	<init>		10	new	5|Landroid/widget/LinearLayout$LayoutParams;
com.activision.game.b	<init>		11	other	invoke-direct {v5, v3, v3}, Landroid/widget/LinearLayout$LayoutParams;-><init>(BB)V
com.activision.game.b	<init>		12	inv	virtual|None|v2, v5|Landroid/view/View;|setLayoutParams|Landroid/view/ViewGroup$LayoutParams;|V
com.activision.game.b	<init>		13	inv	virtual|None|v2, v5|Landroid/widget/LinearLayout;|setGravity|I|V
com.activision.game.b	<init>		14	inv	virtual|None|v2, v1|Landroid/view/ViewGroup;|addView|Landroid/view/View;|V
com.activision.game.b	<init>		15	new	5|Ly1/h;
com.activision.game.b	<init>		16	other	invoke-direct {v5, v0, v4}, Ly1/h;-><init>(BB)V
com.activision.game.b	<init>		17	inv	virtual|None|v2, v5|Landroid/view/View;|setOnClickListener|Landroid/view/View$OnClickListener;|V
com.activision.game.b	<init>		18	inv	virtual|None|v2|Landroid/view/View;|getViewTreeObserver||Landroid/view/ViewTreeObserver;
com.activision.game.b	<init>		19	new	0|Ly1/i;
com.activision.game.b	<init>		20	other	invoke-direct {v0, v4}, Ly1/i;-><init>(Lcom/activision/game/b;)V
com.activision.game.b	<init>		21	inv	virtual|None|v5, v0|Landroid/view/ViewTreeObserver;|addOnGlobalLayoutListener|Landroid/view/ViewTreeObserver$OnGlobalLayoutListener;|V
com.activision.game.b	<init>		22	inv	virtual|None|v4|Landroid/app/Dialog;|getWindow||Landroid/view/Window;
com.activision.game.b	<init>		23	inv	virtual|None|v5, v0|Landroid/view/Window;|setSoftInputMode|I|V
com.activision.game.b	<init>		24	inv	virtual|None|v4, v2|Landroid/app/Dialog;|setContentView|Landroid/view/View;|V
com.activision.game.b	<init>		25	inv	virtual|None|v4, v5|Landroid/app/Dialog;|setCancelable|Z|V
com.activision.game.b	dismiss	public	0	other	.registers 2
com.activision.game.b	dismiss	public	1	inv	super|None|v1|Landroid/app/Dialog;|dismiss||V
com.activision.game.b	dismiss	public	2	inv	static|None|v0|Lcom/activision/game/MainActivity;|nativeHeightOfEditText|I|V
com.activision.game.b	onBackPressed	public	0	other	.registers 3
com.activision.game.b	onBackPressed	public	1	other	iget-object v0, v2, v4540, Lcom/activision/game/b;->c:Lcom/activision/game/b$b;
com.activision.game.b	onBackPressed	public	2	ccast	0|Landroidx/core/app/c;
com.activision.game.b	onBackPressed	public	3	other	iget-object v0, v0, v1140, Landroidx/core/app/c;->c:Ljava/lang/Object;
com.activision.game.b	onBackPressed	public	4	ccast	0|Lcom/activision/game/MainActivity;
com.activision.game.b	onBackPressed	public	5	other	iget-object v2, v2, v4539, Lcom/activision/game/b;->b:Lcom/activision/game/b$a;
com.activision.game.b	onBackPressed	public	6	inv	static|None|v0, v1, v2|Lcom/activision/game/MainActivity;|c|BBB|V
com.activision.game.b	onBackPressed	public	7	inv	virtual|None|v2|Lcom/activision/game/b;|dismiss||V
com.activision.game.b	onBackPressed	public	8	inv	super|None|v2|Landroid/app/Dialog;|onBackPressed||V
com.activision.game.b	onTouchEvent	public	0	other	.registers 2
com.activision.game.b	onTouchEvent	public	1	inv	super|None|v0, v1|Landroid/app/Dialog;|onTouchEvent|Landroid/view/MotionEvent;|Z
com.activision.game.b	show	public	0	other	.registers 1
com.activision.game.b	show	public	1	inv	super|None|v0|Landroid/app/Dialog;|show||V
com.activision.game.b	show	public	2	other	iget-object v0, v0, v4539, Lcom/activision/game/b;->b:Lcom/activision/game/b$a;
com.activision.game.b	show	public	3	inv	virtual|None|v0|Landroid/view/View;|requestFocus||Z
com.activision.game.preenginetasks.MetaFetchTask	<init>		0	other	.registers 2
com.activision.game.preenginetasks.MetaFetchTask	<init>		1	other	invoke-direct {v1}, Ljava/lang/Object;-><init>()V
com.activision.game.preenginetasks.MetaFetchTask	<init>		2	other	iput-object v0, v1, v4543, Lcom/activision/game/preenginetasks/MetaFetchTask;->b:Ljava/util/concurrent/Semaphore;
com.activision.game.preenginetasks.MetaFetchTask	a	public,static	0	other	.registers 14
com.activision.game.preenginetasks.MetaFetchTask	a	public,static	1	cstr	0|Pre-Engine
com.activision.game.preenginetasks.MetaFetchTask	a	public,static	2	cstr	1|Meta Fetch Failed: failed to get http response, code 
com.activision.game.preenginetasks.MetaFetchTask	a	public,static	3	inv	direct|None|v13|Lcom/activision/game/preenginetasks/MetaFetchTask;|nativeGetCDNiMetaUrl||Ljava/lang/String;
com.activision.game.preenginetasks.MetaFetchTask	a	public,static	4	new	8|Ljava/net/URL;
com.activision.game.preenginetasks.MetaFetchTask	a	public,static	5	other	invoke-direct {v8, v2}, Ljava/net/URL;-><init>(Ljava/lang/String;)V
com.activision.game.preenginetasks.MetaFetchTask	a	public,static	6	inv	virtual|None|v8|Ljava/net/URL;|openConnection||Ljava/net/URLConnection;
com.activision.game.preenginetasks.MetaFetchTask	a	public,static	7	ccast	8|Ljava/net/HttpURLConnection;
com.activision.game.preenginetasks.MetaFetchTask	a	public,static	8	inv	virtual|None|v8, v6|Ljava/net/URLConnection;|setUseCaches|Z|V
com.activision.game.preenginetasks.MetaFetchTask	a	public,static	9	inv	virtual|None|v8, v5|Ljava/net/URLConnection;|setDoInput|Z|V
com.activision.game.preenginetasks.MetaFetchTask	a	public,static	10	inv	virtual|None|v8, v9|Ljava/net/URLConnection;|setConnectTimeout|I|V
com.activision.game.preenginetasks.MetaFetchTask	a	public,static	11	cstr	9|GET
com.activision.game.preenginetasks.MetaFetchTask	a	public,static	12	inv	virtual|None|v8, v9|Ljava/net/HttpURLConnection;|setRequestMethod|Ljava/lang/String;|V
com.activision.game.preenginetasks.MetaFetchTask	a	public,static	13	cstr	9|Charset
com.activision.game.preenginetasks.MetaFetchTask	a	public,static	14	cstr	10|utf-8
com.activision.game.preenginetasks.MetaFetchTask	a	public,static	15	inv	virtual|None|v8, v9, v10|Ljava/net/URLConnection;|setRequestProperty|Landroid/app/NotificationChannel;La3/b;|V
com.activision.game.preenginetasks.MetaFetchTask	a	public,static	16	inv	virtual|None|v8|Ljava/net/URLConnection;|connect||V
com.activision.game.preenginetasks.MetaFetchTask	a	public,static	17	inv	virtual|None|v8|Ljava/net/HttpURLConnection;|getResponseCode||I
com.activision.game.preenginetasks.MetaFetchTask	a	public,static	18	new	10|Ljava/lang/StringBuilder;
com.activision.game.preenginetasks.MetaFetchTask	a	public,static	19	other	invoke-direct {v10, v1}, Ljava/lang/StringBuilder;-><init>(Ljava/lang/String;)V
com.activision.game.preenginetasks.MetaFetchTask	a	public,static	20	inv	virtual|None|v10, v9|Ljava/lang/StringBuilder;|append|I|Ljava/lang/StringBuilder;
com.activision.game.preenginetasks.MetaFetchTask	a	public,static	21	inv	virtual|None|v10|Ljava/lang/StringBuilder;|toString||Ljava/lang/String;
com.activision.game.preenginetasks.MetaFetchTask	a	public,static	22	inv	static|None|v0, v1|Landroid/util/Log;|d|Landroid/app/NotificationChannel;La3/b;|I
com.activision.game.preenginetasks.MetaFetchTask	a	public,static	23	inv	virtual|None|v8|Ljava/net/HttpURLConnection;|disconnect||V
com.activision.game.preenginetasks.MetaFetchTask	a	public,static	24	inv	static|None|v3, v4|Ljava/lang/Thread;|sleep|B|V
com.activision.game.preenginetasks.MetaFetchTask	a	public,static	25	new	1|Ljava/lang/Thread;
com.activision.game.preenginetasks.MetaFetchTask	a	public,static	26	new	9|Landroidx/core/app/a;
com.activision.game.preenginetasks.MetaFetchTask	a	public,static	27	other	invoke-direct {v9, v5, v13}, Landroidx/core/app/a;-><init>(BB)V
com.activision.game.preenginetasks.MetaFetchTask	a	public,static	28	other	invoke-direct {v1, v9}, Ljava/lang/Thread;-><init>(Ljava/lang/Runnable;)V
com.activision.game.preenginetasks.MetaFetchTask	a	public,static	29	inv	virtual|None|v1|Ljava/lang/Thread;|start||V
com.activision.game.preenginetasks.MetaFetchTask	a	public,static	30	inv	virtual|None|v1|Ljava/lang/Throwable;|printStackTrace||V
com.activision.game.preenginetasks.MetaFetchTask	a	public,static	31	inv	virtual|None|v13, v6|Lcom/activision/game/preenginetasks/MetaFetchTask;|b|Z|V
com.activision.game.preenginetasks.MetaFetchTask	a	public,static	32	inv	virtual|None|v8|Ljava/net/HttpURLConnection;|disconnect||V
com.activision.game.preenginetasks.MetaFetchTask	a	public,static	33	cstr	1|Meta Fetch Success
com.activision.game.preenginetasks.MetaFetchTask	a	public,static	34	inv	static|None|v0, v1|Landroid/util/Log;|d|Landroid/app/NotificationChannel;La3/b;|I
com.activision.game.preenginetasks.MetaFetchTask	a	public,static	35	inv	virtual|None|v8|Ljava/net/URLConnection;|getInputStream||Ljava/io/InputStream;
com.activision.game.preenginetasks.MetaFetchTask	a	public,static	36	new	9|Ljava/io/ByteArrayOutputStream;
com.activision.game.preenginetasks.MetaFetchTask	a	public,static	37	other	invoke-direct {v9}, Ljava/io/ByteArrayOutputStream;-><init>()V
com.activision.game.preenginetasks.MetaFetchTask	a	public,static	38	inv	virtual|None|v1, v7|Ljava/io/InputStream;|read|[B|I
com.activision.game.preenginetasks.MetaFetchTask	a	public,static	39	inv	virtual|None|v9, v7, v6, v10|Ljava/io/ByteArrayOutputStream;|write|BBB|V
com.activision.game.preenginetasks.MetaFetchTask	a	public,static	40	inv	virtual|None|v9|Ljava/io/ByteArrayOutputStream;|toString||Ljava/lang/String;
com.activision.game.preenginetasks.MetaFetchTask	a	public,static	41	inv	virtual|None|v8|Ljava/net/HttpURLConnection;|disconnect||V
com.activision.game.preenginetasks.MetaFetchTask	a	public,static	42	inv	virtual|None|v9|Ljava/io/ByteArrayOutputStream;|close||V
com.activision.game.preenginetasks.MetaFetchTask	a	public,static	43	inv	virtual|None|v1|Ljava/io/InputStream;|close||V
com.activision.game.preenginetasks.MetaFetchTask	a	public,static	44	inv	static|None|v7|Lcom/activision/game/preenginetasks/MetaFetchTask;|c|Ljava/lang/String;|Z
com.activision.game.preenginetasks.MetaFetchTask	a	public,static	45	inv	virtual|None|v13, v5|Lcom/activision/game/preenginetasks/MetaFetchTask;|b|Z|V
com.activision.game.preenginetasks.MetaFetchTask	a	public,static	46	inv	virtual|None|v13, v6|Lcom/activision/game/preenginetasks/MetaFetchTask;|b|Z|V
com.activision.game.preenginetasks.MetaFetchTask	a	public,static	47	inv	virtual|None|v8|Ljava/net/HttpURLConnection;|disconnect||V
com.activision.game.preenginetasks.MetaFetchTask	a	public,static	48	inv	virtual|None|v1|Ljava/io/InputStream;|close||V
com.activision.game.preenginetasks.MetaFetchTask	a	public,static	49	inv	virtual|None|v13|Ljava/lang/Throwable;|printStackTrace||V
com.activision.game.preenginetasks.MetaFetchTask	a	public,static	50	new	10|Ljava/lang/StringBuilder;
com.activision.game.preenginetasks.MetaFetchTask	a	public,static	51	other	invoke-direct {v10}, Ljava/lang/StringBuilder;-><init>()V
com.activision.game.preenginetasks.MetaFetchTask	a	public,static	52	cstr	11|Meta Fetch Failed: failed to request url 
com.activision.game.preenginetasks.MetaFetchTask	a	public,static	53	inv	virtual|None|v10, v11|Ljava/lang/StringBuilder;|append|Ljava/lang/String;|Ljava/lang/StringBuilder;
com.activision.game.preenginetasks.MetaFetchTask	a	public,static	54	inv	virtual|None|v10, v2|Ljava/lang/StringBuilder;|append|Ljava/lang/String;|Ljava/lang/StringBuilder;
com.activision.game.preenginetasks.MetaFetchTask	a	public,static	55	inv	virtual|None|v10|Ljava/lang/StringBuilder;|toString||Ljava/lang/String;
com.activision.game.preenginetasks.MetaFetchTask	a	public,static	56	inv	static|None|v0, v2|Landroid/util/Log;|d|Landroid/app/NotificationChannel;La3/b;|I
com.activision.game.preenginetasks.MetaFetchTask	a	public,static	57	inv	static|None|v3, v4|Ljava/lang/Thread;|sleep|B|V
com.activision.game.preenginetasks.MetaFetchTask	a	public,static	58	new	0|Ljava/lang/Thread;
com.activision.game.preenginetasks.MetaFetchTask	a	public,static	59	new	2|Landroidx/core/app/a;
com.activision.game.preenginetasks.MetaFetchTask	a	public,static	60	other	invoke-direct {v2, v5, v13}, Landroidx/core/app/a;-><init>(BB)V
com.activision.game.preenginetasks.MetaFetchTask	a	public,static	61	other	invoke-direct {v0, v2}, Ljava/lang/Thread;-><init>(Ljava/lang/Runnable;)V
com.activision.game.preenginetasks.MetaFetchTask	a	public,static	62	inv	virtual|None|v0|Ljava/lang/Thread;|start||V
com.activision.game.preenginetasks.MetaFetchTask	a	public,static	63	inv	virtual|None|v0|Ljava/lang/Throwable;|printStackTrace||V
com.activision.game.preenginetasks.MetaFetchTask	a	public,static	64	inv	virtual|None|v13, v6|Lcom/activision/game/preenginetasks/MetaFetchTask;|b|Z|V
com.activision.game.preenginetasks.MetaFetchTask	a	public,static	65	inv	virtual|None|v1|Ljava/lang/Throwable;|printStackTrace||V
com.activision.game.preenginetasks.MetaFetchTask	a	public,static	66	inv	virtual|None|v8|Ljava/net/HttpURLConnection;|disconnect||V
com.activision.game.preenginetasks.MetaFetchTask	a	public,static	67	inv	virtual|None|v7|Ljava/io/InputStream;|close||V
com.activision.game.preenginetasks.MetaFetchTask	a	public,static	68	inv	virtual|None|v13|Ljava/lang/Throwable;|printStackTrace||V
com.activision.game.preenginetasks.MetaFetchTask	a	public,static	69	inv	virtual|None|v9|Ljava/io/ByteArrayOutputStream;|close||V
com.activision.game.preenginetasks.MetaFetchTask	a	public,static	70	inv	virtual|None|v13|Ljava/lang/Throwable;|printStackTrace||V
com.activision.game.preenginetasks.MetaFetchTask	a	public,static	71	inv	virtual|None|v7|Ljava/net/HttpURLConnection;|disconnect||V
com.activision.game.preenginetasks.MetaFetchTask	a	public,static	72	inv	virtual|None|v0|Ljava/io/InputStream;|close||V
com.activision.game.preenginetasks.MetaFetchTask	a	public,static	73	inv	virtual|None|v0|Ljava/lang/Throwable;|printStackTrace||V
com.activision.game.preenginetasks.MetaFetchTask	a	public,static	74	inv	virtual|None|v9|Ljava/io/ByteArrayOutputStream;|close||V
com.activision.game.preenginetasks.MetaFetchTask	a	public,static	75	inv	virtual|None|v0|Ljava/lang/Throwable;|printStackTrace||V
com.activision.game.preenginetasks.MetaFetchTask	c	public,static	0	other	.registers 10
com.activision.game.preenginetasks.MetaFetchTask	c	public,static	1	cstr	0|pre_login_GVS
com.activision.game.preenginetasks.MetaFetchTask	c	public,static	2	cstr	1|region_detection_option
com.activision.game.preenginetasks.MetaFetchTask	c	public,static	3	cstr	2|Pre-Engine
com.activision.game.preenginetasks.MetaFetchTask	c	public,static	4	cstr	3|Meta Fetch pre-login GVS enabled = 
com.activision.game.preenginetasks.MetaFetchTask	c	public,static	5	cstr	4|Meta Fetch region detection enabled = 
com.activision.game.preenginetasks.MetaFetchTask	c	public,static	6	new	6|Lorg/json/JSONObject;
com.activision.game.preenginetasks.MetaFetchTask	c	public,static	7	other	invoke-direct {v6, v9}, Lorg/json/JSONObject;-><init>(Ljava/lang/String;)V
com.activision.game.preenginetasks.MetaFetchTask	c	public,static	8	inv	virtual|None|v6, v1|Lorg/json/JSONObject;|has|Ljava/lang/String;|Z
com.activision.game.preenginetasks.MetaFetchTask	c	public,static	9	inv	virtual|None|v6, v1|Lorg/json/JSONObject;|getInt|Ljava/lang/String;|I
com.activision.game.preenginetasks.MetaFetchTask	c	public,static	10	new	1|Ljava/lang/StringBuilder;
com.activision.game.preenginetasks.MetaFetchTask	c	public,static	11	other	invoke-direct {v1, v4}, Ljava/lang/StringBuilder;-><init>(Ljava/lang/String;)V
com.activision.game.preenginetasks.MetaFetchTask	c	public,static	12	inv	static|None|v4|Ljava/lang/String;|valueOf|Z|Ljava/lang/String;
com.activision.game.preenginetasks.MetaFetchTask	c	public,static	13	inv	virtual|None|v1, v4|Ljava/lang/StringBuilder;|append|Ljava/lang/String;|Ljava/lang/StringBuilder;
com.activision.game.preenginetasks.MetaFetchTask	c	public,static	14	inv	virtual|None|v1|Ljava/lang/StringBuilder;|toString||Ljava/lang/String;
com.activision.game.preenginetasks.MetaFetchTask	c	public,static	15	cstr	1|Meta fetch failed to find 'region_detection_option'
com.activision.game.preenginetasks.MetaFetchTask	c	public,static	16	inv	static|None|v2, v1|Landroid/util/Log;|d|Landroid/app/NotificationChannel;La3/b;|I
com.activision.game.preenginetasks.MetaFetchTask	c	public,static	17	inv	virtual|None|v6, v0|Lorg/json/JSONObject;|has|Ljava/lang/String;|Z
com.activision.game.preenginetasks.MetaFetchTask	c	public,static	18	inv	virtual|None|v6, v0|Lorg/json/JSONObject;|getBoolean|Ljava/lang/String;|Z
com.activision.game.preenginetasks.MetaFetchTask	c	public,static	19	new	0|Ljava/lang/StringBuilder;
com.activision.game.preenginetasks.MetaFetchTask	c	public,static	20	other	invoke-direct {v0, v3}, Ljava/lang/StringBuilder;-><init>(Ljava/lang/String;)V
com.activision.game.preenginetasks.MetaFetchTask	c	public,static	21	inv	static|None|v1|Ljava/lang/String;|valueOf|Z|Ljava/lang/String;
com.activision.game.preenginetasks.MetaFetchTask	c	public,static	22	inv	virtual|None|v0, v1|Ljava/lang/StringBuilder;|append|Ljava/lang/String;|Ljava/lang/StringBuilder;
com.activision.game.preenginetasks.MetaFetchTask	c	public,static	23	inv	virtual|None|v0|Ljava/lang/StringBuilder;|toString||Ljava/lang/String;
com.activision.game.preenginetasks.MetaFetchTask	c	public,static	24	cstr	0|Meta fetch failed to find 'pre_login_GVS'
com.activision.game.preenginetasks.MetaFetchTask	c	public,static	25	inv	static|None|v2, v0|Landroid/util/Log;|d|Landroid/app/NotificationChannel;La3/b;|I
com.activision.game.preenginetasks.MetaFetchTask	c	public,static	26	cstr	0|Meta Fetch Json Parse Success
com.activision.game.preenginetasks.MetaFetchTask	c	public,static	27	inv	static|None|v2, v0|Landroid/util/Log;|d|Landroid/app/NotificationChannel;La3/b;|I
com.activision.game.preenginetasks.MetaFetchTask	c	public,static	28	new	0|Ljava/lang/StringBuilder;
com.activision.game.preenginetasks.MetaFetchTask	c	public,static	29	cstr	1|Meta Fetch Json Parse Failed: 
com.activision.game.preenginetasks.MetaFetchTask	c	public,static	30	other	invoke-direct {v0, v1}, Ljava/lang/StringBuilder;-><init>(Ljava/lang/String;)V
com.activision.game.preenginetasks.MetaFetchTask	c	public,static	31	inv	virtual|None|v0, v9|Ljava/lang/StringBuilder;|append|Ljava/lang/String;|Ljava/lang/StringBuilder;
com.activision.game.preenginetasks.MetaFetchTask	c	public,static	32	inv	virtual|None|v0|Ljava/lang/StringBuilder;|toString||Ljava/lang/String;
com.activision.game.preenginetasks.MetaFetchTask	c	public,static	33	inv	static|None|v2, v9|Landroid/util/Log;|d|Landroid/app/NotificationChannel;La3/b;|I
com.activision.game.preenginetasks.MetaFetchTask	b	public	0	other	.registers 5
com.activision.game.preenginetasks.MetaFetchTask	b	public	1	other	iget-object v0, v3, v4543, Lcom/activision/game/preenginetasks/MetaFetchTask;->b:Ljava/util/concurrent/Semaphore;
com.activision.game.preenginetasks.MetaFetchTask	b	public	2	inv	virtual|None|v0|Ljava/util/concurrent/Semaphore;|availablePermits||I
com.activision.game.preenginetasks.MetaFetchTask	b	public	3	cstr	0|Pre-Engine
com.activision.game.preenginetasks.MetaFetchTask	b	public	4	new	1|Ljava/lang/StringBuilder;
com.activision.game.preenginetasks.MetaFetchTask	b	public	5	cstr	2|Meta Fetch Passed release semaphore, task succeeded: 
com.activision.game.preenginetasks.MetaFetchTask	b	public	6	other	invoke-direct {v1, v2}, Ljava/lang/StringBuilder;-><init>(Ljava/lang/String;)V
com.activision.game.preenginetasks.MetaFetchTask	b	public	7	inv	virtual|None|v1, v4|Ljava/lang/StringBuilder;|append|Z|Ljava/lang/StringBuilder;
com.activision.game.preenginetasks.MetaFetchTask	b	public	8	inv	virtual|None|v1|Ljava/lang/StringBuilder;|toString||Ljava/lang/String;
com.activision.game.preenginetasks.MetaFetchTask	b	public	9	inv	static|None|v0, v4|Landroid/util/Log;|d|Landroid/app/NotificationChannel;La3/b;|I
com.activision.game.preenginetasks.MetaFetchTask	b	public	10	other	iget-object v3, v3, v4543, Lcom/activision/game/preenginetasks/MetaFetchTask;->b:Ljava/util/concurrent/Semaphore;
com.activision.game.preenginetasks.MetaFetchTask	b	public	11	inv	virtual|None|v3|Ljava/util/concurrent/Semaphore;|release||V
com.activision.game.preenginetasks.RegionDetectionTask	<init>		0	other	.registers 3
com.activision.game.preenginetasks.RegionDetectionTask	<init>		1	other	invoke-direct {v1}, Ljava/lang/Object;-><init>()V
com.activision.game.preenginetasks.RegionDetectionTask	<init>		2	other	iput-object v0, v1, v4549, Lcom/activision/game/preenginetasks/RegionDetectionTask;->c:Ljava/util/concurrent/Semaphore;
com.activision.game.preenginetasks.RegionDetectionTask	<init>		3	other	iput-object v2, v1, v4547, Lcom/activision/game/preenginetasks/RegionDetectionTask;->a:Lf/c;
com.activision.game.preenginetasks.RegionDetectionTask	a	public	0	other	.registers 14
com.activision.game.preenginetasks.RegionDetectionTask	a	public	1	cstr	0|Pre-Engine
com.activision.game.preenginetasks.RegionDetectionTask	a	public	2	cstr	1|Region Fetch Failed: failed to get http response, code 
com.activision.game.preenginetasks.RegionDetectionTask	a	public	3	inv	direct|None|v13|Lcom/activision/game/preenginetasks/RegionDetectionTask;|nativeGetRegionDetectionAccessKey||Ljava/lang/String;
com.activision.game.preenginetasks.RegionDetectionTask	a	public	4	inv	virtual|None|v2|Ljava/lang/String;|isEmpty||Z
com.activision.game.preenginetasks.RegionDetectionTask	a	public	5	cstr	2|
com.activision.game.preenginetasks.RegionDetectionTask	a	public	6	cstr	2|https://api.ipstack.com/check?access_key=%s
com.activision.game.preenginetasks.RegionDetectionTask	a	public	7	inv	static|None|v2, v3|Ljava/lang/String;|format|Landroid/app/NotificationChannel;La3/b;|Ljava/lang/String;
com.activision.game.preenginetasks.RegionDetectionTask	a	public	8	inv	virtual|None|v2|Ljava/lang/String;|isEmpty||Z
com.activision.game.preenginetasks.RegionDetectionTask	a	public	9	inv	virtual|None|v13, v5|Lcom/activision/game/preenginetasks/RegionDetectionTask;|c|Z|V
com.activision.game.preenginetasks.RegionDetectionTask	a	public	10	new	8|Ljava/net/URL;
com.activision.game.preenginetasks.RegionDetectionTask	a	public	11	other	invoke-direct {v8, v2}, Ljava/net/URL;-><init>(Ljava/lang/String;)V
com.activision.game.preenginetasks.RegionDetectionTask	a	public	12	inv	virtual|None|v8|Ljava/net/URL;|openConnection||Ljava/net/URLConnection;
com.activision.game.preenginetasks.RegionDetectionTask	a	public	13	ccast	8|Ljava/net/HttpURLConnection;
com.activision.game.preenginetasks.RegionDetectionTask	a	public	14	inv	virtual|None|v8, v5|Ljava/net/URLConnection;|setUseCaches|Z|V
com.activision.game.preenginetasks.RegionDetectionTask	a	public	15	inv	virtual|None|v8, v4|Ljava/net/URLConnection;|setDoInput|Z|V
com.activision.game.preenginetasks.RegionDetectionTask	a	public	16	inv	virtual|None|v8, v9|Ljava/net/URLConnection;|setConnectTimeout|I|V
com.activision.game.preenginetasks.RegionDetectionTask	a	public	17	cstr	9|GET
com.activision.game.preenginetasks.RegionDetectionTask	a	public	18	inv	virtual|None|v8, v9|Ljava/net/HttpURLConnection;|setRequestMethod|Ljava/lang/String;|V
com.activision.game.preenginetasks.RegionDetectionTask	a	public	19	cstr	9|Charset
com.activision.game.preenginetasks.RegionDetectionTask	a	public	20	cstr	10|utf-8
com.activision.game.preenginetasks.RegionDetectionTask	a	public	21	inv	virtual|None|v8, v9, v10|Ljava/net/URLConnection;|setRequestProperty|Landroid/app/NotificationChannel;La3/b;|V
com.activision.game.preenginetasks.RegionDetectionTask	a	public	22	inv	virtual|None|v8|Ljava/net/URLConnection;|connect||V
com.activision.game.preenginetasks.RegionDetectionTask	a	public	23	inv	virtual|None|v8|Ljava/net/HttpURLConnection;|getResponseCode||I
com.activision.game.preenginetasks.RegionDetectionTask	a	public	24	new	10|Ljava/lang/StringBuilder;
com.activision.game.preenginetasks.RegionDetectionTask	a	public	25	other	invoke-direct {v10, v1}, Ljava/lang/StringBuilder;-><init>(Ljava/lang/String;)V
com.activision.game.preenginetasks.RegionDetectionTask	a	public	26	inv	virtual|None|v10, v9|Ljava/lang/StringBuilder;|append|I|Ljava/lang/StringBuilder;
com.activision.game.preenginetasks.RegionDetectionTask	a	public	27	inv	virtual|None|v10|Ljava/lang/StringBuilder;|toString||Ljava/lang/String;
com.activision.game.preenginetasks.RegionDetectionTask	a	public	28	inv	static|None|v0, v1|Landroid/util/Log;|d|Landroid/app/NotificationChannel;La3/b;|I
com.activision.game.preenginetasks.RegionDetectionTask	a	public	29	inv	virtual|None|v8|Ljava/net/HttpURLConnection;|disconnect||V
com.activision.game.preenginetasks.RegionDetectionTask	a	public	30	inv	static|None|v6, v7|Ljava/lang/Thread;|sleep|B|V
com.activision.game.preenginetasks.RegionDetectionTask	a	public	31	inv	virtual|None|v13|Lcom/activision/game/preenginetasks/RegionDetectionTask;|a||V
com.activision.game.preenginetasks.RegionDetectionTask	a	public	32	inv	virtual|None|v1|Ljava/lang/Throwable;|printStackTrace||V
com.activision.game.preenginetasks.RegionDetectionTask	a	public	33	inv	virtual|None|v13|Lcom/activision/game/preenginetasks/RegionDetectionTask;|b||V
com.activision.game.preenginetasks.RegionDetectionTask	a	public	34	inv	virtual|None|v8|Ljava/net/HttpURLConnection;|disconnect||V
com.activision.game.preenginetasks.RegionDetectionTask	a	public	35	cstr	1|Region Fetch Success
com.activision.game.preenginetasks.RegionDetectionTask	a	public	36	inv	static|None|v0, v1|Landroid/util/Log;|d|Landroid/app/NotificationChannel;La3/b;|I
com.activision.game.preenginetasks.RegionDetectionTask	a	public	37	inv	virtual|None|v8|Ljava/net/URLConnection;|getInputStream||Ljava/io/InputStream;
com.activision.game.preenginetasks.RegionDetectionTask	a	public	38	new	9|Ljava/io/ByteArrayOutputStream;
com.activision.game.preenginetasks.RegionDetectionTask	a	public	39	other	invoke-direct {v9}, Ljava/io/ByteArrayOutputStream;-><init>()V
com.activision.game.preenginetasks.RegionDetectionTask	a	public	40	inv	virtual|None|v1, v3|Ljava/io/InputStream;|read|[B|I
com.activision.game.preenginetasks.RegionDetectionTask	a	public	41	inv	virtual|None|v9, v3, v5, v10|Ljava/io/ByteArrayOutputStream;|write|BBB|V
com.activision.game.preenginetasks.RegionDetectionTask	a	public	42	inv	virtual|None|v9|Ljava/io/ByteArrayOutputStream;|toString||Ljava/lang/String;
com.activision.game.preenginetasks.RegionDetectionTask	a	public	43	inv	virtual|None|v8|Ljava/net/HttpURLConnection;|disconnect||V
com.activision.game.preenginetasks.RegionDetectionTask	a	public	44	inv	virtual|None|v9|Ljava/io/ByteArrayOutputStream;|close||V
com.activision.game.preenginetasks.RegionDetectionTask	a	public	45	inv	virtual|None|v1|Ljava/io/InputStream;|close||V
com.activision.game.preenginetasks.RegionDetectionTask	a	public	46	inv	virtual|None|v13, v3|Lcom/activision/game/preenginetasks/RegionDetectionTask;|d|Ljava/lang/String;|Z
com.activision.game.preenginetasks.RegionDetectionTask	a	public	47	inv	virtual|None|v13, v4|Lcom/activision/game/preenginetasks/RegionDetectionTask;|c|Z|V
com.activision.game.preenginetasks.RegionDetectionTask	a	public	48	inv	virtual|None|v13|Lcom/activision/game/preenginetasks/RegionDetectionTask;|b||V
com.activision.game.preenginetasks.RegionDetectionTask	a	public	49	inv	virtual|None|v8|Ljava/net/HttpURLConnection;|disconnect||V
com.activision.game.preenginetasks.RegionDetectionTask	a	public	50	inv	virtual|None|v1|Ljava/io/InputStream;|close||V
com.activision.game.preenginetasks.RegionDetectionTask	a	public	51	inv	virtual|None|v13|Ljava/lang/Throwable;|printStackTrace||V
com.activision.game.preenginetasks.RegionDetectionTask	a	public	52	new	10|Ljava/lang/StringBuilder;
com.activision.game.preenginetasks.RegionDetectionTask	a	public	53	other	invoke-direct {v10}, Ljava/lang/StringBuilder;-><init>()V
com.activision.game.preenginetasks.RegionDetectionTask	a	public	54	cstr	11|Region Fetch Failed: failed to request url 
com.activision.game.preenginetasks.RegionDetectionTask	a	public	55	inv	virtual|None|v10, v11|Ljava/lang/StringBuilder;|append|Ljava/lang/String;|Ljava/lang/StringBuilder;
com.activision.game.preenginetasks.RegionDetectionTask	a	public	56	inv	virtual|None|v10, v2|Ljava/lang/StringBuilder;|append|Ljava/lang/String;|Ljava/lang/StringBuilder;
com.activision.game.preenginetasks.RegionDetectionTask	a	public	57	inv	virtual|None|v10|Ljava/lang/StringBuilder;|toString||Ljava/lang/String;
com.activision.game.preenginetasks.RegionDetectionTask	a	public	58	inv	static|None|v0, v2|Landroid/util/Log;|d|Landroid/app/NotificationChannel;La3/b;|I
com.activision.game.preenginetasks.RegionDetectionTask	a	public	59	inv	static|None|v6, v7|Ljava/lang/Thread;|sleep|B|V
com.activision.game.preenginetasks.RegionDetectionTask	a	public	60	inv	virtual|None|v13|Lcom/activision/game/preenginetasks/RegionDetectionTask;|a||V
com.activision.game.preenginetasks.RegionDetectionTask	a	public	61	inv	virtual|None|v0|Ljava/lang/Throwable;|printStackTrace||V
com.activision.game.preenginetasks.RegionDetectionTask	a	public	62	inv	virtual|None|v13|Lcom/activision/game/preenginetasks/RegionDetectionTask;|b||V
com.activision.game.preenginetasks.RegionDetectionTask	a	public	63	inv	virtual|None|v8|Ljava/lang/Throwable;|printStackTrace||V
com.activision.game.preenginetasks.RegionDetectionTask	a	public	64	inv	virtual|None|v3|Ljava/net/HttpURLConnection;|disconnect||V
com.activision.game.preenginetasks.RegionDetectionTask	a	public	65	inv	virtual|None|v1|Ljava/io/InputStream;|close||V
com.activision.game.preenginetasks.RegionDetectionTask	a	public	66	inv	virtual|None|v13|Ljava/lang/Throwable;|printStackTrace||V
com.activision.game.preenginetasks.RegionDetectionTask	a	public	67	inv	virtual|None|v9|Ljava/io/ByteArrayOutputStream;|close||V
com.activision.game.preenginetasks.RegionDetectionTask	a	public	68	inv	virtual|None|v13|Ljava/lang/Throwable;|printStackTrace||V
com.activision.game.preenginetasks.RegionDetectionTask	a	public	69	inv	virtual|None|v3|Ljava/net/HttpURLConnection;|disconnect||V
com.activision.game.preenginetasks.RegionDetectionTask	a	public	70	inv	virtual|None|v1|Ljava/io/InputStream;|close||V
com.activision.game.preenginetasks.RegionDetectionTask	a	public	71	inv	virtual|None|v0|Ljava/lang/Throwable;|printStackTrace||V
com.activision.game.preenginetasks.RegionDetectionTask	a	public	72	inv	virtual|None|v9|Ljava/io/ByteArrayOutputStream;|close||V
com.activision.game.preenginetasks.RegionDetectionTask	a	public	73	inv	virtual|None|v0|Ljava/lang/Throwable;|printStackTrace||V
com.activision.game.preenginetasks.RegionDetectionTask	b	public	0	other	.registers 5
com.activision.game.preenginetasks.RegionDetectionTask	b	public	1	other	iget-object v0, v4, v4547, Lcom/activision/game/preenginetasks/RegionDetectionTask;->a:Lf/c;
com.activision.game.preenginetasks.RegionDetectionTask	b	public	2	inv	virtual|None|v0|Lf/c;|getResources||Landroid/content/res/Resources;
com.activision.game.preenginetasks.RegionDetectionTask	b	public	3	inv	virtual|None|v1|Landroid/content/res/Resources;|getConfiguration||Landroid/content/res/Configuration;
com.activision.game.preenginetasks.RegionDetectionTask	b	public	4	inv	virtual|None|v1|Landroid/content/res/Configuration;|getLocales||Landroid/os/LocaleList;
com.activision.game.preenginetasks.RegionDetectionTask	b	public	5	inv	virtual|None|v1, v2|Landroid/os/LocaleList;|get|I|Ljava/util/Locale;
com.activision.game.preenginetasks.RegionDetectionTask	b	public	6	inv	virtual|None|v1|Ljava/util/Locale;|getCountry||Ljava/lang/String;
com.activision.game.preenginetasks.RegionDetectionTask	b	public	7	cstr	3|geoip_region
com.activision.game.preenginetasks.RegionDetectionTask	b	public	8	inv	static|None|v0, v3, v1|Lz1/a;|b|BBB|V
com.activision.game.preenginetasks.RegionDetectionTask	b	public	9	inv	static|None|v0, v1, v1, v3|Lcom/activision/game/utility/RegionDetectionAPI;|f|BBBF|V
com.activision.game.preenginetasks.RegionDetectionTask	b	public	10	inv	virtual|None|v4, v2|Lcom/activision/game/preenginetasks/RegionDetectionTask;|c|Z|V
com.activision.game.preenginetasks.RegionDetectionTask	c	public	0	other	.registers 4
com.activision.game.preenginetasks.RegionDetectionTask	c	public	1	other	iget-object v0, v2, v4549, Lcom/activision/game/preenginetasks/RegionDetectionTask;->c:Ljava/util/concurrent/Semaphore;
com.activision.game.preenginetasks.RegionDetectionTask	c	public	2	inv	virtual|None|v0|Ljava/util/concurrent/Semaphore;|availablePermits||I
com.activision.game.preenginetasks.RegionDetectionTask	c	public	3	new	0|Ljava/lang/StringBuilder;
com.activision.game.preenginetasks.RegionDetectionTask	c	public	4	cstr	1|Region Detection Passed release semaphore, task succeeded: 
com.activision.game.preenginetasks.RegionDetectionTask	c	public	5	other	invoke-direct {v0, v1}, Ljava/lang/StringBuilder;-><init>(Ljava/lang/String;)V
com.activision.game.preenginetasks.RegionDetectionTask	c	public	6	inv	virtual|None|v0, v3|Ljava/lang/StringBuilder;|append|Z|Ljava/lang/StringBuilder;
com.activision.game.preenginetasks.RegionDetectionTask	c	public	7	inv	virtual|None|v0|Ljava/lang/StringBuilder;|toString||Ljava/lang/String;
com.activision.game.preenginetasks.RegionDetectionTask	c	public	8	cstr	0|Pre-Engine
com.activision.game.preenginetasks.RegionDetectionTask	c	public	9	inv	static|None|v0, v3|Landroid/util/Log;|d|Landroid/app/NotificationChannel;La3/b;|I
com.activision.game.preenginetasks.RegionDetectionTask	c	public	10	other	iget-object v2, v2, v4549, Lcom/activision/game/preenginetasks/RegionDetectionTask;->c:Ljava/util/concurrent/Semaphore;
com.activision.game.preenginetasks.RegionDetectionTask	c	public	11	inv	virtual|None|v2|Ljava/util/concurrent/Semaphore;|release||V
com.activision.game.preenginetasks.RegionDetectionTask	d	public	0	other	.registers 6
com.activision.game.preenginetasks.RegionDetectionTask	d	public	1	cstr	0|Pre-Engine
com.activision.game.preenginetasks.RegionDetectionTask	d	public	2	cstr	1|Region Fetch Parse Success countryCode = 
com.activision.game.preenginetasks.RegionDetectionTask	d	public	3	new	2|Lorg/json/JSONObject;
com.activision.game.preenginetasks.RegionDetectionTask	d	public	4	other	invoke-direct {v2, v5}, Lorg/json/JSONObject;-><init>(Ljava/lang/String;)V
com.activision.game.preenginetasks.RegionDetectionTask	d	public	5	cstr	3|country_code
com.activision.game.preenginetasks.RegionDetectionTask	d	public	6	inv	virtual|None|v2, v3|Lorg/json/JSONObject;|getString|Ljava/lang/String;|Ljava/lang/String;
com.activision.game.preenginetasks.RegionDetectionTask	d	public	7	other	iget-object v4, v4, v4547, Lcom/activision/game/preenginetasks/RegionDetectionTask;->a:Lf/c;
com.activision.game.preenginetasks.RegionDetectionTask	d	public	8	cstr	3|geoip_region
com.activision.game.preenginetasks.RegionDetectionTask	d	public	9	inv	static|None|v4, v3, v2|Lz1/a;|b|BBB|V
com.activision.game.preenginetasks.RegionDetectionTask	d	public	10	inv	static|None|v4, v2, v2, v3|Lcom/activision/game/utility/RegionDetectionAPI;|f|BBBF|V
com.activision.game.preenginetasks.RegionDetectionTask	d	public	11	new	4|Ljava/lang/StringBuilder;
com.activision.game.preenginetasks.RegionDetectionTask	d	public	12	other	invoke-direct {v4, v1}, Ljava/lang/StringBuilder;-><init>(Ljava/lang/String;)V
com.activision.game.preenginetasks.RegionDetectionTask	d	public	13	inv	virtual|None|v4, v2|Ljava/lang/StringBuilder;|append|Ljava/lang/String;|Ljava/lang/StringBuilder;
com.activision.game.preenginetasks.RegionDetectionTask	d	public	14	inv	virtual|None|v4|Ljava/lang/StringBuilder;|toString||Ljava/lang/String;
com.activision.game.preenginetasks.RegionDetectionTask	d	public	15	inv	static|None|v0, v4|Landroid/util/Log;|d|Landroid/app/NotificationChannel;La3/b;|I
com.activision.game.preenginetasks.RegionDetectionTask	d	public	16	new	4|Ljava/lang/StringBuilder;
com.activision.game.preenginetasks.RegionDetectionTask	d	public	17	cstr	1|Region Fetch Json Parse Failed: 
com.activision.game.preenginetasks.RegionDetectionTask	d	public	18	other	invoke-direct {v4, v1}, Ljava/lang/StringBuilder;-><init>(Ljava/lang/String;)V
com.activision.game.preenginetasks.RegionDetectionTask	d	public	19	inv	virtual|None|v4, v5|Ljava/lang/StringBuilder;|append|Ljava/lang/String;|Ljava/lang/StringBuilder;
com.activision.game.preenginetasks.RegionDetectionTask	d	public	20	inv	virtual|None|v4|Ljava/lang/StringBuilder;|toString||Ljava/lang/String;
com.activision.game.preenginetasks.RegionDetectionTask	d	public	21	inv	static|None|v0, v4|Landroid/util/Log;|d|Landroid/app/NotificationChannel;La3/b;|I
com.activision.game.utility.RegionDetectionAPI	a	public,static	0	other	.registers 8
com.activision.game.utility.RegionDetectionAPI	a	public,static	1	cstr	0|login_region
com.activision.game.utility.RegionDetectionAPI	a	public,static	2	cstr	1|
com.activision.game.utility.RegionDetectionAPI	a	public,static	3	inv	static|None|v7, v0, v1|Lz1/a;|a|BBB|Ljava/lang/Object;
com.activision.game.utility.RegionDetectionAPI	a	public,static	4	ccast	0|Ljava/lang/String;
com.activision.game.utility.RegionDetectionAPI	a	public,static	5	inv	static|None|v1, v2|Ljava/lang/Long;|valueOf|B|Ljava/lang/Long;
com.activision.game.utility.RegionDetectionAPI	a	public,static	6	cstr	4|login_region_date
com.activision.game.utility.RegionDetectionAPI	a	public,static	7	inv	static|None|v7, v4, v3|Lz1/a;|a|BBB|Ljava/lang/Object;
com.activision.game.utility.RegionDetectionAPI	a	public,static	8	ccast	3|Ljava/lang/Long;
com.activision.game.utility.RegionDetectionAPI	a	public,static	9	inv	virtual|None|v0|Ljava/lang/String;|isEmpty||Z
com.activision.game.utility.RegionDetectionAPI	a	public,static	10	inv	virtual|None|v3|Ljava/lang/Long;|longValue||J
com.activision.game.utility.RegionDetectionAPI	a	public,static	11	inv	static|None||Ljava/lang/System;|currentTimeMillis||J
com.activision.game.utility.RegionDetectionAPI	a	public,static	12	inv	static|None|v1, v2|Ljava/lang/Long;|valueOf|B|Ljava/lang/Long;
com.activision.game.utility.RegionDetectionAPI	a	public,static	13	inv	virtual|None|v1|Ljava/lang/Long;|longValue||J
com.activision.game.utility.RegionDetectionAPI	a	public,static	14	inv	virtual|None|v3|Ljava/lang/Long;|longValue||J
com.activision.game.utility.RegionDetectionAPI	a	public,static	15	inv	static|None|v0|Lcom/activision/game/utility/RegionDetectionAPI;|nativeGet2LetterCountryCode|Ljava/lang/String;|Ljava/lang/String;
com.activision.game.utility.RegionDetectionAPI	a	public,static	16	inv	virtual|None|v1|Ljava/lang/String;|length||I
com.activision.game.utility.RegionDetectionAPI	a	public,static	17	inv	static|None|v7, v1, v0, v2|Lcom/activision/game/utility/RegionDetectionAPI;|f|BBBF|V
com.activision.game.utility.RegionDetectionAPI	b	public,static	0	other	.registers 3
com.activision.game.utility.RegionDetectionAPI	b	public,static	1	cstr	0|
com.activision.game.utility.RegionDetectionAPI	b	public,static	2	cstr	1|last_decision
com.activision.game.utility.RegionDetectionAPI	b	public,static	3	inv	static|None|v2, v1, v0|Lz1/a;|a|BBB|Ljava/lang/Object;
com.activision.game.utility.RegionDetectionAPI	b	public,static	4	ccast	0|Ljava/lang/String;
com.activision.game.utility.RegionDetectionAPI	b	public,static	5	inv	virtual|None|v0|Ljava/lang/String;|isEmpty||Z
com.activision.game.utility.RegionDetectionAPI	b	public,static	6	inv	virtual|None|v2|Landroid/content/Context;|getResources||Landroid/content/res/Resources;
com.activision.game.utility.RegionDetectionAPI	b	public,static	7	inv	virtual|None|v2|Landroid/content/res/Resources;|getConfiguration||Landroid/content/res/Configuration;
com.activision.game.utility.RegionDetectionAPI	b	public,static	8	inv	virtual|None|v2|Landroid/content/res/Configuration;|getLocales||Landroid/os/LocaleList;
com.activision.game.utility.RegionDetectionAPI	b	public,static	9	inv	virtual|None|v2, v0|Landroid/os/LocaleList;|get|I|Ljava/util/Locale;
com.activision.game.utility.RegionDetectionAPI	b	public,static	10	inv	virtual|None|v2|Ljava/util/Locale;|getCountry||Ljava/lang/String;
com.activision.game.utility.RegionDetectionAPI	c	public,static	0	other	.registers 3
com.activision.game.utility.RegionDetectionAPI	c	public,static	1	cstr	0|currency_region
com.activision.game.utility.RegionDetectionAPI	c	public,static	2	inv	static|None|v1, v0, v2|Lz1/a;|b|BBB|V
com.activision.game.utility.RegionDetectionAPI	c	public,static	3	inv	static|None|v2|Lcom/activision/game/utility/RegionDetectionAPI;|nativeCurrencyToRegion|Ljava/lang/String;|Ljava/lang/String;
com.activision.game.utility.RegionDetectionAPI	d	public,static	0	other	.registers 11
com.activision.game.utility.RegionDetectionAPI	d	public,static	1	inv	static|None|v10|Lcom/activision/game/utility/RegionDetectionAPI;|nativeGet2LetterCountryCode|Ljava/lang/String;|Ljava/lang/String;
com.activision.game.utility.RegionDetectionAPI	d	public,static	2	inv	static|None|v9|Lcom/activision/game/utility/RegionDetectionAPI;|b|Landroid/content/Context;|Ljava/lang/String;
com.activision.game.utility.RegionDetectionAPI	d	public,static	3	inv	virtual|None|v1, v0|Ljava/lang/String;|equals|Ljava/lang/Object;|Z
com.activision.game.utility.RegionDetectionAPI	d	public,static	4	cstr	0|login_region
com.activision.game.utility.RegionDetectionAPI	d	public,static	5	cstr	1|
com.activision.game.utility.RegionDetectionAPI	d	public,static	6	inv	static|None|v9, v0, v1|Lz1/a;|a|BBB|Ljava/lang/Object;
com.activision.game.utility.RegionDetectionAPI	d	public,static	7	ccast	1|Ljava/lang/String;
com.activision.game.utility.RegionDetectionAPI	d	public,static	8	inv	static|None|v2, v3|Ljava/lang/Long;|valueOf|B|Ljava/lang/Long;
com.activision.game.utility.RegionDetectionAPI	d	public,static	9	cstr	5|login_region_date
com.activision.game.utility.RegionDetectionAPI	d	public,static	10	inv	static|None|v9, v5, v4|Lz1/a;|a|BBB|Ljava/lang/Object;
com.activision.game.utility.RegionDetectionAPI	d	public,static	11	ccast	4|Ljava/lang/Long;
com.activision.game.utility.RegionDetectionAPI	d	public,static	12	inv	static|None||Ljava/lang/System;|currentTimeMillis||J
com.activision.game.utility.RegionDetectionAPI	d	public,static	13	inv	static|None|v6, v7|Ljava/lang/Long;|valueOf|B|Ljava/lang/Long;
com.activision.game.utility.RegionDetectionAPI	d	public,static	14	inv	virtual|None|v1|Ljava/lang/String;|isEmpty||Z
com.activision.game.utility.RegionDetectionAPI	d	public,static	15	inv	virtual|None|v4|Ljava/lang/Long;|longValue||J
com.activision.game.utility.RegionDetectionAPI	d	public,static	16	inv	virtual|None|v1, v10|Ljava/lang/String;|equals|Ljava/lang/Object;|Z
com.activision.game.utility.RegionDetectionAPI	d	public,static	17	inv	static|None|v9, v0, v10|Lz1/a;|b|BBB|V
com.activision.game.utility.RegionDetectionAPI	d	public,static	18	inv	static|None|v9, v5, v6|Lz1/a;|b|BBB|V
com.activision.game.utility.RegionDetectionAPI	e	public,static	0	other	.registers 5
com.activision.game.utility.RegionDetectionAPI	e	public,static	1	cstr	0|payment_region
com.activision.game.utility.RegionDetectionAPI	e	public,static	2	inv	static|None|v3, v0, v4|Lz1/a;|b|BBB|V
com.activision.game.utility.RegionDetectionAPI	e	public,static	3	inv	static|None|v4|Lcom/activision/game/utility/RegionDetectionAPI;|nativeGet2LetterCountryCode|Ljava/lang/String;|Ljava/lang/String;
com.activision.game.utility.RegionDetectionAPI	e	public,static	4	inv	virtual|None|v0|Ljava/lang/String;|length||I
com.activision.game.utility.RegionDetectionAPI	e	public,static	5	inv	static|None|v3, v0, v4, v1|Lcom/activision/game/utility/RegionDetectionAPI;|f|BBBF|V
com.activision.game.utility.RegionDetectionAPI	f	public,static	0	other	.registers 11
com.activision.game.utility.RegionDetectionAPI	f	public,static	1	cstr	0|last_decision
com.activision.game.utility.RegionDetectionAPI	f	public,static	2	inv	static|None|v7, v0, v8|Lz1/a;|b|BBB|V
com.activision.game.utility.RegionDetectionAPI	f	public,static	3	cstr	0|login_region
com.activision.game.utility.RegionDetectionAPI	f	public,static	4	cstr	1|
com.activision.game.utility.RegionDetectionAPI	f	public,static	5	inv	static|None|v7, v0, v1|Lz1/a;|a|BBB|Ljava/lang/Object;
com.activision.game.utility.RegionDetectionAPI	f	public,static	6	ccast	0|Ljava/lang/String;
com.activision.game.utility.RegionDetectionAPI	f	public,static	7	inv	static|None|v1, v2|Ljava/lang/Long;|valueOf|B|Ljava/lang/Long;
com.activision.game.utility.RegionDetectionAPI	f	public,static	8	cstr	4|login_region_date
com.activision.game.utility.RegionDetectionAPI	f	public,static	9	inv	static|None|v7, v4, v3|Lz1/a;|a|BBB|Ljava/lang/Object;
com.activision.game.utility.RegionDetectionAPI	f	public,static	10	ccast	5|Ljava/lang/Long;
com.activision.game.utility.RegionDetectionAPI	f	public,static	11	inv	virtual|None|v0|Ljava/lang/String;|isEmpty||Z
com.activision.game.utility.RegionDetectionAPI	f	public,static	12	inv	virtual|None|v5|Ljava/lang/Long;|longValue||J
com.activision.game.utility.RegionDetectionAPI	f	public,static	13	inv	static|None|v7, v4, v3|Lz1/a;|b|BBB|V
com.activision.game.utility.RegionDetectionAPI	f	public,static	14	inv	static|None|v8, v9, v10|Lcom/activision/game/utility/RegionDetectionAPI;|nativeDlogRecordRegionChange|BBB|V
com.braze.ui.BrazeWebViewActivity$createWebChromeClient$1$onConsoleMessage$1	<init>		0	other	.registers 2
com.braze.ui.BrazeWebViewActivity$createWebChromeClient$1$onConsoleMessage$1	<init>		1	other	iput-object v1, v0, v9201, Lcom/braze/ui/BrazeWebViewActivity$createWebChromeClient$1$onConsoleMessage$1;->$cm:Landroid/webkit/ConsoleMessage;
com.braze.ui.BrazeWebViewActivity$createWebChromeClient$1$onConsoleMessage$1	<init>		2	other	invoke-direct {v0, v1}, Lkotlin/jvm/internal/i;-><init>(I)V
com.braze.ui.BrazeWebViewActivity$createWebChromeClient$1$onConsoleMessage$1	invoke	final,public	0	other	.registers 1
com.braze.ui.BrazeWebViewActivity$createWebChromeClient$1$onConsoleMessage$1	invoke	final,public	1	inv	virtual|None|v0|Lcom/braze/ui/BrazeWebViewActivity$createWebChromeClient$1$onConsoleMessage$1;|invoke||Ljava/lang/String;
com.braze.ui.BrazeWebViewActivity$createWebChromeClient$1$onConsoleMessage$1	invoke	public	0	other	.registers 3
com.braze.ui.BrazeWebViewActivity$createWebChromeClient$1$onConsoleMessage$1	invoke	public	1	new	0|Ljava/lang/StringBuilder;
com.braze.ui.BrazeWebViewActivity$createWebChromeClient$1$onConsoleMessage$1	invoke	public	2	cstr	1|Braze WebView Activity log. Line: 
com.braze.ui.BrazeWebViewActivity$createWebChromeClient$1$onConsoleMessage$1	invoke	public	3	other	invoke-direct {v0, v1}, Ljava/lang/StringBuilder;-><init>(Ljava/lang/String;)V
com.braze.ui.BrazeWebViewActivity$createWebChromeClient$1$onConsoleMessage$1	invoke	public	4	other	iget-object v1, v2, v9201, Lcom/braze/ui/BrazeWebViewActivity$createWebChromeClient$1$onConsoleMessage$1;->$cm:Landroid/webkit/ConsoleMessage;
com.braze.ui.BrazeWebViewActivity$createWebChromeClient$1$onConsoleMessage$1	invoke	public	5	inv	virtual|None|v1|Landroid/webkit/ConsoleMessage;|lineNumber||I
com.braze.ui.BrazeWebViewActivity$createWebChromeClient$1$onConsoleMessage$1	invoke	public	6	inv	virtual|None|v0, v1|Ljava/lang/StringBuilder;|append|I|Ljava/lang/StringBuilder;
com.braze.ui.BrazeWebViewActivity$createWebChromeClient$1$onConsoleMessage$1	invoke	public	7	cstr	1|. SourceId: 
com.braze.ui.BrazeWebViewActivity$createWebChromeClient$1$onConsoleMessage$1	invoke	public	8	inv	virtual|None|v0, v1|Ljava/lang/StringBuilder;|append|Ljava/lang/String;|Ljava/lang/StringBuilder;
com.braze.ui.BrazeWebViewActivity$createWebChromeClient$1$onConsoleMessage$1	invoke	public	9	other	iget-object v1, v2, v9201, Lcom/braze/ui/BrazeWebViewActivity$createWebChromeClient$1$onConsoleMessage$1;->$cm:Landroid/webkit/ConsoleMessage;
com.braze.ui.BrazeWebViewActivity$createWebChromeClient$1$onConsoleMessage$1	invoke	public	10	inv	virtual|None|v1|Landroid/webkit/ConsoleMessage;|sourceId||Ljava/lang/String;
com.braze.ui.BrazeWebViewActivity$createWebChromeClient$1$onConsoleMessage$1	invoke	public	11	inv	virtual|None|v0, v1|Ljava/lang/StringBuilder;|append|Ljava/lang/String;|Ljava/lang/StringBuilder;
com.braze.ui.BrazeWebViewActivity$createWebChromeClient$1$onConsoleMessage$1	invoke	public	12	cstr	1|. Log Level: 
com.braze.ui.BrazeWebViewActivity$createWebChromeClient$1$onConsoleMessage$1	invoke	public	13	inv	virtual|None|v0, v1|Ljava/lang/StringBuilder;|append|Ljava/lang/String;|Ljava/lang/StringBuilder;
com.braze.ui.BrazeWebViewActivity$createWebChromeClient$1$onConsoleMessage$1	invoke	public	14	other	iget-object v1, v2, v9201, Lcom/braze/ui/BrazeWebViewActivity$createWebChromeClient$1$onConsoleMessage$1;->$cm:Landroid/webkit/ConsoleMessage;
com.braze.ui.BrazeWebViewActivity$createWebChromeClient$1$onConsoleMessage$1	invoke	public	15	inv	virtual|None|v1|Landroid/webkit/ConsoleMessage;|messageLevel||Landroid/webkit/ConsoleMessage$MessageLevel;
com.braze.ui.BrazeWebViewActivity$createWebChromeClient$1$onConsoleMessage$1	invoke	public	16	inv	virtual|None|v0, v1|Ljava/lang/StringBuilder;|append|Ljava/lang/Object;|Ljava/lang/StringBuilder;
com.braze.ui.BrazeWebViewActivity$createWebChromeClient$1$onConsoleMessage$1	invoke	public	17	cstr	1|. Message: 
com.braze.ui.BrazeWebViewActivity$createWebChromeClient$1$onConsoleMessage$1	invoke	public	18	inv	virtual|None|v0, v1|Ljava/lang/StringBuilder;|append|Ljava/lang/String;|Ljava/lang/StringBuilder;
com.braze.ui.BrazeWebViewActivity$createWebChromeClient$1$onConsoleMessage$1	invoke	public	19	other	iget-object v2, v2, v9201, Lcom/braze/ui/BrazeWebViewActivity$createWebChromeClient$1$onConsoleMessage$1;->$cm:Landroid/webkit/ConsoleMessage;
com.braze.ui.BrazeWebViewActivity$createWebChromeClient$1$onConsoleMessage$1	invoke	public	20	inv	virtual|None|v2|Landroid/webkit/ConsoleMessage;|message||Ljava/lang/String;
com.braze.ui.BrazeWebViewActivity$createWebChromeClient$1$onConsoleMessage$1	invoke	public	21	inv	virtual|None|v0, v2|Ljava/lang/StringBuilder;|append|Ljava/lang/String;|Ljava/lang/StringBuilder;
com.braze.ui.BrazeWebViewActivity$createWebChromeClient$1$onConsoleMessage$1	invoke	public	22	inv	virtual|None|v0|Ljava/lang/StringBuilder;|toString||Ljava/lang/String;
com.braze.ui.BrazeWebViewActivity$createWebChromeClient$1	<init>		0	other	.registers 1
com.braze.ui.BrazeWebViewActivity$createWebChromeClient$1	<init>		1	other	invoke-direct {v0}, Landroid/webkit/WebChromeClient;-><init>()V
com.braze.ui.BrazeWebViewActivity$createWebChromeClient$1	getDefaultVideoPoster	public	0	other	.registers 2
com.braze.ui.BrazeWebViewActivity$createWebChromeClient$1	getDefaultVideoPoster	public	1	sget	0|Landroid/graphics/Bitmap$Config;|ARGB_8888|Landroid/graphics/Bitmap$Config;
com.braze.ui.BrazeWebViewActivity$createWebChromeClient$1	getDefaultVideoPoster	public	2	inv	static|None|v1, v1, v0|Landroid/graphics/Bitmap;|createBitmap|BBB|Landroid/graphics/Bitmap;
com.braze.ui.BrazeWebViewActivity$createWebChromeClient$1	getDefaultVideoPoster	public	3	cstr	0|createBitmap(1, 1, Bitmap.Config.ARGB_8888)
com.braze.ui.BrazeWebViewActivity$createWebChromeClient$1	getDefaultVideoPoster	public	4	inv	static|None|v1, v0|Lkotlin/jvm/internal/Intrinsics;|checkNotNullExpressionValue|Landroid/app/KeyguardManager;La3/b;|V
com.braze.ui.BrazeWebViewActivity$createWebChromeClient$1	onConsoleMessage	public	0	other	.registers 10
com.braze.ui.BrazeWebViewActivity$createWebChromeClient$1	onConsoleMessage	public	1	cstr	0|cm
com.braze.ui.BrazeWebViewActivity$createWebChromeClient$1	onConsoleMessage	public	2	inv	static|None|v9, v0|Lkotlin/jvm/internal/Intrinsics;|checkNotNullParameter|Landroid/app/KeyguardManager;La3/b;|V
com.braze.ui.BrazeWebViewActivity$createWebChromeClient$1	onConsoleMessage	public	3	sget	1|Lcom/braze/support/BrazeLogger;|INSTANCE|Lcom/braze/support/BrazeLogger;
com.braze.ui.BrazeWebViewActivity$createWebChromeClient$1	onConsoleMessage	public	4	new	5|Lcom/braze/ui/BrazeWebViewActivity$createWebChromeClient$1$onConsoleMessage$1;
com.braze.ui.BrazeWebViewActivity$createWebChromeClient$1	onConsoleMessage	public	5	other	invoke-direct {v5, v9}, Lcom/braze/ui/BrazeWebViewActivity$createWebChromeClient$1$onConsoleMessage$1;-><init>(Landroid/webkit/ConsoleMessage;)V
com.braze.ui.BrazeWebViewActivity$createWebChromeClient$1	onConsoleMessage	public	6	inv	static|/range|v1, v2, v3, v4, v5, v6, v7|Lcom/braze/support/BrazeLogger;|brazelog$default|BBBLa/a;La0/e;Landroid/app/KeyguardManager;La3/b;|V
com.braze.ui.BrazeWebViewActivity$createWebViewClient$1$handleUrlOverride$1	<init>		0	other	.registers 2
com.braze.ui.BrazeWebViewActivity$createWebViewClient$1$handleUrlOverride$1	<init>		1	other	iput-object v1, v0, v9202, Lcom/braze/ui/BrazeWebViewActivity$createWebViewClient$1$handleUrlOverride$1;->$url:Ljava/lang/String;
com.braze.ui.BrazeWebViewActivity$createWebViewClient$1$handleUrlOverride$1	<init>		2	other	invoke-direct {v0, v1}, Lkotlin/jvm/internal/i;-><init>(I)V
com.braze.ui.BrazeWebViewActivity$createWebViewClient$1$handleUrlOverride$1	invoke	final,public	0	other	.registers 1
com.braze.ui.BrazeWebViewActivity$createWebViewClient$1$handleUrlOverride$1	invoke	final,public	1	inv	virtual|None|v0|Lcom/braze/ui/BrazeWebViewActivity$createWebViewClient$1$handleUrlOverride$1;|invoke||Ljava/lang/String;
com.braze.ui.BrazeWebViewActivity$createWebViewClient$1$handleUrlOverride$1	invoke	public	0	other	.registers 3
com.braze.ui.BrazeWebViewActivity$createWebViewClient$1$handleUrlOverride$1	invoke	public	1	new	0|Ljava/lang/StringBuilder;
com.braze.ui.BrazeWebViewActivity$createWebViewClient$1$handleUrlOverride$1	invoke	public	2	cstr	1|Unexpected exception while processing url 
com.braze.ui.BrazeWebViewActivity$createWebViewClient$1$handleUrlOverride$1	invoke	public	3	other	invoke-direct {v0, v1}, Ljava/lang/StringBuilder;-><init>(Ljava/lang/String;)V
com.braze.ui.BrazeWebViewActivity$createWebViewClient$1$handleUrlOverride$1	invoke	public	4	other	iget-object v2, v2, v9202, Lcom/braze/ui/BrazeWebViewActivity$createWebViewClient$1$handleUrlOverride$1;->$url:Ljava/lang/String;
com.braze.ui.BrazeWebViewActivity$createWebViewClient$1$handleUrlOverride$1	invoke	public	5	cstr	1|. Passing url back to WebView.
com.braze.ui.BrazeWebViewActivity$createWebViewClient$1$handleUrlOverride$1	invoke	public	6	inv	static|None|v0, v2, v1|Landroidx/fragment/app/o;|h|Landroid/app/NotificationManager;La3/b;Landroid/app/NotificationChannel;|Ljava/lang/String;
com.braze.ui.BrazeWebViewActivity$createWebViewClient$1$onRenderProcessGone$1	<clinit>		0	other	.registers 1
com.braze.ui.BrazeWebViewActivity$createWebViewClient$1$onRenderProcessGone$1	<clinit>		1	new	0|Lcom/braze/ui/BrazeWebViewActivity$createWebViewClient$1$onRenderProcessGone$1;
com.braze.ui.BrazeWebViewActivity$createWebViewClient$1$onRenderProcessGone$1	<clinit>		2	other	invoke-direct {v0}, Lcom/braze/ui/BrazeWebViewActivity$createWebViewClient$1$onRenderProcessGone$1;-><init>()V
com.braze.ui.BrazeWebViewActivity$createWebViewClient$1$onRenderProcessGone$1	<clinit>		3	other	sput-object v0, Lcom/braze/ui/BrazeWebViewActivity$createWebViewClient$1$onRenderProcessGone$1;->INSTANCE:Lcom/braze/ui/BrazeWebViewActivity$createWebViewClient$1$onRenderProcessGone$1;
com.braze.ui.BrazeWebViewActivity$createWebViewClient$1$onRenderProcessGone$1	<init>		0	other	.registers 2
com.braze.ui.BrazeWebViewActivity$createWebViewClient$1$onRenderProcessGone$1	<init>		1	other	invoke-direct {v1, v0}, Lkotlin/jvm/internal/i;-><init>(I)V
com.braze.ui.BrazeWebViewActivity$createWebViewClient$1$onRenderProcessGone$1	invoke	final,public	0	other	.registers 1
com.braze.ui.BrazeWebViewActivity$createWebViewClient$1$onRenderProcessGone$1	invoke	final,public	1	inv	virtual|None|v0|Lcom/braze/ui/BrazeWebViewActivity$createWebViewClient$1$onRenderProcessGone$1;|invoke||Ljava/lang/String;
com.braze.ui.BrazeWebViewActivity$createWebViewClient$1$onRenderProcessGone$1	invoke	public	0	other	.registers 1
com.braze.ui.BrazeWebViewActivity$createWebViewClient$1$onRenderProcessGone$1	invoke	public	1	cstr	0|The webview rendering process crashed, returning true
com.braze.ui.BrazeWebViewActivity$createWebViewClient$1	<init>		0	other	.registers 2
com.braze.ui.BrazeWebViewActivity$createWebViewClient$1	<init>		1	other	iput-object v1, v0, v9204, Lcom/braze/ui/BrazeWebViewActivity$createWebViewClient$1;->this$0:Lcom/braze/ui/BrazeWebViewActivity;
com.braze.ui.BrazeWebViewActivity$createWebViewClient$1	<init>		2	other	invoke-direct {v0}, Landroid/webkit/WebViewClient;-><init>()V
com.braze.ui.BrazeWebViewActivity$createWebViewClient$1	handleUrlOverride	private	0	other	.registers 8
com.braze.ui.BrazeWebViewActivity$createWebViewClient$1	handleUrlOverride	private	1	sget	1|Lcom/braze/support/BrazeFileUtils;|REMOTE_SCHEMES|Ljava/util/List;
com.braze.ui.BrazeWebViewActivity$createWebViewClient$1	handleUrlOverride	private	2	ccast	1|Ljava/lang/Iterable;
com.braze.ui.BrazeWebViewActivity$createWebViewClient$1	handleUrlOverride	private	3	inv	static|None|v7|Landroid/net/Uri;|parse|Ljava/lang/String;|Landroid/net/Uri;
com.braze.ui.BrazeWebViewActivity$createWebViewClient$1	handleUrlOverride	private	4	inv	virtual|None|v2|Landroid/net/Uri;|getScheme||Ljava/lang/String;
com.braze.ui.BrazeWebViewActivity$createWebViewClient$1	handleUrlOverride	private	5	inv	static|None|v1, v2|Lm6/u;|j|Landroid/app/AlertDialog$Builder;La3/b;|Z
com.braze.ui.BrazeWebViewActivity$createWebViewClient$1	handleUrlOverride	private	6	sget	1|Lcom/braze/ui/BrazeDeeplinkHandler;|Companion|Lcom/braze/ui/BrazeDeeplinkHandler$Companion;
com.braze.ui.BrazeWebViewActivity$createWebViewClient$1	handleUrlOverride	private	7	inv	virtual|None|v1|Lcom/braze/ui/BrazeDeeplinkHandler$Companion;|getInstance||Lcom/braze/IBrazeDeeplinkHandler;
com.braze.ui.BrazeWebViewActivity$createWebViewClient$1	handleUrlOverride	private	8	other	iget-object v2, v5, v9204, Lcom/braze/ui/BrazeWebViewActivity$createWebViewClient$1;->this$0:Lcom/braze/ui/BrazeWebViewActivity;
com.braze.ui.BrazeWebViewActivity$createWebViewClient$1	handleUrlOverride	private	9	inv	virtual|None|v2|Landroid/app/Activity;|getIntent||Landroid/content/Intent;
com.braze.ui.BrazeWebViewActivity$createWebViewClient$1	handleUrlOverride	private	10	inv	virtual|None|v2|Landroid/content/Intent;|getExtras||Landroid/os/Bundle;
com.braze.ui.BrazeWebViewActivity$createWebViewClient$1	handleUrlOverride	private	11	sget	3|Lcom/braze/enums/Channel;|UNKNOWN|Lcom/braze/enums/Channel;
com.braze.ui.BrazeWebViewActivity$createWebViewClient$1	handleUrlOverride	private	12	inv	interface|None|v1, v7, v2, v4, v3|Lcom/braze/IBrazeDeeplinkHandler;|createUriActionFromUrlString|BBBLandroid/app/NotificationChannel;|Lcom/braze/ui/actions/UriAction;
com.braze.ui.BrazeWebViewActivity$createWebViewClient$1	handleUrlOverride	private	13	inv	interface|None|v1, v6|Lcom/braze/ui/actions/IAction;|execute|Landroid/content/Context;|V
com.braze.ui.BrazeWebViewActivity$createWebViewClient$1	handleUrlOverride	private	14	other	iget-object v6, v5, v9204, Lcom/braze/ui/BrazeWebViewActivity$createWebViewClient$1;->this$0:Lcom/braze/ui/BrazeWebViewActivity;
com.braze.ui.BrazeWebViewActivity$createWebViewClient$1	handleUrlOverride	private	15	inv	virtual|None|v6|Landroid/app/Activity;|finish||V
com.braze.ui.BrazeWebViewActivity$createWebViewClient$1	handleUrlOverride	private	16	sget	5|Ljava/lang/Boolean;|TRUE|Ljava/lang/Boolean;
com.braze.ui.BrazeWebViewActivity$createWebViewClient$1	handleUrlOverride	private	17	sget	5|Ljava/lang/Boolean;|FALSE|Ljava/lang/Boolean;
com.braze.ui.BrazeWebViewActivity$createWebViewClient$1	handleUrlOverride	private	18	sget	1|Lcom/braze/support/BrazeLogger;|INSTANCE|Lcom/braze/support/BrazeLogger;
com.braze.ui.BrazeWebViewActivity$createWebViewClient$1	handleUrlOverride	private	19	sget	2|Lcom/braze/support/BrazeLogger$Priority;|E|Lcom/braze/support/BrazeLogger$Priority;
com.braze.ui.BrazeWebViewActivity$createWebViewClient$1	handleUrlOverride	private	20	new	3|Lcom/braze/ui/BrazeWebViewActivity$createWebViewClient$1$handleUrlOverride$1;
com.braze.ui.BrazeWebViewActivity$createWebViewClient$1	handleUrlOverride	private	21	other	invoke-direct {v3, v7}, Lcom/braze/ui/BrazeWebViewActivity$createWebViewClient$1$handleUrlOverride$1;-><init>(Ljava/lang/String;)V
com.braze.ui.BrazeWebViewActivity$createWebViewClient$1	handleUrlOverride	private	22	inv	virtual|None|v1, v5, v2, v6, v3|Lcom/braze/support/BrazeLogger;|brazelog|Landroid/app/KeyguardManager;La3/b;Lbo/app/l$c;Landroid/app/RemoteInput;|V
com.braze.ui.BrazeWebViewActivity$createWebViewClient$1	onRenderProcessGone	public	0	other	.registers 10
com.braze.ui.BrazeWebViewActivity$createWebViewClient$1	onRenderProcessGone	public	1	cstr	0|view
com.braze.ui.BrazeWebViewActivity$createWebViewClient$1	onRenderProcessGone	public	2	inv	static|None|v8, v0|Lkotlin/jvm/internal/Intrinsics;|checkNotNullParameter|Landroid/app/KeyguardManager;La3/b;|V
com.braze.ui.BrazeWebViewActivity$createWebViewClient$1	onRenderProcessGone	public	3	cstr	8|detail
com.braze.ui.BrazeWebViewActivity$createWebViewClient$1	onRenderProcessGone	public	4	inv	static|None|v9, v8|Lkotlin/jvm/internal/Intrinsics;|checkNotNullParameter|Landroid/app/KeyguardManager;La3/b;|V
com.braze.ui.BrazeWebViewActivity$createWebViewClient$1	onRenderProcessGone	public	5	sget	0|Lcom/braze/support/BrazeLogger;|INSTANCE|Lcom/braze/support/BrazeLogger;
com.braze.ui.BrazeWebViewActivity$createWebViewClient$1	onRenderProcessGone	public	6	sget	2|Lcom/braze/support/BrazeLogger$Priority;|I|Lcom/braze/support/BrazeLogger$Priority;
com.braze.ui.BrazeWebViewActivity$createWebViewClient$1	onRenderProcessGone	public	7	sget	4|Lcom/braze/ui/BrazeWebViewActivity$createWebViewClient$1$onRenderProcessGone$1;|INSTANCE|Lcom/braze/ui/BrazeWebViewActivity$createWebViewClient$1$onRenderProcessGone$1;
com.braze.ui.BrazeWebViewActivity$createWebViewClient$1	onRenderProcessGone	public	8	inv	static|/range|v0, v1, v2, v3, v4, v5, v6|Lcom/braze/support/BrazeLogger;|brazelog$default|BBBLa/a;La0/e;Landroid/app/KeyguardManager;La3/b;|V
com.braze.ui.BrazeWebViewActivity$createWebViewClient$1	shouldOverrideUrlLoading	public	0	other	.registers 6
com.braze.ui.BrazeWebViewActivity$createWebViewClient$1	shouldOverrideUrlLoading	public	1	cstr	0|view
com.braze.ui.BrazeWebViewActivity$createWebViewClient$1	shouldOverrideUrlLoading	public	2	inv	static|None|v4, v0|Lkotlin/jvm/internal/Intrinsics;|checkNotNullParameter|Landroid/app/KeyguardManager;La3/b;|V
com.braze.ui.BrazeWebViewActivity$createWebViewClient$1	shouldOverrideUrlLoading	public	3	cstr	0|request
com.braze.ui.BrazeWebViewActivity$createWebViewClient$1	shouldOverrideUrlLoading	public	4	inv	static|None|v5, v0|Lkotlin/jvm/internal/Intrinsics;|checkNotNullParameter|Landroid/app/KeyguardManager;La3/b;|V
com.braze.ui.BrazeWebViewActivity$createWebViewClient$1	shouldOverrideUrlLoading	public	5	inv	virtual|None|v4|Landroid/view/View;|getContext||Landroid/content/Context;
com.braze.ui.BrazeWebViewActivity$createWebViewClient$1	shouldOverrideUrlLoading	public	6	cstr	1|view.context
com.braze.ui.BrazeWebViewActivity$createWebViewClient$1	shouldOverrideUrlLoading	public	7	inv	static|None|v0, v1|Lkotlin/jvm/internal/Intrinsics;|checkNotNullExpressionValue|Landroid/app/KeyguardManager;La3/b;|V
com.braze.ui.BrazeWebViewActivity$createWebViewClient$1	shouldOverrideUrlLoading	public	8	inv	interface|None|v5|Landroid/webkit/WebResourceRequest;|getUrl||Landroid/net/Uri;
com.braze.ui.BrazeWebViewActivity$createWebViewClient$1	shouldOverrideUrlLoading	public	9	inv	virtual|None|v1|Landroid/net/Uri;|toString||Ljava/lang/String;
com.braze.ui.BrazeWebViewActivity$createWebViewClient$1	shouldOverrideUrlLoading	public	10	cstr	2|request.url.toString()
com.braze.ui.BrazeWebViewActivity$createWebViewClient$1	shouldOverrideUrlLoading	public	11	inv	static|None|v1, v2|Lkotlin/jvm/internal/Intrinsics;|checkNotNullExpressionValue|Landroid/app/KeyguardManager;La3/b;|V
com.braze.ui.BrazeWebViewActivity$createWebViewClient$1	shouldOverrideUrlLoading	public	12	inv	direct|None|v3, v0, v1|Lcom/braze/ui/BrazeWebViewActivity$createWebViewClient$1;|handleUrlOverride|BB|Ljava/lang/Boolean;
com.braze.ui.BrazeWebViewActivity$createWebViewClient$1	shouldOverrideUrlLoading	public	13	inv	virtual|None|v0|Ljava/lang/Boolean;|booleanValue||Z
com.braze.ui.BrazeWebViewActivity$createWebViewClient$1	shouldOverrideUrlLoading	public	14	inv	super|None|v3, v4, v5|Landroid/webkit/WebViewClient;|shouldOverrideUrlLoading|La2/a;D|Z
com.braze.ui.BrazeWebViewActivity	<init>		0	other	.registers 1
com.braze.ui.BrazeWebViewActivity	<init>		1	other	invoke-direct {v0}, Landroidx/fragment/app/r;-><init>()V
com.braze.ui.BrazeWebViewActivity	createWebChromeClient	public	0	other	.registers 1
com.braze.ui.BrazeWebViewActivity	createWebChromeClient	public	1	new	0|Lcom/braze/ui/BrazeWebViewActivity$createWebChromeClient$1;
com.braze.ui.BrazeWebViewActivity	createWebChromeClient	public	2	other	invoke-direct {v0}, Lcom/braze/ui/BrazeWebViewActivity$createWebChromeClient$1;-><init>()V
com.braze.ui.BrazeWebViewActivity	createWebViewClient	public	0	other	.registers 2
com.braze.ui.BrazeWebViewActivity	createWebViewClient	public	1	new	0|Lcom/braze/ui/BrazeWebViewActivity$createWebViewClient$1;
com.braze.ui.BrazeWebViewActivity	createWebViewClient	public	2	other	invoke-direct {v0, v1}, Lcom/braze/ui/BrazeWebViewActivity$createWebViewClient$1;-><init>(Lcom/braze/ui/BrazeWebViewActivity;)V
com.braze.ui.BrazeWebViewActivity	onCreate	public	0	other	.registers 7
com.braze.ui.BrazeWebViewActivity	onCreate	public	1	inv	super|None|v5, v6|Landroidx/fragment/app/r;|onCreate|Landroid/os/Bundle;|V
com.braze.ui.BrazeWebViewActivity	onCreate	public	2	inv	virtual|None|v5|Landroid/app/Activity;|getWindow||Landroid/view/Window;
com.braze.ui.BrazeWebViewActivity	onCreate	public	3	inv	virtual|None|v6, v0, v0|Landroid/view/Window;|setFlags|BB|V
com.braze.ui.BrazeWebViewActivity	onCreate	public	4	sget	6|Lcom/braze/BrazeInternal;|INSTANCE|Lcom/braze/BrazeInternal;
com.braze.ui.BrazeWebViewActivity	onCreate	public	5	inv	virtual|None|v6, v5|Lcom/braze/BrazeInternal;|getConfigurationProvider|Landroid/content/Context;|Lcom/braze/configuration/BrazeConfigurationProvider;
com.braze.ui.BrazeWebViewActivity	onCreate	public	6	inv	virtual|None|v6|Lcom/braze/configuration/BrazeConfigurationProvider;|getShouldUseWindowFlagSecureInActivities||Z
com.braze.ui.BrazeWebViewActivity	onCreate	public	7	inv	virtual|None|v5|Landroid/app/Activity;|getWindow||Landroid/view/Window;
com.braze.ui.BrazeWebViewActivity	onCreate	public	8	inv	virtual|None|v6, v0, v0|Landroid/view/Window;|setFlags|BB|V
com.braze.ui.BrazeWebViewActivity	onCreate	public	9	inv	virtual|None|v5, v6|Landroidx/activity/ComponentActivity;|setContentView|I|V
com.braze.ui.BrazeWebViewActivity	onCreate	public	10	inv	virtual|None|v5, v6|Landroid/app/Activity;|findViewById|I|Landroid/view/View;
com.braze.ui.BrazeWebViewActivity	onCreate	public	11	ccast	6|Landroid/webkit/WebView;
com.braze.ui.BrazeWebViewActivity	onCreate	public	12	inv	virtual|None|v6, v1, v0|Landroid/webkit/WebView;|setLayerType|BB|V
com.braze.ui.BrazeWebViewActivity	onCreate	public	13	inv	virtual|None|v6|Landroid/webkit/WebView;|getSettings||Landroid/webkit/WebSettings;
com.braze.ui.BrazeWebViewActivity	onCreate	public	14	cstr	2|webView.settings
com.braze.ui.BrazeWebViewActivity	onCreate	public	15	inv	static|None|v0, v2|Lkotlin/jvm/internal/Intrinsics;|checkNotNullExpressionValue|Landroid/app/KeyguardManager;La3/b;|V
com.braze.ui.BrazeWebViewActivity	onCreate	public	16	inv	virtual|None|v0, v2|Landroid/webkit/WebSettings;|setAllowFileAccess|Z|V
com.braze.ui.BrazeWebViewActivity	onCreate	public	17	inv	virtual|None|v0, v3|Landroid/webkit/WebSettings;|setBuiltInZoomControls|Z|V
com.braze.ui.BrazeWebViewActivity	onCreate	public	18	inv	virtual|None|v0, v3|Landroid/webkit/WebSettings;|setJavaScriptEnabled|Z|V
com.braze.ui.BrazeWebViewActivity	onCreate	public	19	inv	virtual|None|v0, v3|Landroid/webkit/WebSettings;|setUseWideViewPort|Z|V
com.braze.ui.BrazeWebViewActivity	onCreate	public	20	inv	virtual|None|v0, v3|Landroid/webkit/WebSettings;|setLoadWithOverviewMode|Z|V
com.braze.ui.BrazeWebViewActivity	onCreate	public	21	inv	virtual|None|v0, v2|Landroid/webkit/WebSettings;|setDisplayZoomControls|Z|V
com.braze.ui.BrazeWebViewActivity	onCreate	public	22	inv	virtual|None|v0, v3|Landroid/webkit/WebSettings;|setDomStorageEnabled|Z|V
com.braze.ui.BrazeWebViewActivity	onCreate	public	23	inv	virtual|None|v5|Landroid/content/Context;|getApplicationContext||Landroid/content/Context;
com.braze.ui.BrazeWebViewActivity	onCreate	public	24	cstr	4|this.applicationContext
com.braze.ui.BrazeWebViewActivity	onCreate	public	25	inv	static|None|v2, v4|Lkotlin/jvm/internal/Intrinsics;|checkNotNullExpressionValue|Landroid/app/KeyguardManager;La3/b;|V
com.braze.ui.BrazeWebViewActivity	onCreate	public	26	inv	static|None|v2|Lcom/braze/ui/support/ViewUtils;|isDeviceInNightMode|Landroid/content/Context;|Z
com.braze.ui.BrazeWebViewActivity	onCreate	public	27	inv	virtual|None|v0, v3|Landroid/webkit/WebSettings;|setAlgorithmicDarkeningAllowed|Z|V
com.braze.ui.BrazeWebViewActivity	onCreate	public	28	inv	virtual|None|v0, v1|Landroid/webkit/WebSettings;|setForceDark|I|V
com.braze.ui.BrazeWebViewActivity	onCreate	public	29	inv	virtual|None|v5|Lcom/braze/ui/BrazeWebViewActivity;|createWebChromeClient||Landroid/webkit/WebChromeClient;
com.braze.ui.BrazeWebViewActivity	onCreate	public	30	inv	virtual|None|v6, v0|Landroid/webkit/WebView;|setWebChromeClient|Landroid/webkit/WebChromeClient;|V
com.braze.ui.BrazeWebViewActivity	onCreate	public	31	inv	virtual|None|v5|Lcom/braze/ui/BrazeWebViewActivity;|createWebViewClient||Landroid/webkit/WebViewClient;
com.braze.ui.BrazeWebViewActivity	onCreate	public	32	inv	virtual|None|v6, v0|Landroid/webkit/WebView;|setWebViewClient|Landroid/webkit/WebViewClient;|V
com.braze.ui.BrazeWebViewActivity	onCreate	public	33	inv	virtual|None|v5|Landroid/app/Activity;|getIntent||Landroid/content/Intent;
com.braze.ui.BrazeWebViewActivity	onCreate	public	34	inv	virtual|None|v5|Landroid/content/Intent;|getExtras||Landroid/os/Bundle;
com.braze.ui.BrazeWebViewActivity	onCreate	public	35	cstr	0|url
com.braze.ui.BrazeWebViewActivity	onCreate	public	36	inv	virtual|None|v5, v0|Landroid/os/BaseBundle;|getString|Ljava/lang/String;|Ljava/lang/String;
com.braze.ui.BrazeWebViewActivity	onCreate	public	37	inv	virtual|None|v6, v5|Landroid/webkit/WebView;|loadUrl|Ljava/lang/String;|V
com.braze.ui.actions.UriAction$getWebViewActivityIntent$webViewActivityIntent$1	<init>		0	other	.registers 2
com.braze.ui.actions.UriAction$getWebViewActivityIntent$webViewActivityIntent$1	<init>		1	other	iput-object v1, v0, v9369, Lcom/braze/ui/actions/UriAction$getWebViewActivityIntent$webViewActivityIntent$1;->$customWebViewActivityClassName:Ljava/lang/String;
com.braze.ui.actions.UriAction$getWebViewActivityIntent$webViewActivityIntent$1	<init>		2	other	invoke-direct {v0, v1}, Lkotlin/jvm/internal/i;-><init>(I)V
com.braze.ui.actions.UriAction$getWebViewActivityIntent$webViewActivityIntent$1	invoke	final,public	0	other	.registers 1
com.braze.ui.actions.UriAction$getWebViewActivityIntent$webViewActivityIntent$1	invoke	final,public	1	inv	virtual|None|v0|Lcom/braze/ui/actions/UriAction$getWebViewActivityIntent$webViewActivityIntent$1;|invoke||Ljava/lang/String;
com.braze.ui.actions.UriAction$getWebViewActivityIntent$webViewActivityIntent$1	invoke	public	0	other	.registers 3
com.braze.ui.actions.UriAction$getWebViewActivityIntent$webViewActivityIntent$1	invoke	public	1	new	0|Ljava/lang/StringBuilder;
com.braze.ui.actions.UriAction$getWebViewActivityIntent$webViewActivityIntent$1	invoke	public	2	cstr	1|Launching custom WebView Activity with class name: 
com.braze.ui.actions.UriAction$getWebViewActivityIntent$webViewActivityIntent$1	invoke	public	3	other	invoke-direct {v0, v1}, Ljava/lang/StringBuilder;-><init>(Ljava/lang/String;)V
com.braze.ui.actions.UriAction$getWebViewActivityIntent$webViewActivityIntent$1	invoke	public	4	other	iget-object v2, v2, v9369, Lcom/braze/ui/actions/UriAction$getWebViewActivityIntent$webViewActivityIntent$1;->$customWebViewActivityClassName:Ljava/lang/String;
com.braze.ui.actions.UriAction$getWebViewActivityIntent$webViewActivityIntent$1	invoke	public	5	inv	virtual|None|v0, v2|Ljava/lang/StringBuilder;|append|Ljava/lang/String;|Ljava/lang/StringBuilder;
com.braze.ui.actions.UriAction$getWebViewActivityIntent$webViewActivityIntent$1	invoke	public	6	inv	virtual|None|v0|Ljava/lang/StringBuilder;|toString||Ljava/lang/String;
com.braze.ui.actions.UriAction$openUriWithWebViewActivity$1	<clinit>		0	other	.registers 1
com.braze.ui.actions.UriAction$openUriWithWebViewActivity$1	<clinit>		1	new	0|Lcom/braze/ui/actions/UriAction$openUriWithWebViewActivity$1;
com.braze.ui.actions.UriAction$openUriWithWebViewActivity$1	<clinit>		2	other	invoke-direct {v0}, Lcom/braze/ui/actions/UriAction$openUriWithWebViewActivity$1;-><init>()V
com.braze.ui.actions.UriAction$openUriWithWebViewActivity$1	<clinit>		3	other	sput-object v0, Lcom/braze/ui/actions/UriAction$openUriWithWebViewActivity$1;->INSTANCE:Lcom/braze/ui/actions/UriAction$openUriWithWebViewActivity$1;
com.braze.ui.actions.UriAction$openUriWithWebViewActivity$1	<init>		0	other	.registers 2
com.braze.ui.actions.UriAction$openUriWithWebViewActivity$1	<init>		1	other	invoke-direct {v1, v0}, Lkotlin/jvm/internal/i;-><init>(I)V
com.braze.ui.actions.UriAction$openUriWithWebViewActivity$1	invoke	final,public	0	other	.registers 1
com.braze.ui.actions.UriAction$openUriWithWebViewActivity$1	invoke	final,public	1	inv	virtual|None|v0|Lcom/braze/ui/actions/UriAction$openUriWithWebViewActivity$1;|invoke||Ljava/lang/String;
com.braze.ui.actions.UriAction$openUriWithWebViewActivity$1	invoke	public	0	other	.registers 1
com.braze.ui.actions.UriAction$openUriWithWebViewActivity$1	invoke	public	1	cstr	0|BrazeWebViewActivity not opened successfully.
com.braze.ui.actions.UriAction$openUriWithWebViewActivityFromPush$1	<clinit>		0	other	.registers 1
com.braze.ui.actions.UriAction$openUriWithWebViewActivityFromPush$1	<clinit>		1	new	0|Lcom/braze/ui/actions/UriAction$openUriWithWebViewActivityFromPush$1;
com.braze.ui.actions.UriAction$openUriWithWebViewActivityFromPush$1	<clinit>		2	other	invoke-direct {v0}, Lcom/braze/ui/actions/UriAction$openUriWithWebViewActivityFromPush$1;-><init>()V
com.braze.ui.actions.UriAction$openUriWithWebViewActivityFromPush$1	<clinit>		3	other	sput-object v0, Lcom/braze/ui/actions/UriAction$openUriWithWebViewActivityFromPush$1;->INSTANCE:Lcom/braze/ui/actions/UriAction$openUriWithWebViewActivityFromPush$1;
com.braze.ui.actions.UriAction$openUriWithWebViewActivityFromPush$1	<init>		0	other	.registers 2
com.braze.ui.actions.UriAction$openUriWithWebViewActivityFromPush$1	<init>		1	other	invoke-direct {v1, v0}, Lkotlin/jvm/internal/i;-><init>(I)V
com.braze.ui.actions.UriAction$openUriWithWebViewActivityFromPush$1	invoke	final,public	0	other	.registers 1
com.braze.ui.actions.UriAction$openUriWithWebViewActivityFromPush$1	invoke	final,public	1	inv	virtual|None|v0|Lcom/braze/ui/actions/UriAction$openUriWithWebViewActivityFromPush$1;|invoke||Ljava/lang/String;
com.braze.ui.actions.UriAction$openUriWithWebViewActivityFromPush$1	invoke	public	0	other	.registers 1
com.braze.ui.actions.UriAction$openUriWithWebViewActivityFromPush$1	invoke	public	1	cstr	0|Braze WebView Activity not opened successfully.
com.braze.ui.actions.brazeactions.steps.OpenLinkInWebViewStep	<clinit>		0	other	.registers 1
com.braze.ui.actions.brazeactions.steps.OpenLinkInWebViewStep	<clinit>		1	new	0|Lcom/braze/ui/actions/brazeactions/steps/OpenLinkInWebViewStep;
com.braze.ui.actions.brazeactions.steps.OpenLinkInWebViewStep	<clinit>		2	other	invoke-direct {v0}, Lcom/braze/ui/actions/brazeactions/steps/OpenLinkInWebViewStep;-><init>()V
com.braze.ui.actions.brazeactions.steps.OpenLinkInWebViewStep	<clinit>		3	other	sput-object v0, Lcom/braze/ui/actions/brazeactions/steps/OpenLinkInWebViewStep;->INSTANCE:Lcom/braze/ui/actions/brazeactions/steps/OpenLinkInWebViewStep;
com.braze.ui.actions.brazeactions.steps.OpenLinkInWebViewStep	<init>		0	other	.registers 2
com.braze.ui.actions.brazeactions.steps.OpenLinkInWebViewStep	<init>		1	other	invoke-direct {v1, v0}, Lcom/braze/ui/actions/brazeactions/steps/BaseBrazeActionStep;-><init>(Lkotlin/jvm/internal/DefaultConstructorMarker;)V
com.braze.ui.actions.brazeactions.steps.OpenLinkInWebViewStep	isValid	public	0	other	.registers 4
com.braze.ui.actions.brazeactions.steps.OpenLinkInWebViewStep	isValid	public	1	cstr	2|data
com.braze.ui.actions.brazeactions.steps.OpenLinkInWebViewStep	isValid	public	2	inv	static|None|v3, v2|Lkotlin/jvm/internal/Intrinsics;|checkNotNullParameter|Landroid/app/KeyguardManager;La3/b;|V
com.braze.ui.actions.brazeactions.steps.OpenLinkInWebViewStep	isValid	public	3	inv	static|None|v3, v1, v2, v0, v2|Lcom/braze/ui/actions/brazeactions/steps/StepData;|isArgCountInBounds$default|BBBLbo/app/m6$h;I|Z
com.braze.ui.actions.brazeactions.steps.OpenLinkInWebViewStep	isValid	public	4	inv	virtual|None|v3, v0|Lcom/braze/ui/actions/brazeactions/steps/StepData;|isArgString|I|Z
com.braze.ui.actions.brazeactions.steps.OpenLinkInWebViewStep	run	public	0	other	.registers 6
com.braze.ui.actions.brazeactions.steps.OpenLinkInWebViewStep	run	public	1	cstr	3|context
com.braze.ui.actions.brazeactions.steps.OpenLinkInWebViewStep	run	public	2	inv	static|None|v4, v3|Lkotlin/jvm/internal/Intrinsics;|checkNotNullParameter|Landroid/app/KeyguardManager;La3/b;|V
com.braze.ui.actions.brazeactions.steps.OpenLinkInWebViewStep	run	public	3	cstr	3|data
com.braze.ui.actions.brazeactions.steps.OpenLinkInWebViewStep	run	public	4	inv	static|None|v5, v3|Lkotlin/jvm/internal/Intrinsics;|checkNotNullParameter|Landroid/app/KeyguardManager;La3/b;|V
com.braze.ui.actions.brazeactions.steps.OpenLinkInWebViewStep	run	public	5	inv	virtual|None|v5|Lcom/braze/ui/actions/brazeactions/steps/StepData;|getFirstArg||Ljava/lang/Object;
com.braze.ui.actions.brazeactions.steps.OpenLinkInWebViewStep	run	public	6	inv	static|None|v3|Ljava/lang/String;|valueOf|Ljava/lang/Object;|Ljava/lang/String;
com.braze.ui.actions.brazeactions.steps.OpenLinkInWebViewStep	run	public	7	sget	0|Lcom/braze/ui/BrazeDeeplinkHandler;|Companion|Lcom/braze/ui/BrazeDeeplinkHandler$Companion;
com.braze.ui.actions.brazeactions.steps.OpenLinkInWebViewStep	run	public	8	inv	virtual|None|v0|Lcom/braze/ui/BrazeDeeplinkHandler$Companion;|getInstance||Lcom/braze/IBrazeDeeplinkHandler;
com.braze.ui.actions.brazeactions.steps.OpenLinkInWebViewStep	run	public	9	inv	virtual|None|v5|Lcom/braze/ui/actions/brazeactions/steps/StepData;|getChannel||Lcom/braze/enums/Channel;
com.braze.ui.actions.brazeactions.steps.OpenLinkInWebViewStep	run	public	10	inv	interface|None|v0, v3, v2, v1, v5|Lcom/braze/IBrazeDeeplinkHandler;|createUriActionFromUrlString|BBBLandroid/app/NotificationChannel;|Lcom/braze/ui/actions/UriAction;
com.braze.ui.actions.brazeactions.steps.OpenLinkInWebViewStep	run	public	11	inv	interface|None|v0, v4, v3|Lcom/braze/IBrazeDeeplinkHandler;|gotoUri|BB|V
com.braze.ui.inappmessage.listeners.DefaultInAppMessageWebViewClientListener$Companion	<init>		0	other	.registers 1
com.braze.ui.inappmessage.listeners.DefaultInAppMessageWebViewClientListener$Companion	<init>		1	other	invoke-direct {v0}, Ljava/lang/Object;-><init>()V
com.braze.ui.inappmessage.listeners.DefaultInAppMessageWebViewClientListener$Companion	<init>		0	other	.registers 2
com.braze.ui.inappmessage.listeners.DefaultInAppMessageWebViewClientListener$Companion	<init>		1	other	invoke-direct {v0}, Lcom/braze/ui/inappmessage/listeners/DefaultInAppMessageWebViewClientListener$Companion;-><init>()V
com.braze.ui.inappmessage.listeners.DefaultInAppMessageWebViewClientListener$Companion	logHtmlInAppMessageClick	public	0	other	.registers 4
com.braze.ui.inappmessage.listeners.DefaultInAppMessageWebViewClientListener$Companion	logHtmlInAppMessageClick	public	1	cstr	1|inAppMessage
com.braze.ui.inappmessage.listeners.DefaultInAppMessageWebViewClientListener$Companion	logHtmlInAppMessageClick	public	2	inv	static|None|v2, v1|Lkotlin/jvm/internal/Intrinsics;|checkNotNullParameter|Landroid/app/KeyguardManager;La3/b;|V
com.braze.ui.inappmessage.listeners.DefaultInAppMessageWebViewClientListener$Companion	logHtmlInAppMessageClick	public	3	cstr	1|queryBundle
com.braze.ui.inappmessage.listeners.DefaultInAppMessageWebViewClientListener$Companion	logHtmlInAppMessageClick	public	4	inv	static|None|v3, v1|Lkotlin/jvm/internal/Intrinsics;|checkNotNullParameter|Landroid/app/KeyguardManager;La3/b;|V
com.braze.ui.inappmessage.listeners.DefaultInAppMessageWebViewClientListener$Companion	logHtmlInAppMessageClick	public	5	cstr	1|abButtonId
com.braze.ui.inappmessage.listeners.DefaultInAppMessageWebViewClientListener$Companion	logHtmlInAppMessageClick	public	6	inv	virtual|None|v3, v1|Landroid/os/BaseBundle;|containsKey|Ljava/lang/String;|Z
com.braze.ui.inappmessage.listeners.DefaultInAppMessageWebViewClientListener$Companion	logHtmlInAppMessageClick	public	7	ccast	2|Lcom/braze/models/inappmessage/IInAppMessageHtml;
com.braze.ui.inappmessage.listeners.DefaultInAppMessageWebViewClientListener$Companion	logHtmlInAppMessageClick	public	8	inv	virtual|None|v3, v1|Landroid/os/BaseBundle;|getString|Ljava/lang/String;|Ljava/lang/String;
com.braze.ui.inappmessage.listeners.DefaultInAppMessageWebViewClientListener$Companion	logHtmlInAppMessageClick	public	9	inv	interface|None|v2, v1|Lcom/braze/models/inappmessage/IInAppMessageHtml;|logButtonClick|Ljava/lang/String;|Z
com.braze.ui.inappmessage.listeners.DefaultInAppMessageWebViewClientListener$Companion	logHtmlInAppMessageClick	public	10	inv	interface|None|v2|Lcom/braze/models/inappmessage/IInAppMessage;|getMessageType||Lcom/braze/enums/inappmessage/MessageType;
com.braze.ui.inappmessage.listeners.DefaultInAppMessageWebViewClientListener$Companion	logHtmlInAppMessageClick	public	11	sget	3|Lcom/braze/enums/inappmessage/MessageType;|HTML_FULL|Lcom/braze/enums/inappmessage/MessageType;
com.braze.ui.inappmessage.listeners.DefaultInAppMessageWebViewClientListener$Companion	logHtmlInAppMessageClick	public	12	inv	interface|None|v2|Lcom/braze/models/inappmessage/IInAppMessage;|logClick||Z
com.braze.ui.inappmessage.listeners.DefaultInAppMessageWebViewClientListener$Companion	parseCustomEventNameFromQueryBundle	public	0	other	.registers 2
com.braze.ui.inappmessage.listeners.DefaultInAppMessageWebViewClientListener$Companion	parseCustomEventNameFromQueryBundle	public	1	cstr	0|queryBundle
com.braze.ui.inappmessage.listeners.DefaultInAppMessageWebViewClientListener$Companion	parseCustomEventNameFromQueryBundle	public	2	inv	static|None|v1, v0|Lkotlin/jvm/internal/Intrinsics;|checkNotNullParameter|Landroid/app/KeyguardManager;La3/b;|V
com.braze.ui.inappmessage.listeners.DefaultInAppMessageWebViewClientListener$Companion	parseCustomEventNameFromQueryBundle	public	3	cstr	0|name
com.braze.ui.inappmessage.listeners.DefaultInAppMessageWebViewClientListener$Companion	parseCustomEventNameFromQueryBundle	public	4	inv	virtual|None|v1, v0|Landroid/os/BaseBundle;|getString|Ljava/lang/String;|Ljava/lang/String;
com.braze.ui.inappmessage.listeners.DefaultInAppMessageWebViewClientListener$Companion	parsePropertiesFromQueryBundle	public	0	other	.registers 6
com.braze.ui.inappmessage.listeners.DefaultInAppMessageWebViewClientListener$Companion	parsePropertiesFromQueryBundle	public	1	cstr	4|queryBundle
com.braze.ui.inappmessage.listeners.DefaultInAppMessageWebViewClientListener$Companion	parsePropertiesFromQueryBundle	public	2	inv	static|None|v5, v4|Lkotlin/jvm/internal/Intrinsics;|checkNotNullParameter|Landroid/app/KeyguardManager;La3/b;|V
com.braze.ui.inappmessage.listeners.DefaultInAppMessageWebViewClientListener$Companion	parsePropertiesFromQueryBundle	public	3	new	4|Lcom/braze/models/outgoing/BrazeProperties;
com.braze.ui.inappmessage.listeners.DefaultInAppMessageWebViewClientListener$Companion	parsePropertiesFromQueryBundle	public	4	other	invoke-direct {v4}, Lcom/braze/models/outgoing/BrazeProperties;-><init>()V
com.braze.ui.inappmessage.listeners.DefaultInAppMessageWebViewClientListener$Companion	parsePropertiesFromQueryBundle	public	5	inv	virtual|None|v5|Landroid/os/BaseBundle;|keySet||Ljava/util/Set;
com.braze.ui.inappmessage.listeners.DefaultInAppMessageWebViewClientListener$Companion	parsePropertiesFromQueryBundle	public	6	inv	interface|None|v0|Ljava/util/Set;|iterator||Ljava/util/Iterator;
com.braze.ui.inappmessage.listeners.DefaultInAppMessageWebViewClientListener$Companion	parsePropertiesFromQueryBundle	public	7	inv	interface|None|v0|Ljava/util/Iterator;|hasNext||Z
com.braze.ui.inappmessage.listeners.DefaultInAppMessageWebViewClientListener$Companion	parsePropertiesFromQueryBundle	public	8	inv	interface|None|v0|Ljava/util/Iterator;|next||Ljava/lang/Object;
com.braze.ui.inappmessage.listeners.DefaultInAppMessageWebViewClientListener$Companion	parsePropertiesFromQueryBundle	public	9	ccast	1|Ljava/lang/String;
com.braze.ui.inappmessage.listeners.DefaultInAppMessageWebViewClientListener$Companion	parsePropertiesFromQueryBundle	public	10	cstr	2|name
com.braze.ui.inappmessage.listeners.DefaultInAppMessageWebViewClientListener$Companion	parsePropertiesFromQueryBundle	public	11	inv	static|None|v1, v2|Lkotlin/jvm/internal/Intrinsics;|a|Landroid/app/KeyguardManager;La3/b;|Z
com.braze.ui.inappmessage.listeners.DefaultInAppMessageWebViewClientListener$Companion	parsePropertiesFromQueryBundle	public	12	inv	virtual|None|v5, v1, v2|Landroid/os/BaseBundle;|getString|Landroid/app/NotificationChannel;La3/b;|Ljava/lang/String;
com.braze.ui.inappmessage.listeners.DefaultInAppMessageWebViewClientListener$Companion	parsePropertiesFromQueryBundle	public	13	inv	static|None|v2|Lkotlin/text/o;|g|Ljava/lang/CharSequence;|Z
com.braze.ui.inappmessage.listeners.DefaultInAppMessageWebViewClientListener$Companion	parsePropertiesFromQueryBundle	public	14	cstr	3|key
com.braze.ui.inappmessage.listeners.DefaultInAppMessageWebViewClientListener$Companion	parsePropertiesFromQueryBundle	public	15	inv	static|None|v1, v3|Lkotlin/jvm/internal/Intrinsics;|checkNotNullExpressionValue|Landroid/app/KeyguardManager;La3/b;|V
com.braze.ui.inappmessage.listeners.DefaultInAppMessageWebViewClientListener$Companion	parsePropertiesFromQueryBundle	public	16	inv	virtual|None|v4, v1, v2|Lcom/braze/models/outgoing/BrazeProperties;|addProperty|Landroid/app/NotificationChannel;La3/b;|Lcom/braze/models/outgoing/BrazeProperties;
com.braze.ui.inappmessage.listeners.DefaultInAppMessageWebViewClientListener$Companion	parseUseWebViewFromQueryBundle	public	0	other	.registers 8
com.braze.ui.inappmessage.listeners.DefaultInAppMessageWebViewClientListener$Companion	parseUseWebViewFromQueryBundle	public	1	cstr	5|inAppMessage
com.braze.ui.inappmessage.listeners.DefaultInAppMessageWebViewClientListener$Companion	parseUseWebViewFromQueryBundle	public	2	inv	static|None|v6, v5|Lkotlin/jvm/internal/Intrinsics;|checkNotNullParameter|Landroid/app/KeyguardManager;La3/b;|V
com.braze.ui.inappmessage.listeners.DefaultInAppMessageWebViewClientListener$Companion	parseUseWebViewFromQueryBundle	public	3	cstr	5|queryBundle
com.braze.ui.inappmessage.listeners.DefaultInAppMessageWebViewClientListener$Companion	parseUseWebViewFromQueryBundle	public	4	inv	static|None|v7, v5|Lkotlin/jvm/internal/Intrinsics;|checkNotNullParameter|Landroid/app/KeyguardManager;La3/b;|V
com.braze.ui.inappmessage.listeners.DefaultInAppMessageWebViewClientListener$Companion	parseUseWebViewFromQueryBundle	public	5	cstr	5|abDeepLink
com.braze.ui.inappmessage.listeners.DefaultInAppMessageWebViewClientListener$Companion	parseUseWebViewFromQueryBundle	public	6	inv	virtual|None|v7, v5|Landroid/os/BaseBundle;|containsKey|Ljava/lang/String;|Z
com.braze.ui.inappmessage.listeners.DefaultInAppMessageWebViewClientListener$Companion	parseUseWebViewFromQueryBundle	public	7	inv	virtual|None|v7, v5|Landroid/os/BaseBundle;|getString|Ljava/lang/String;|Ljava/lang/String;
com.braze.ui.inappmessage.listeners.DefaultInAppMessageWebViewClientListener$Companion	parseUseWebViewFromQueryBundle	public	8	inv	static|None|v5|Ljava/lang/Boolean;|parseBoolean|Ljava/lang/String;|Z
com.braze.ui.inappmessage.listeners.DefaultInAppMessageWebViewClientListener$Companion	parseUseWebViewFromQueryBundle	public	9	cstr	3|abExternalOpen
com.braze.ui.inappmessage.listeners.DefaultInAppMessageWebViewClientListener$Companion	parseUseWebViewFromQueryBundle	public	10	inv	virtual|None|v7, v3|Landroid/os/BaseBundle;|containsKey|Ljava/lang/String;|Z
com.braze.ui.inappmessage.listeners.DefaultInAppMessageWebViewClientListener$Companion	parseUseWebViewFromQueryBundle	public	11	inv	virtual|None|v7, v3|Landroid/os/BaseBundle;|getString|Ljava/lang/String;|Ljava/lang/String;
com.braze.ui.inappmessage.listeners.DefaultInAppMessageWebViewClientListener$Companion	parseUseWebViewFromQueryBundle	public	12	inv	static|None|v7|Ljava/lang/Boolean;|parseBoolean|Ljava/lang/String;|Z
com.braze.ui.inappmessage.listeners.DefaultInAppMessageWebViewClientListener$Companion	parseUseWebViewFromQueryBundle	public	13	inv	interface|None|v6|Lcom/braze/models/inappmessage/IInAppMessage;|getOpenUriInWebView||Z
com.braze.ui.inappmessage.listeners.DefaultInAppMessageWebViewClientListener$onCloseAction$1	<clinit>		0	other	.registers 1
com.braze.ui.inappmessage.listeners.DefaultInAppMessageWebViewClientListener$onCloseAction$1	<clinit>		1	new	0|Lcom/braze/ui/inappmessage/listeners/DefaultInAppMessageWebViewClientListener$onCloseAction$1;
com.braze.ui.inappmessage.listeners.DefaultInAppMessageWebViewClientListener$onCloseAction$1	<clinit>		2	other	invoke-direct {v0}, Lcom/braze/ui/inappmessage/listeners/DefaultInAppMessageWebViewClientListener$onCloseAction$1;-><init>()V
com.braze.ui.inappmessage.listeners.DefaultInAppMessageWebViewClientListener$onCloseAction$1	<clinit>		3	other	sput-object v0, Lcom/braze/ui/inappmessage/listeners/DefaultInAppMessageWebViewClientListener$onCloseAction$1;->INSTANCE:Lcom/braze/ui/inappmessage/listeners/DefaultInAppMessageWebViewClientListener$onCloseAction$1;
com.braze.ui.inappmessage.listeners.DefaultInAppMessageWebViewClientListener$onCloseAction$1	<init>		0	other	.registers 2
com.braze.ui.inappmessage.listeners.DefaultInAppMessageWebViewClientListener$onCloseAction$1	<init>		1	other	invoke-direct {v1, v0}, Lkotlin/jvm/internal/i;-><init>(I)V
com.braze.ui.inappmessage.listeners.DefaultInAppMessageWebViewClientListener$onCloseAction$1	invoke	final,public	0	other	.registers 1
com.braze.ui.inappmessage.listeners.DefaultInAppMessageWebViewClientListener$onCloseAction$1	invoke	final,public	1	inv	virtual|None|v0|Lcom/braze/ui/inappmessage/listeners/DefaultInAppMessageWebViewClientListener$onCloseAction$1;|invoke||Ljava/lang/String;
com.braze.ui.inappmessage.listeners.DefaultInAppMessageWebViewClientListener$onCloseAction$1	invoke	public	0	other	.registers 1
com.braze.ui.inappmessage.listeners.DefaultInAppMessageWebViewClientListener$onCloseAction$1	invoke	public	1	cstr	0|IInAppMessageWebViewClientListener.onCloseAction called.
com.braze.ui.inappmessage.listeners.DefaultInAppMessageWebViewClientListener$onCloseAction$2	<clinit>		0	other	.registers 1
com.braze.ui.inappmessage.listeners.DefaultInAppMessageWebViewClientListener$onCloseAction$2	<clinit>		1	new	0|Lcom/braze/ui/inappmessage/listeners/DefaultInAppMessageWebViewClientListener$onCloseAction$2;
com.braze.ui.inappmessage.listeners.DefaultInAppMessageWebViewClientListener$onCloseAction$2	<clinit>		2	other	invoke-direct {v0}, Lcom/braze/ui/inappmessage/listeners/DefaultInAppMessageWebViewClientListener$onCloseAction$2;-><init>()V
com.braze.ui.inappmessage.listeners.DefaultInAppMessageWebViewClientListener$onCloseAction$2	<clinit>		3	other	sput-object v0, Lcom/braze/ui/inappmessage/listeners/DefaultInAppMessageWebViewClientListener$onCloseAction$2;->INSTANCE:Lcom/braze/ui/inappmessage/listeners/DefaultInAppMessageWebViewClientListener$onCloseAction$2;
com.braze.ui.inappmessage.listeners.DefaultInAppMessageWebViewClientListener$onCloseAction$2	<init>		0	other	.registers 2
com.braze.ui.inappmessage.listeners.DefaultInAppMessageWebViewClientListener$onCloseAction$2	<init>		1	other	invoke-direct {v1, v0}, Lkotlin/jvm/internal/i;-><init>(I)V
com.braze.ui.inappmessage.listeners.DefaultInAppMessageWebViewClientListener$onCloseAction$2	invoke	final,public	0	other	.registers 1
com.braze.ui.inappmessage.listeners.DefaultInAppMessageWebViewClientListener$onCloseAction$2	invoke	final,public	1	inv	virtual|None|v0|Lcom/braze/ui/inappmessage/listeners/DefaultInAppMessageWebViewClientListener$onCloseAction$2;|invoke||Ljava/lang/String;
com.braze.ui.inappmessage.listeners.DefaultInAppMessageWebViewClientListener$onCloseAction$2	invoke	public	0	other	.registers 1
com.braze.ui.inappmessage.listeners.DefaultInAppMessageWebViewClientListener$onCloseAction$2	invoke	public	1	cstr	0|IInAppMessageWebViewClientListener.onCloseAction finished.
com.braze.ui.inappmessage.listeners.DefaultInAppMessageWebViewClientListener$onCustomEventAction$1	<clinit>		0	other	.registers 1
com.braze.ui.inappmessage.listeners.DefaultInAppMessageWebViewClientListener$onCustomEventAction$1	<clinit>		1	new	0|Lcom/braze/ui/inappmessage/listeners/DefaultInAppMessageWebViewClientListener$onCustomEventAction$1;
com.braze.ui.inappmessage.listeners.DefaultInAppMessageWebViewClientListener$onCustomEventAction$1	<clinit>		2	other	invoke-direct {v0}, Lcom/braze/ui/inappmessage/listeners/DefaultInAppMessageWebViewClientListener$onCustomEventAction$1;-><init>()V
com.braze.ui.inappmessage.listeners.DefaultInAppMessageWebViewClientListener$onCustomEventAction$1	<clinit>		3	other	sput-object v0, Lcom/braze/ui/inappmessage/listeners/DefaultInAppMessageWebViewClientListener$onCustomEventAction$1;->INSTANCE:Lcom/braze/ui/inappmessage/listeners/DefaultInAppMessageWebViewClientListener$onCustomEventAction$1;
com.braze.ui.inappmessage.listeners.DefaultInAppMessageWebViewClientListener$onCustomEventAction$1	<init>		0	other	.registers 2
com.braze.ui.inappmessage.listeners.DefaultInAppMessageWebViewClientListener$onCustomEventAction$1	<init>		1	other	invoke-direct {v1, v0}, Lkotlin/jvm/internal/i;-><init>(I)V
com.braze.ui.inappmessage.listeners.DefaultInAppMessageWebViewClientListener$onCustomEventAction$1	invoke	final,public	0	other	.registers 1
com.braze.ui.inappmessage.listeners.DefaultInAppMessageWebViewClientListener$onCustomEventAction$1	invoke	final,public	1	inv	virtual|None|v0|Lcom/braze/ui/inappmessage/listeners/DefaultInAppMessageWebViewClientListener$onCustomEventAction$1;|invoke||Ljava/lang/String;
com.braze.ui.inappmessage.listeners.DefaultInAppMessageWebViewClientListener$onCustomEventAction$1	invoke	public	0	other	.registers 1
com.braze.ui.inappmessage.listeners.DefaultInAppMessageWebViewClientListener$onCustomEventAction$1	invoke	public	1	cstr	0|IInAppMessageWebViewClientListener.onCustomEventAction called.
com.braze.ui.inappmessage.listeners.DefaultInAppMessageWebViewClientListener$onCustomEventAction$2	<clinit>		0	other	.registers 1
com.braze.ui.inappmessage.listeners.DefaultInAppMessageWebViewClientListener$onCustomEventAction$2	<clinit>		1	new	0|Lcom/braze/ui/inappmessage/listeners/DefaultInAppMessageWebViewClientListener$onCustomEventAction$2;
com.braze.ui.inappmessage.listeners.DefaultInAppMessageWebViewClientListener$onCustomEventAction$2	<clinit>		2	other	invoke-direct {v0}, Lcom/braze/ui/inappmessage/listeners/DefaultInAppMessageWebViewClientListener$onCustomEventAction$2;-><init>()V
com.braze.ui.inappmessage.listeners.DefaultInAppMessageWebViewClientListener$onCustomEventAction$2	<clinit>		3	other	sput-object v0, Lcom/braze/ui/inappmessage/listeners/DefaultInAppMessageWebViewClientListener$onCustomEventAction$2;->INSTANCE:Lcom/braze/ui/inappmessage/listeners/DefaultInAppMessageWebViewClientListener$onCustomEventAction$2;
com.braze.ui.inappmessage.listeners.DefaultInAppMessageWebViewClientListener$onCustomEventAction$2	<init>		0	other	.registers 2
com.braze.ui.inappmessage.listeners.DefaultInAppMessageWebViewClientListener$onCustomEventAction$2	<init>		1	other	invoke-direct {v1, v0}, Lkotlin/jvm/internal/i;-><init>(I)V
com.braze.ui.inappmessage.listeners.DefaultInAppMessageWebViewClientListener$onCustomEventAction$2	invoke	final,public	0	other	.registers 1
com.braze.ui.inappmessage.listeners.DefaultInAppMessageWebViewClientListener$onCustomEventAction$2	invoke	final,public	1	inv	virtual|None|v0|Lcom/braze/ui/inappmessage/listeners/DefaultInAppMessageWebViewClientListener$onCustomEventAction$2;|invoke||Ljava/lang/String;
com.braze.ui.inappmessage.listeners.DefaultInAppMessageWebViewClientListener$onCustomEventAction$2	invoke	public	0	other	.registers 1
com.braze.ui.inappmessage.listeners.DefaultInAppMessageWebViewClientListener$onCustomEventAction$2	invoke	public	1	cstr	0|Can't perform custom event action because the activity is null.
com.braze.ui.inappmessage.listeners.DefaultInAppMessageWebViewClientListener$onNewsfeedAction$1	<clinit>		0	other	.registers 1
com.braze.ui.inappmessage.listeners.DefaultInAppMessageWebViewClientListener$onNewsfeedAction$1	<clinit>		1	new	0|Lcom/braze/ui/inappmessage/listeners/DefaultInAppMessageWebViewClientListener$onNewsfeedAction$1;
com.braze.ui.inappmessage.listeners.DefaultInAppMessageWebViewClientListener$onNewsfeedAction$1	<clinit>		2	other	invoke-direct {v0}, Lcom/braze/ui/inappmessage/listeners/DefaultInAppMessageWebViewClientListener$onNewsfeedAction$1;-><init>()V
com.braze.ui.inappmessage.listeners.DefaultInAppMessageWebViewClientListener$onNewsfeedAction$1	<clinit>		3	other	sput-object v0, Lcom/braze/ui/inappmessage/listeners/DefaultInAppMessageWebViewClientListener$onNewsfeedAction$1;->INSTANCE:Lcom/braze/ui/inappmessage/listeners/DefaultInAppMessageWebViewClientListener$onNewsfeedAction$1;
com.braze.ui.inappmessage.listeners.DefaultInAppMessageWebViewClientListener$onNewsfeedAction$1	<init>		0	other	.registers 2
com.braze.ui.inappmessage.listeners.DefaultInAppMessageWebViewClientListener$onNewsfeedAction$1	<init>		1	other	invoke-direct {v1, v0}, Lkotlin/jvm/internal/i;-><init>(I)V
com.braze.ui.inappmessage.listeners.DefaultInAppMessageWebViewClientListener$onNewsfeedAction$1	invoke	final,public	0	other	.registers 1
com.braze.ui.inappmessage.listeners.DefaultInAppMessageWebViewClientListener$onNewsfeedAction$1	invoke	final,public	1	inv	virtual|None|v0|Lcom/braze/ui/inappmessage/listeners/DefaultInAppMessageWebViewClientListener$onNewsfeedAction$1;|invoke||Ljava/lang/String;
com.braze.ui.inappmessage.listeners.DefaultInAppMessageWebViewClientListener$onNewsfeedAction$1	invoke	public	0	other	.registers 1
com.braze.ui.inappmessage.listeners.DefaultInAppMessageWebViewClientListener$onNewsfeedAction$1	invoke	public	1	cstr	0|IInAppMessageWebViewClientListener.onNewsfeedAction called.
com.braze.ui.inappmessage.listeners.DefaultInAppMessageWebViewClientListener$onNewsfeedAction$2	<clinit>		0	other	.registers 1
com.braze.ui.inappmessage.listeners.DefaultInAppMessageWebViewClientListener$onNewsfeedAction$2	<clinit>		1	new	0|Lcom/braze/ui/inappmessage/listeners/DefaultInAppMessageWebViewClientListener$onNewsfeedAction$2;
com.braze.ui.inappmessage.listeners.DefaultInAppMessageWebViewClientListener$onNewsfeedAction$2	<clinit>		2	other	invoke-direct {v0}, Lcom/braze/ui/inappmessage/listeners/DefaultInAppMessageWebViewClientListener$onNewsfeedAction$2;-><init>()V
com.braze.ui.inappmessage.listeners.DefaultInAppMessageWebViewClientListener$onNewsfeedAction$2	<clinit>		3	other	sput-object v0, Lcom/braze/ui/inappmessage/listeners/DefaultInAppMessageWebViewClientListener$onNewsfeedAction$2;->INSTANCE:Lcom/braze/ui/inappmessage/listeners/DefaultInAppMessageWebViewClientListener$onNewsfeedAction$2;
com.braze.ui.inappmessage.listeners.DefaultInAppMessageWebViewClientListener$onNewsfeedAction$2	<init>		0	other	.registers 2
com.braze.ui.inappmessage.listeners.DefaultInAppMessageWebViewClientListener$onNewsfeedAction$2	<init>		1	other	invoke-direct {v1, v0}, Lkotlin/jvm/internal/i;-><init>(I)V
com.braze.ui.inappmessage.listeners.DefaultInAppMessageWebViewClientListener$onNewsfeedAction$2	invoke	final,public	0	other	.registers 1
com.braze.ui.inappmessage.listeners.DefaultInAppMessageWebViewClientListener$onNewsfeedAction$2	invoke	final,public	1	inv	virtual|None|v0|Lcom/braze/ui/inappmessage/listeners/DefaultInAppMessageWebViewClientListener$onNewsfeedAction$2;|invoke||Ljava/lang/String;
com.braze.ui.inappmessage.listeners.DefaultInAppMessageWebViewClientListener$onNewsfeedAction$2	invoke	public	0	other	.registers 1
com.braze.ui.inappmessage.listeners.DefaultInAppMessageWebViewClientListener$onNewsfeedAction$2	invoke	public	1	cstr	0|Can't perform news feed action because the cached activity is null.
com.braze.ui.inappmessage.listeners.DefaultInAppMessageWebViewClientListener$onOtherUrlAction$1	<clinit>		0	other	.registers 1
com.braze.ui.inappmessage.listeners.DefaultInAppMessageWebViewClientListener$onOtherUrlAction$1	<clinit>		1	new	0|Lcom/braze/ui/inappmessage/listeners/DefaultInAppMessageWebViewClientListener$onOtherUrlAction$1;
com.braze.ui.inappmessage.listeners.DefaultInAppMessageWebViewClientListener$onOtherUrlAction$1	<clinit>		2	other	invoke-direct {v0}, Lcom/braze/ui/inappmessage/listeners/DefaultInAppMessageWebViewClientListener$onOtherUrlAction$1;-><init>()V
com.braze.ui.inappmessage.listeners.DefaultInAppMessageWebViewClientListener$onOtherUrlAction$1	<clinit>		3	other	sput-object v0, Lcom/braze/ui/inappmessage/listeners/DefaultInAppMessageWebViewClientListener$onOtherUrlAction$1;->INSTANCE:Lcom/braze/ui/inappmessage/listeners/DefaultInAppMessageWebViewClientListener$onOtherUrlAction$1;
com.braze.ui.inappmessage.listeners.DefaultInAppMessageWebViewClientListener$onOtherUrlAction$1	<init>		0	other	.registers 2
com.braze.ui.inappmessage.listeners.DefaultInAppMessageWebViewClientListener$onOtherUrlAction$1	<init>		1	other	invoke-direct {v1, v0}, Lkotlin/jvm/internal/i;-><init>(I)V
com.braze.ui.inappmessage.listeners.DefaultInAppMessageWebViewClientListener$onOtherUrlAction$1	invoke	final,public	0	other	.registers 1
com.braze.ui.inappmessage.listeners.DefaultInAppMessageWebViewClientListener$onOtherUrlAction$1	invoke	final,public	1	inv	virtual|None|v0|Lcom/braze/ui/inappmessage/listeners/DefaultInAppMessageWebViewClientListener$onOtherUrlAction$1;|invoke||Ljava/lang/String;
com.braze.ui.inappmessage.listeners.DefaultInAppMessageWebViewClientListener$onOtherUrlAction$1	invoke	public	0	other	.registers 1
com.braze.ui.inappmessage.listeners.DefaultInAppMessageWebViewClientListener$onOtherUrlAction$1	invoke	public	1	cstr	0|IInAppMessageWebViewClientListener.onOtherUrlAction called.
com.braze.ui.inappmessage.listeners.DefaultInAppMessageWebViewClientListener$onOtherUrlAction$2	<init>		0	other	.registers 2
com.braze.ui.inappmessage.listeners.DefaultInAppMessageWebViewClientListener$onOtherUrlAction$2	<init>		1	other	iput-object v1, v0, v9770, Lcom/braze/ui/inappmessage/listeners/DefaultInAppMessageWebViewClientListener$onOtherUrlAction$2;->$url:Ljava/lang/String;
com.braze.ui.inappmessage.listeners.DefaultInAppMessageWebViewClientListener$onOtherUrlAction$2	<init>		2	other	invoke-direct {v0, v1}, Lkotlin/jvm/internal/i;-><init>(I)V
com.braze.ui.inappmessage.listeners.DefaultInAppMessageWebViewClientListener$onOtherUrlAction$2	invoke	final,public	0	other	.registers 1
com.braze.ui.inappmessage.listeners.DefaultInAppMessageWebViewClientListener$onOtherUrlAction$2	invoke	final,public	1	inv	virtual|None|v0|Lcom/braze/ui/inappmessage/listeners/DefaultInAppMessageWebViewClientListener$onOtherUrlAction$2;|invoke||Ljava/lang/String;
com.braze.ui.inappmessage.listeners.DefaultInAppMessageWebViewClientListener$onOtherUrlAction$2	invoke	public	0	other	.registers 3
com.braze.ui.inappmessage.listeners.DefaultInAppMessageWebViewClientListener$onOtherUrlAction$2	invoke	public	1	new	0|Ljava/lang/StringBuilder;
com.braze.ui.inappmessage.listeners.DefaultInAppMessageWebViewClientListener$onOtherUrlAction$2	invoke	public	2	cstr	1|Can't perform other url action because the cached activity is null. Url: 
com.braze.ui.inappmessage.listeners.DefaultInAppMessageWebViewClientListener$onOtherUrlAction$2	invoke	public	3	other	invoke-direct {v0, v1}, Ljava/lang/StringBuilder;-><init>(Ljava/lang/String;)V
com.braze.ui.inappmessage.listeners.DefaultInAppMessageWebViewClientListener$onOtherUrlAction$2	invoke	public	4	other	iget-object v2, v2, v9770, Lcom/braze/ui/inappmessage/listeners/DefaultInAppMessageWebViewClientListener$onOtherUrlAction$2;->$url:Ljava/lang/String;
com.braze.ui.inappmessage.listeners.DefaultInAppMessageWebViewClientListener$onOtherUrlAction$2	invoke	public	5	inv	virtual|None|v0, v2|Ljava/lang/StringBuilder;|append|Ljava/lang/String;|Ljava/lang/StringBuilder;
com.braze.ui.inappmessage.listeners.DefaultInAppMessageWebViewClientListener$onOtherUrlAction$2	invoke	public	6	inv	virtual|None|v0|Ljava/lang/StringBuilder;|toString||Ljava/lang/String;
com.braze.ui.inappmessage.listeners.DefaultInAppMessageWebViewClientListener$onOtherUrlAction$3	<init>		0	other	.registers 2
com.braze.ui.inappmessage.listeners.DefaultInAppMessageWebViewClientListener$onOtherUrlAction$3	<init>		1	other	iput-object v1, v0, v9771, Lcom/braze/ui/inappmessage/listeners/DefaultInAppMessageWebViewClientListener$onOtherUrlAction$3;->$url:Ljava/lang/String;
com.braze.ui.inappmessage.listeners.DefaultInAppMessageWebViewClientListener$onOtherUrlAction$3	<init>		2	other	invoke-direct {v0, v1}, Lkotlin/jvm/internal/i;-><init>(I)V
com.braze.ui.inappmessage.listeners.DefaultInAppMessageWebViewClientListener$onOtherUrlAction$3	invoke	final,public	0	other	.registers 1
com.braze.ui.inappmessage.listeners.DefaultInAppMessageWebViewClientListener$onOtherUrlAction$3	invoke	final,public	1	inv	virtual|None|v0|Lcom/braze/ui/inappmessage/listeners/DefaultInAppMessageWebViewClientListener$onOtherUrlAction$3;|invoke||Ljava/lang/String;
com.braze.ui.inappmessage.listeners.DefaultInAppMessageWebViewClientListener$onOtherUrlAction$3	invoke	public	0	other	.registers 3
com.braze.ui.inappmessage.listeners.DefaultInAppMessageWebViewClientListener$onOtherUrlAction$3	invoke	public	1	new	0|Ljava/lang/StringBuilder;
com.braze.ui.inappmessage.listeners.DefaultInAppMessageWebViewClientListener$onOtherUrlAction$3	invoke	public	2	cstr	1|HTML message action listener handled url in onOtherUrlAction. Doing nothing further. Url: 
com.braze.ui.inappmessage.listeners.DefaultInAppMessageWebViewClientListener$onOtherUrlAction$3	invoke	public	3	other	invoke-direct {v0, v1}, Ljava/lang/StringBuilder;-><init>(Ljava/lang/String;)V
com.braze.ui.inappmessage.listeners.DefaultInAppMessageWebViewClientListener$onOtherUrlAction$3	invoke	public	4	other	iget-object v2, v2, v9771, Lcom/braze/ui/inappmessage/listeners/DefaultInAppMessageWebViewClientListener$onOtherUrlAction$3;->$url:Ljava/lang/String;
com.braze.ui.inappmessage.listeners.DefaultInAppMessageWebViewClientListener$onOtherUrlAction$3	invoke	public	5	inv	virtual|None|v0, v2|Ljava/lang/StringBuilder;|append|Ljava/lang/String;|Ljava/lang/StringBuilder;
com.braze.ui.inappmessage.listeners.DefaultInAppMessageWebViewClientListener$onOtherUrlAction$3	invoke	public	6	inv	virtual|None|v0|Ljava/lang/StringBuilder;|toString||Ljava/lang/String;
com.braze.ui.inappmessage.listeners.DefaultInAppMessageWebViewClientListener$onOtherUrlAction$4	<init>		0	other	.registers 2
com.braze.ui.inappmessage.listeners.DefaultInAppMessageWebViewClientListener$onOtherUrlAction$4	<init>		1	other	iput-object v1, v0, v9772, Lcom/braze/ui/inappmessage/listeners/DefaultInAppMessageWebViewClientListener$onOtherUrlAction$4;->$url:Ljava/lang/String;
com.braze.ui.inappmessage.listeners.DefaultInAppMessageWebViewClientListener$onOtherUrlAction$4	<init>		2	other	invoke-direct {v0, v1}, Lkotlin/jvm/internal/i;-><init>(I)V
com.braze.ui.inappmessage.listeners.DefaultInAppMessageWebViewClientListener$onOtherUrlAction$4	invoke	final,public	0	other	.registers 1
com.braze.ui.inappmessage.listeners.DefaultInAppMessageWebViewClientListener$onOtherUrlAction$4	invoke	final,public	1	inv	virtual|None|v0|Lcom/braze/ui/inappmessage/listeners/DefaultInAppMessageWebViewClientListener$onOtherUrlAction$4;|invoke||Ljava/lang/String;
com.braze.ui.inappmessage.listeners.DefaultInAppMessageWebViewClientListener$onOtherUrlAction$4	invoke	public	0	other	.registers 3
com.braze.ui.inappmessage.listeners.DefaultInAppMessageWebViewClientListener$onOtherUrlAction$4	invoke	public	1	new	0|Ljava/lang/StringBuilder;
com.braze.ui.inappmessage.listeners.DefaultInAppMessageWebViewClientListener$onOtherUrlAction$4	invoke	public	2	cstr	1|UriAction is null. Not passing any URI to BrazeDeeplinkHandler. Url: 
com.braze.ui.inappmessage.listeners.DefaultInAppMessageWebViewClientListener$onOtherUrlAction$4	invoke	public	3	other	invoke-direct {v0, v1}, Ljava/lang/StringBuilder;-><init>(Ljava/lang/String;)V
com.braze.ui.inappmessage.listeners.DefaultInAppMessageWebViewClientListener$onOtherUrlAction$4	invoke	public	4	other	iget-object v2, v2, v9772, Lcom/braze/ui/inappmessage/listeners/DefaultInAppMessageWebViewClientListener$onOtherUrlAction$4;->$url:Ljava/lang/String;
com.braze.ui.inappmessage.listeners.DefaultInAppMessageWebViewClientListener$onOtherUrlAction$4	invoke	public	5	inv	virtual|None|v0, v2|Ljava/lang/StringBuilder;|append|Ljava/lang/String;|Ljava/lang/StringBuilder;
com.braze.ui.inappmessage.listeners.DefaultInAppMessageWebViewClientListener$onOtherUrlAction$4	invoke	public	6	inv	virtual|None|v0|Ljava/lang/StringBuilder;|toString||Ljava/lang/String;
com.braze.ui.inappmessage.listeners.DefaultInAppMessageWebViewClientListener$onOtherUrlAction$5	<init>		0	other	.registers 3
com.braze.ui.inappmessage.listeners.DefaultInAppMessageWebViewClientListener$onOtherUrlAction$5	<init>		1	other	iput-object v1, v0, v9773, Lcom/braze/ui/inappmessage/listeners/DefaultInAppMessageWebViewClientListener$onOtherUrlAction$5;->$uri:Landroid/net/Uri;
com.braze.ui.inappmessage.listeners.DefaultInAppMessageWebViewClientListener$onOtherUrlAction$5	<init>		2	other	iput-object v2, v0, v9774, Lcom/braze/ui/inappmessage/listeners/DefaultInAppMessageWebViewClientListener$onOtherUrlAction$5;->$url:Ljava/lang/String;
com.braze.ui.inappmessage.listeners.DefaultInAppMessageWebViewClientListener$onOtherUrlAction$5	<init>		3	other	invoke-direct {v0, v1}, Lkotlin/jvm/internal/i;-><init>(I)V
com.braze.ui.inappmessage.listeners.DefaultInAppMessageWebViewClientListener$onOtherUrlAction$5	invoke	final,public	0	other	.registers 1
com.braze.ui.inappmessage.listeners.DefaultInAppMessageWebViewClientListener$onOtherUrlAction$5	invoke	final,public	1	inv	virtual|None|v0|Lcom/braze/ui/inappmessage/listeners/DefaultInAppMessageWebViewClientListener$onOtherUrlAction$5;|invoke||Ljava/lang/String;
com.braze.ui.inappmessage.listeners.DefaultInAppMessageWebViewClientListener$onOtherUrlAction$5	invoke	public	0	other	.registers 3
com.braze.ui.inappmessage.listeners.DefaultInAppMessageWebViewClientListener$onOtherUrlAction$5	invoke	public	1	new	0|Ljava/lang/StringBuilder;
com.braze.ui.inappmessage.listeners.DefaultInAppMessageWebViewClientListener$onOtherUrlAction$5	invoke	public	2	cstr	1|Not passing local uri to BrazeDeeplinkHandler. Got local uri: 
com.braze.ui.inappmessage.listeners.DefaultInAppMessageWebViewClientListener$onOtherUrlAction$5	invoke	public	3	other	invoke-direct {v0, v1}, Ljava/lang/StringBuilder;-><init>(Ljava/lang/String;)V
com.braze.ui.inappmessage.listeners.DefaultInAppMessageWebViewClientListener$onOtherUrlAction$5	invoke	public	4	other	iget-object v1, v2, v9773, Lcom/braze/ui/inappmessage/listeners/DefaultInAppMessageWebViewClientListener$onOtherUrlAction$5;->$uri:Landroid/net/Uri;
com.braze.ui.inappmessage.listeners.DefaultInAppMessageWebViewClientListener$onOtherUrlAction$5	invoke	public	5	inv	virtual|None|v0, v1|Ljava/lang/StringBuilder;|append|Ljava/lang/Object;|Ljava/lang/StringBuilder;
com.braze.ui.inappmessage.listeners.DefaultInAppMessageWebViewClientListener$onOtherUrlAction$5	invoke	public	6	cstr	1| for url: 
com.braze.ui.inappmessage.listeners.DefaultInAppMessageWebViewClientListener$onOtherUrlAction$5	invoke	public	7	inv	virtual|None|v0, v1|Ljava/lang/StringBuilder;|append|Ljava/lang/String;|Ljava/lang/StringBuilder;
com.braze.ui.inappmessage.listeners.DefaultInAppMessageWebViewClientListener$onOtherUrlAction$5	invoke	public	8	other	iget-object v2, v2, v9774, Lcom/braze/ui/inappmessage/listeners/DefaultInAppMessageWebViewClientListener$onOtherUrlAction$5;->$url:Ljava/lang/String;
com.braze.ui.inappmessage.listeners.DefaultInAppMessageWebViewClientListener$onOtherUrlAction$5	invoke	public	9	inv	virtual|None|v0, v2|Ljava/lang/StringBuilder;|append|Ljava/lang/String;|Ljava/lang/StringBuilder;
com.braze.ui.inappmessage.listeners.DefaultInAppMessageWebViewClientListener$onOtherUrlAction$5	invoke	public	10	inv	virtual|None|v0|Ljava/lang/StringBuilder;|toString||Ljava/lang/String;
com.braze.ui.inappmessage.listeners.DefaultInAppMessageWebViewClientListener	<clinit>		0	other	.registers 2
com.braze.ui.inappmessage.listeners.DefaultInAppMessageWebViewClientListener	<clinit>		1	new	0|Lcom/braze/ui/inappmessage/listeners/DefaultInAppMessageWebViewClientListener$Companion;
com.braze.ui.inappmessage.listeners.DefaultInAppMessageWebViewClientListener	<clinit>		2	other	invoke-direct {v0, v1}, Lcom/braze/ui/inappmessage/listeners/DefaultInAppMessageWebViewClientListener$Companion;-><init>(Lkotlin/jvm/internal/DefaultConstructorMarker;)V
com.braze.ui.inappmessage.listeners.DefaultInAppMessageWebViewClientListener	<clinit>		3	other	sput-object v0, Lcom/braze/ui/inappmessage/listeners/DefaultInAppMessageWebViewClientListener;->Companion:Lcom/braze/ui/inappmessage/listeners/DefaultInAppMessageWebViewClientListener$Companion;
com.braze.ui.inappmessage.listeners.DefaultInAppMessageWebViewClientListener	<init>		0	other	.registers 1
com.braze.ui.inappmessage.listeners.DefaultInAppMessageWebViewClientListener	<init>		1	other	invoke-direct {v0}, Ljava/lang/Object;-><init>()V
com.braze.ui.inappmessage.listeners.DefaultInAppMessageWebViewClientListener	getInAppMessageManager	private	0	other	.registers 1
com.braze.ui.inappmessage.listeners.DefaultInAppMessageWebViewClientListener	getInAppMessageManager	private	1	sget	0|Lcom/braze/ui/inappmessage/BrazeInAppMessageManager;|Companion|Lcom/braze/ui/inappmessage/BrazeInAppMessageManager$Companion;
com.braze.ui.inappmessage.listeners.DefaultInAppMessageWebViewClientListener	getInAppMessageManager	private	2	inv	virtual|None|v0|Lcom/braze/ui/inappmessage/BrazeInAppMessageManager$Companion;|getInstance||Lcom/braze/ui/inappmessage/BrazeInAppMessageManager;
com.braze.ui.inappmessage.listeners.DefaultInAppMessageWebViewClientListener	onCloseAction	public	0	other	.registers 12
com.braze.ui.inappmessage.listeners.DefaultInAppMessageWebViewClientListener	onCloseAction	public	1	cstr	0|inAppMessage
com.braze.ui.inappmessage.listeners.DefaultInAppMessageWebViewClientListener	onCloseAction	public	2	inv	static|None|v9, v0|Lkotlin/jvm/internal/Intrinsics;|checkNotNullParameter|Landroid/app/KeyguardManager;La3/b;|V
com.braze.ui.inappmessage.listeners.DefaultInAppMessageWebViewClientListener	onCloseAction	public	3	cstr	0|url
com.braze.ui.inappmessage.listeners.DefaultInAppMessageWebViewClientListener	onCloseAction	public	4	inv	static|None|v10, v0|Lkotlin/jvm/internal/Intrinsics;|checkNotNullParameter|Landroid/app/KeyguardManager;La3/b;|V
com.braze.ui.inappmessage.listeners.DefaultInAppMessageWebViewClientListener	onCloseAction	public	5	cstr	0|queryBundle
com.braze.ui.inappmessage.listeners.DefaultInAppMessageWebViewClientListener	onCloseAction	public	6	inv	static|None|v11, v0|Lkotlin/jvm/internal/Intrinsics;|checkNotNullParameter|Landroid/app/KeyguardManager;La3/b;|V
com.braze.ui.inappmessage.listeners.DefaultInAppMessageWebViewClientListener	onCloseAction	public	7	sget	0|Lcom/braze/support/BrazeLogger;|INSTANCE|Lcom/braze/support/BrazeLogger;
com.braze.ui.inappmessage.listeners.DefaultInAppMessageWebViewClientListener	onCloseAction	public	8	sget	5|Lcom/braze/ui/inappmessage/listeners/DefaultInAppMessageWebViewClientListener$onCloseAction$1;|INSTANCE|Lcom/braze/ui/inappmessage/listeners/DefaultInAppMessageWebViewClientListener$onCloseAction$1;
com.braze.ui.inappmessage.listeners.DefaultInAppMessageWebViewClientListener	onCloseAction	public	9	inv	static|/range|v1, v2, v3, v4, v5, v6, v7|Lcom/braze/support/BrazeLogger;|brazelog$default|BBBLa/a;La0/e;Landroid/app/KeyguardManager;La3/b;|V
com.braze.ui.inappmessage.listeners.DefaultInAppMessageWebViewClientListener	onCloseAction	public	10	sget	1|Lcom/braze/ui/inappmessage/listeners/DefaultInAppMessageWebViewClientListener;|Companion|Lcom/braze/ui/inappmessage/listeners/DefaultInAppMessageWebViewClientListener$Companion;
com.braze.ui.inappmessage.listeners.DefaultInAppMessageWebViewClientListener	onCloseAction	public	11	inv	virtual|None|v1, v9, v11|Lcom/braze/ui/inappmessage/listeners/DefaultInAppMessageWebViewClientListener$Companion;|logHtmlInAppMessageClick|Lbo/app/g1$f;Landroid/adservices/measurement/DeletionRequest$Builder;|V
com.braze.ui.inappmessage.listeners.DefaultInAppMessageWebViewClientListener	onCloseAction	public	12	inv	direct|None|v8|Lcom/braze/ui/inappmessage/listeners/DefaultInAppMessageWebViewClientListener;|getInAppMessageManager||Lcom/braze/ui/inappmessage/BrazeInAppMessageManager;
com.braze.ui.inappmessage.listeners.DefaultInAppMessageWebViewClientListener	onCloseAction	public	13	inv	virtual|None|v1, v2|Lcom/braze/ui/inappmessage/BrazeInAppMessageManager;|hideCurrentlyDisplayingInAppMessage|Z|V
com.braze.ui.inappmessage.listeners.DefaultInAppMessageWebViewClientListener	onCloseAction	public	14	inv	direct|None|v8|Lcom/braze/ui/inappmessage/listeners/DefaultInAppMessageWebViewClientListener;|getInAppMessageManager||Lcom/braze/ui/inappmessage/BrazeInAppMessageManager;
com.braze.ui.inappmessage.listeners.DefaultInAppMessageWebViewClientListener	onCloseAction	public	15	inv	virtual|None|v1|Lcom/braze/ui/inappmessage/InAppMessageManagerBase;|getHtmlInAppMessageActionListener||Lcom/braze/ui/inappmessage/listeners/IHtmlInAppMessageActionListener;
com.braze.ui.inappmessage.listeners.DefaultInAppMessageWebViewClientListener	onCloseAction	public	16	inv	interface|None|v1, v9, v10, v11|Lcom/braze/ui/inappmessage/listeners/IHtmlInAppMessageActionListener;|onCloseClicked|Lbo/app/g1$f;Landroid/app/NotificationChannel;La3/b;|V
com.braze.ui.inappmessage.listeners.DefaultInAppMessageWebViewClientListener	onCloseAction	public	17	sget	5|Lcom/braze/ui/inappmessage/listeners/DefaultInAppMessageWebViewClientListener$onCloseAction$2;|INSTANCE|Lcom/braze/ui/inappmessage/listeners/DefaultInAppMessageWebViewClientListener$onCloseAction$2;
com.braze.ui.inappmessage.listeners.DefaultInAppMessageWebViewClientListener	onCloseAction	public	18	inv	static|/range|v1, v2, v3, v4, v5, v6, v7|Lcom/braze/support/BrazeLogger;|brazelog$default|BBBLa/a;La0/e;Landroid/app/KeyguardManager;La3/b;|V
com.braze.ui.inappmessage.listeners.DefaultInAppMessageWebViewClientListener	onCustomEventAction	public	0	other	.registers 12
com.braze.ui.inappmessage.listeners.DefaultInAppMessageWebViewClientListener	onCustomEventAction	public	1	cstr	0|inAppMessage
com.braze.ui.inappmessage.listeners.DefaultInAppMessageWebViewClientListener	onCustomEventAction	public	2	inv	static|None|v9, v0|Lkotlin/jvm/internal/Intrinsics;|checkNotNullParameter|Landroid/app/KeyguardManager;La3/b;|V
com.braze.ui.inappmessage.listeners.DefaultInAppMessageWebViewClientListener	onCustomEventAction	public	3	cstr	0|url
com.braze.ui.inappmessage.listeners.DefaultInAppMessageWebViewClientListener	onCustomEventAction	public	4	inv	static|None|v10, v0|Lkotlin/jvm/internal/Intrinsics;|checkNotNullParameter|Landroid/app/KeyguardManager;La3/b;|V
com.braze.ui.inappmessage.listeners.DefaultInAppMessageWebViewClientListener	onCustomEventAction	public	5	cstr	0|queryBundle
com.braze.ui.inappmessage.listeners.DefaultInAppMessageWebViewClientListener	onCustomEventAction	public	6	inv	static|None|v11, v0|Lkotlin/jvm/internal/Intrinsics;|checkNotNullParameter|Landroid/app/KeyguardManager;La3/b;|V
com.braze.ui.inappmessage.listeners.DefaultInAppMessageWebViewClientListener	onCustomEventAction	public	7	sget	0|Lcom/braze/support/BrazeLogger;|INSTANCE|Lcom/braze/support/BrazeLogger;
com.braze.ui.inappmessage.listeners.DefaultInAppMessageWebViewClientListener	onCustomEventAction	public	8	sget	5|Lcom/braze/ui/inappmessage/listeners/DefaultInAppMessageWebViewClientListener$onCustomEventAction$1;|INSTANCE|Lcom/braze/ui/inappmessage/listeners/DefaultInAppMessageWebViewClientListener$onCustomEventAction$1;
com.braze.ui.inappmessage.listeners.DefaultInAppMessageWebViewClientListener	onCustomEventAction	public	9	inv	static|/range|v1, v2, v3, v4, v5, v6, v7|Lcom/braze/support/BrazeLogger;|brazelog$default|BBBLa/a;La0/e;Landroid/app/KeyguardManager;La3/b;|V
com.braze.ui.inappmessage.listeners.DefaultInAppMessageWebViewClientListener	onCustomEventAction	public	10	inv	direct|None|v8|Lcom/braze/ui/inappmessage/listeners/DefaultInAppMessageWebViewClientListener;|getInAppMessageManager||Lcom/braze/ui/inappmessage/BrazeInAppMessageManager;
com.braze.ui.inappmessage.listeners.DefaultInAppMessageWebViewClientListener	onCustomEventAction	public	11	inv	virtual|None|v1|Lcom/braze/ui/inappmessage/InAppMessageManagerBase;|getActivity||Landroid/app/Activity;
com.braze.ui.inappmessage.listeners.DefaultInAppMessageWebViewClientListener	onCustomEventAction	public	12	sget	3|Lcom/braze/support/BrazeLogger$Priority;|W|Lcom/braze/support/BrazeLogger$Priority;
com.braze.ui.inappmessage.listeners.DefaultInAppMessageWebViewClientListener	onCustomEventAction	public	13	sget	5|Lcom/braze/ui/inappmessage/listeners/DefaultInAppMessageWebViewClientListener$onCustomEventAction$2;|INSTANCE|Lcom/braze/ui/inappmessage/listeners/DefaultInAppMessageWebViewClientListener$onCustomEventAction$2;
com.braze.ui.inappmessage.listeners.DefaultInAppMessageWebViewClientListener	onCustomEventAction	public	14	inv	static|/range|v1, v2, v3, v4, v5, v6, v7|Lcom/braze/support/BrazeLogger;|brazelog$default|BBBLa/a;La0/e;Landroid/app/KeyguardManager;La3/b;|V
com.braze.ui.inappmessage.listeners.DefaultInAppMessageWebViewClientListener	onCustomEventAction	public	15	inv	direct|None|v8|Lcom/braze/ui/inappmessage/listeners/DefaultInAppMessageWebViewClientListener;|getInAppMessageManager||Lcom/braze/ui/inappmessage/BrazeInAppMessageManager;
com.braze.ui.inappmessage.listeners.DefaultInAppMessageWebViewClientListener	onCustomEventAction	public	16	inv	virtual|None|v0|Lcom/braze/ui/inappmessage/InAppMessageManagerBase;|getHtmlInAppMessageActionListener||Lcom/braze/ui/inappmessage/listeners/IHtmlInAppMessageActionListener;
com.braze.ui.inappmessage.listeners.DefaultInAppMessageWebViewClientListener	onCustomEventAction	public	17	inv	interface|None|v0, v9, v10, v11|Lcom/braze/ui/inappmessage/listeners/IHtmlInAppMessageActionListener;|onCustomEventFired|Lbo/app/g1$f;Landroid/app/NotificationChannel;La3/b;|Z
com.braze.ui.inappmessage.listeners.DefaultInAppMessageWebViewClientListener	onCustomEventAction	public	18	sget	9|Lcom/braze/ui/inappmessage/listeners/DefaultInAppMessageWebViewClientListener;|Companion|Lcom/braze/ui/inappmessage/listeners/DefaultInAppMessageWebViewClientListener$Companion;
com.braze.ui.inappmessage.listeners.DefaultInAppMessageWebViewClientListener	onCustomEventAction	public	19	inv	virtual|None|v9, v11|Lcom/braze/ui/inappmessage/listeners/DefaultInAppMessageWebViewClientListener$Companion;|parseCustomEventNameFromQueryBundle|Landroid/os/Bundle;|Ljava/lang/String;
com.braze.ui.inappmessage.listeners.DefaultInAppMessageWebViewClientListener	onCustomEventAction	public	20	inv	static|None|v10|Lkotlin/text/o;|g|Ljava/lang/CharSequence;|Z
com.braze.ui.inappmessage.listeners.DefaultInAppMessageWebViewClientListener	onCustomEventAction	public	21	inv	virtual|None|v9, v11|Lcom/braze/ui/inappmessage/listeners/DefaultInAppMessageWebViewClientListener$Companion;|parsePropertiesFromQueryBundle|Landroid/os/Bundle;|Lcom/braze/models/outgoing/BrazeProperties;
com.braze.ui.inappmessage.listeners.DefaultInAppMessageWebViewClientListener	onCustomEventAction	public	22	inv	direct|None|v8|Lcom/braze/ui/inappmessage/listeners/DefaultInAppMessageWebViewClientListener;|getInAppMessageManager||Lcom/braze/ui/inappmessage/BrazeInAppMessageManager;
com.braze.ui.inappmessage.listeners.DefaultInAppMessageWebViewClientListener	onCustomEventAction	public	23	inv	virtual|None|v8|Lcom/braze/ui/inappmessage/InAppMessageManagerBase;|getActivity||Landroid/app/Activity;
com.braze.ui.inappmessage.listeners.DefaultInAppMessageWebViewClientListener	onCustomEventAction	public	24	sget	11|Lcom/braze/Braze;|Companion|Lcom/braze/Braze$Companion;
com.braze.ui.inappmessage.listeners.DefaultInAppMessageWebViewClientListener	onCustomEventAction	public	25	inv	virtual|None|v11, v8|Lcom/braze/Braze$Companion;|getInstance|Landroid/content/Context;|Lcom/braze/Braze;
com.braze.ui.inappmessage.listeners.DefaultInAppMessageWebViewClientListener	onCustomEventAction	public	26	inv	virtual|None|v8, v10, v9|Lcom/braze/Braze;|logCustomEvent|Landroid/app/NotificationChannel;La3/b;|V
com.braze.ui.inappmessage.listeners.DefaultInAppMessageWebViewClientListener	onNewsfeedAction	public	0	other	.registers 12
com.braze.ui.inappmessage.listeners.DefaultInAppMessageWebViewClientListener	onNewsfeedAction	public	1	cstr	0|inAppMessage
com.braze.ui.inappmessage.listeners.DefaultInAppMessageWebViewClientListener	onNewsfeedAction	public	2	inv	static|None|v9, v0|Lkotlin/jvm/internal/Intrinsics;|checkNotNullParameter|Landroid/app/KeyguardManager;La3/b;|V
com.braze.ui.inappmessage.listeners.DefaultInAppMessageWebViewClientListener	onNewsfeedAction	public	3	cstr	0|url
com.braze.ui.inappmessage.listeners.DefaultInAppMessageWebViewClientListener	onNewsfeedAction	public	4	inv	static|None|v10, v0|Lkotlin/jvm/internal/Intrinsics;|checkNotNullParameter|Landroid/app/KeyguardManager;La3/b;|V
com.braze.ui.inappmessage.listeners.DefaultInAppMessageWebViewClientListener	onNewsfeedAction	public	5	cstr	0|queryBundle
com.braze.ui.inappmessage.listeners.DefaultInAppMessageWebViewClientListener	onNewsfeedAction	public	6	inv	static|None|v11, v0|Lkotlin/jvm/internal/Intrinsics;|checkNotNullParameter|Landroid/app/KeyguardManager;La3/b;|V
com.braze.ui.inappmessage.listeners.DefaultInAppMessageWebViewClientListener	onNewsfeedAction	public	7	sget	0|Lcom/braze/support/BrazeLogger;|INSTANCE|Lcom/braze/support/BrazeLogger;
com.braze.ui.inappmessage.listeners.DefaultInAppMessageWebViewClientListener	onNewsfeedAction	public	8	sget	5|Lcom/braze/ui/inappmessage/listeners/DefaultInAppMessageWebViewClientListener$onNewsfeedAction$1;|INSTANCE|Lcom/braze/ui/inappmessage/listeners/DefaultInAppMessageWebViewClientListener$onNewsfeedAction$1;
com.braze.ui.inappmessage.listeners.DefaultInAppMessageWebViewClientListener	onNewsfeedAction	public	9	inv	static|/range|v1, v2, v3, v4, v5, v6, v7|Lcom/braze/support/BrazeLogger;|brazelog$default|BBBLa/a;La0/e;Landroid/app/KeyguardManager;La3/b;|V
com.braze.ui.inappmessage.listeners.DefaultInAppMessageWebViewClientListener	onNewsfeedAction	public	10	inv	direct|None|v8|Lcom/braze/ui/inappmessage/listeners/DefaultInAppMessageWebViewClientListener;|getInAppMessageManager||Lcom/braze/ui/inappmessage/BrazeInAppMessageManager;
com.braze.ui.inappmessage.listeners.DefaultInAppMessageWebViewClientListener	onNewsfeedAction	public	11	inv	virtual|None|v1|Lcom/braze/ui/inappmessage/InAppMessageManagerBase;|getActivity||Landroid/app/Activity;
com.braze.ui.inappmessage.listeners.DefaultInAppMessageWebViewClientListener	onNewsfeedAction	public	12	sget	3|Lcom/braze/support/BrazeLogger$Priority;|W|Lcom/braze/support/BrazeLogger$Priority;
com.braze.ui.inappmessage.listeners.DefaultInAppMessageWebViewClientListener	onNewsfeedAction	public	13	sget	5|Lcom/braze/ui/inappmessage/listeners/DefaultInAppMessageWebViewClientListener$onNewsfeedAction$2;|INSTANCE|Lcom/braze/ui/inappmessage/listeners/DefaultInAppMessageWebViewClientListener$onNewsfeedAction$2;
com.braze.ui.inappmessage.listeners.DefaultInAppMessageWebViewClientListener	onNewsfeedAction	public	14	inv	static|/range|v1, v2, v3, v4, v5, v6, v7|Lcom/braze/support/BrazeLogger;|brazelog$default|BBBLa/a;La0/e;Landroid/app/KeyguardManager;La3/b;|V
com.braze.ui.inappmessage.listeners.DefaultInAppMessageWebViewClientListener	onNewsfeedAction	public	15	sget	0|Lcom/braze/ui/inappmessage/listeners/DefaultInAppMessageWebViewClientListener;|Companion|Lcom/braze/ui/inappmessage/listeners/DefaultInAppMessageWebViewClientListener$Companion;
com.braze.ui.inappmessage.listeners.DefaultInAppMessageWebViewClientListener	onNewsfeedAction	public	16	inv	virtual|None|v0, v9, v11|Lcom/braze/ui/inappmessage/listeners/DefaultInAppMessageWebViewClientListener$Companion;|logHtmlInAppMessageClick|Lbo/app/g1$f;Landroid/adservices/measurement/DeletionRequest$Builder;|V
com.braze.ui.inappmessage.listeners.DefaultInAppMessageWebViewClientListener	onNewsfeedAction	public	17	inv	direct|None|v8|Lcom/braze/ui/inappmessage/listeners/DefaultInAppMessageWebViewClientListener;|getInAppMessageManager||Lcom/braze/ui/inappmessage/BrazeInAppMessageManager;
com.braze.ui.inappmessage.listeners.DefaultInAppMessageWebViewClientListener	onNewsfeedAction	public	18	inv	virtual|None|v0|Lcom/braze/ui/inappmessage/InAppMessageManagerBase;|getHtmlInAppMessageActionListener||Lcom/braze/ui/inappmessage/listeners/IHtmlInAppMessageActionListener;
com.braze.ui.inappmessage.listeners.DefaultInAppMessageWebViewClientListener	onNewsfeedAction	public	19	inv	interface|None|v0, v9, v10, v11|Lcom/braze/ui/inappmessage/listeners/IHtmlInAppMessageActionListener;|onNewsfeedClicked|Lbo/app/g1$f;Landroid/app/NotificationChannel;La3/b;|Z
com.braze.ui.inappmessage.listeners.DefaultInAppMessageWebViewClientListener	onNewsfeedAction	public	20	inv	interface|None|v9, v10|Lcom/braze/models/inappmessage/IInAppMessage;|setAnimateOut|Z|V
com.braze.ui.inappmessage.listeners.DefaultInAppMessageWebViewClientListener	onNewsfeedAction	public	21	inv	direct|None|v8|Lcom/braze/ui/inappmessage/listeners/DefaultInAppMessageWebViewClientListener;|getInAppMessageManager||Lcom/braze/ui/inappmessage/BrazeInAppMessageManager;
com.braze.ui.inappmessage.listeners.DefaultInAppMessageWebViewClientListener	onNewsfeedAction	public	22	inv	virtual|None|v11, v10|Lcom/braze/ui/inappmessage/BrazeInAppMessageManager;|hideCurrentlyDisplayingInAppMessage|Z|V
com.braze.ui.inappmessage.listeners.DefaultInAppMessageWebViewClientListener	onNewsfeedAction	public	23	new	10|Lcom/braze/ui/actions/NewsfeedAction;
com.braze.ui.inappmessage.listeners.DefaultInAppMessageWebViewClientListener	onNewsfeedAction	public	24	inv	interface|None|v9|Lcom/braze/models/inappmessage/IInAppMessage;|getExtras||Ljava/util/Map;
com.braze.ui.inappmessage.listeners.DefaultInAppMessageWebViewClientListener	onNewsfeedAction	public	25	inv	static|None|v9|Lcom/braze/support/BundleUtils;|toBundle|Ljava/util/Map;|Landroid/os/Bundle;
com.braze.ui.inappmessage.listeners.DefaultInAppMessageWebViewClientListener	onNewsfeedAction	public	26	sget	11|Lcom/braze/enums/Channel;|INAPP_MESSAGE|Lcom/braze/enums/Channel;
com.braze.ui.inappmessage.listeners.DefaultInAppMessageWebViewClientListener	onNewsfeedAction	public	27	other	invoke-direct {v10, v9, v11}, Lcom/braze/ui/actions/NewsfeedAction;-><init>(BB)V
com.braze.ui.inappmessage.listeners.DefaultInAppMessageWebViewClientListener	onNewsfeedAction	public	28	inv	direct|None|v8|Lcom/braze/ui/inappmessage/listeners/DefaultInAppMessageWebViewClientListener;|getInAppMessageManager||Lcom/braze/ui/inappmessage/BrazeInAppMessageManager;
com.braze.ui.inappmessage.listeners.DefaultInAppMessageWebViewClientListener	onNewsfeedAction	public	29	inv	virtual|None|v8|Lcom/braze/ui/inappmessage/InAppMessageManagerBase;|getActivity||Landroid/app/Activity;
com.braze.ui.inappmessage.listeners.DefaultInAppMessageWebViewClientListener	onNewsfeedAction	public	30	sget	9|Lcom/braze/ui/BrazeDeeplinkHandler;|Companion|Lcom/braze/ui/BrazeDeeplinkHandler$Companion;
com.braze.ui.inappmessage.listeners.DefaultInAppMessageWebViewClientListener	onNewsfeedAction	public	31	inv	virtual|None|v9|Lcom/braze/ui/BrazeDeeplinkHandler$Companion;|getInstance||Lcom/braze/IBrazeDeeplinkHandler;
com.braze.ui.inappmessage.listeners.DefaultInAppMessageWebViewClientListener	onNewsfeedAction	public	32	inv	interface|None|v9, v8, v10|Lcom/braze/IBrazeDeeplinkHandler;|gotoNewsFeed|BB|V
com.braze.ui.inappmessage.listeners.DefaultInAppMessageWebViewClientListener	onOtherUrlAction	public	0	other	.registers 12
com.braze.ui.inappmessage.listeners.DefaultInAppMessageWebViewClientListener	onOtherUrlAction	public	1	cstr	0|inAppMessage
com.braze.ui.inappmessage.listeners.DefaultInAppMessageWebViewClientListener	onOtherUrlAction	public	2	inv	static|None|v9, v0|Lkotlin/jvm/internal/Intrinsics;|checkNotNullParameter|Landroid/app/KeyguardManager;La3/b;|V
com.braze.ui.inappmessage.listeners.DefaultInAppMessageWebViewClientListener	onOtherUrlAction	public	3	cstr	0|url
com.braze.ui.inappmessage.listeners.DefaultInAppMessageWebViewClientListener	onOtherUrlAction	public	4	inv	static|None|v10, v0|Lkotlin/jvm/internal/Intrinsics;|checkNotNullParameter|Landroid/app/KeyguardManager;La3/b;|V
com.braze.ui.inappmessage.listeners.DefaultInAppMessageWebViewClientListener	onOtherUrlAction	public	5	cstr	0|queryBundle
com.braze.ui.inappmessage.listeners.DefaultInAppMessageWebViewClientListener	onOtherUrlAction	public	6	inv	static|None|v11, v0|Lkotlin/jvm/internal/Intrinsics;|checkNotNullParameter|Landroid/app/KeyguardManager;La3/b;|V
com.braze.ui.inappmessage.listeners.DefaultInAppMessageWebViewClientListener	onOtherUrlAction	public	7	sget	0|Lcom/braze/support/BrazeLogger;|INSTANCE|Lcom/braze/support/BrazeLogger;
com.braze.ui.inappmessage.listeners.DefaultInAppMessageWebViewClientListener	onOtherUrlAction	public	8	sget	5|Lcom/braze/ui/inappmessage/listeners/DefaultInAppMessageWebViewClientListener$onOtherUrlAction$1;|INSTANCE|Lcom/braze/ui/inappmessage/listeners/DefaultInAppMessageWebViewClientListener$onOtherUrlAction$1;
com.braze.ui.inappmessage.listeners.DefaultInAppMessageWebViewClientListener	onOtherUrlAction	public	9	inv	static|/range|v1, v2, v3, v4, v5, v6, v7|Lcom/braze/support/BrazeLogger;|brazelog$default|BBBLa/a;La0/e;Landroid/app/KeyguardManager;La3/b;|V
com.braze.ui.inappmessage.listeners.DefaultInAppMessageWebViewClientListener	onOtherUrlAction	public	10	inv	direct|None|v8|Lcom/braze/ui/inappmessage/listeners/DefaultInAppMessageWebViewClientListener;|getInAppMessageManager||Lcom/braze/ui/inappmessage/BrazeInAppMessageManager;
com.braze.ui.inappmessage.listeners.DefaultInAppMessageWebViewClientListener	onOtherUrlAction	public	11	inv	virtual|None|v1|Lcom/braze/ui/inappmessage/InAppMessageManagerBase;|getActivity||Landroid/app/Activity;
com.braze.ui.inappmessage.listeners.DefaultInAppMessageWebViewClientListener	onOtherUrlAction	public	12	sget	3|Lcom/braze/support/BrazeLogger$Priority;|W|Lcom/braze/support/BrazeLogger$Priority;
com.braze.ui.inappmessage.listeners.DefaultInAppMessageWebViewClientListener	onOtherUrlAction	public	13	new	5|Lcom/braze/ui/inappmessage/listeners/DefaultInAppMessageWebViewClientListener$onOtherUrlAction$2;
com.braze.ui.inappmessage.listeners.DefaultInAppMessageWebViewClientListener	onOtherUrlAction	public	14	other	invoke-direct {v5, v10}, Lcom/braze/ui/inappmessage/listeners/DefaultInAppMessageWebViewClientListener$onOtherUrlAction$2;-><init>(Ljava/lang/String;)V
com.braze.ui.inappmessage.listeners.DefaultInAppMessageWebViewClientListener	onOtherUrlAction	public	15	inv	static|/range|v1, v2, v3, v4, v5, v6, v7|Lcom/braze/support/BrazeLogger;|brazelog$default|BBBLa/a;La0/e;Landroid/app/KeyguardManager;La3/b;|V
com.braze.ui.inappmessage.listeners.DefaultInAppMessageWebViewClientListener	onOtherUrlAction	public	16	sget	1|Lcom/braze/ui/inappmessage/listeners/DefaultInAppMessageWebViewClientListener;|Companion|Lcom/braze/ui/inappmessage/listeners/DefaultInAppMessageWebViewClientListener$Companion;
com.braze.ui.inappmessage.listeners.DefaultInAppMessageWebViewClientListener	onOtherUrlAction	public	17	inv	virtual|None|v1, v9, v11|Lcom/braze/ui/inappmessage/listeners/DefaultInAppMessageWebViewClientListener$Companion;|logHtmlInAppMessageClick|Lbo/app/g1$f;Landroid/adservices/measurement/DeletionRequest$Builder;|V
com.braze.ui.inappmessage.listeners.DefaultInAppMessageWebViewClientListener	onOtherUrlAction	public	18	inv	direct|None|v8|Lcom/braze/ui/inappmessage/listeners/DefaultInAppMessageWebViewClientListener;|getInAppMessageManager||Lcom/braze/ui/inappmessage/BrazeInAppMessageManager;
com.braze.ui.inappmessage.listeners.DefaultInAppMessageWebViewClientListener	onOtherUrlAction	public	19	inv	virtual|None|v2|Lcom/braze/ui/inappmessage/InAppMessageManagerBase;|getHtmlInAppMessageActionListener||Lcom/braze/ui/inappmessage/listeners/IHtmlInAppMessageActionListener;
com.braze.ui.inappmessage.listeners.DefaultInAppMessageWebViewClientListener	onOtherUrlAction	public	20	inv	interface|None|v2, v9, v10, v11|Lcom/braze/ui/inappmessage/listeners/IHtmlInAppMessageActionListener;|onOtherUrlAction|Lbo/app/g1$f;Landroid/app/NotificationChannel;La3/b;|Z
com.braze.ui.inappmessage.listeners.DefaultInAppMessageWebViewClientListener	onOtherUrlAction	public	21	sget	3|Lcom/braze/support/BrazeLogger$Priority;|V|Lcom/braze/support/BrazeLogger$Priority;
com.braze.ui.inappmessage.listeners.DefaultInAppMessageWebViewClientListener	onOtherUrlAction	public	22	new	5|Lcom/braze/ui/inappmessage/listeners/DefaultInAppMessageWebViewClientListener$onOtherUrlAction$3;
com.braze.ui.inappmessage.listeners.DefaultInAppMessageWebViewClientListener	onOtherUrlAction	public	23	other	invoke-direct {v5, v10}, Lcom/braze/ui/inappmessage/listeners/DefaultInAppMessageWebViewClientListener$onOtherUrlAction$3;-><init>(Ljava/lang/String;)V
com.braze.ui.inappmessage.listeners.DefaultInAppMessageWebViewClientListener	onOtherUrlAction	public	24	inv	virtual|None|v1, v9, v11|Lcom/braze/ui/inappmessage/listeners/DefaultInAppMessageWebViewClientListener$Companion;|parseUseWebViewFromQueryBundle|Lbo/app/g1$f;Landroid/adservices/measurement/DeletionRequest$Builder;|Z
com.braze.ui.inappmessage.listeners.DefaultInAppMessageWebViewClientListener	onOtherUrlAction	public	25	inv	interface|None|v9|Lcom/braze/models/inappmessage/IInAppMessage;|getExtras||Ljava/util/Map;
com.braze.ui.inappmessage.listeners.DefaultInAppMessageWebViewClientListener	onOtherUrlAction	public	26	inv	static|None|v2|Lcom/braze/support/BundleUtils;|toBundle|Ljava/util/Map;|Landroid/os/Bundle;
com.braze.ui.inappmessage.listeners.DefaultInAppMessageWebViewClientListener	onOtherUrlAction	public	27	inv	virtual|None|v2, v11|Landroid/os/Bundle;|putAll|Landroid/os/Bundle;|V
com.braze.ui.inappmessage.listeners.DefaultInAppMessageWebViewClientListener	onOtherUrlAction	public	28	sget	11|Lcom/braze/ui/BrazeDeeplinkHandler;|Companion|Lcom/braze/ui/BrazeDeeplinkHandler$Companion;
com.braze.ui.inappmessage.listeners.DefaultInAppMessageWebViewClientListener	onOtherUrlAction	public	29	inv	virtual|None|v11|Lcom/braze/ui/BrazeDeeplinkHandler$Companion;|getInstance||Lcom/braze/IBrazeDeeplinkHandler;
com.braze.ui.inappmessage.listeners.DefaultInAppMessageWebViewClientListener	onOtherUrlAction	public	30	sget	4|Lcom/braze/enums/Channel;|INAPP_MESSAGE|Lcom/braze/enums/Channel;
com.braze.ui.inappmessage.listeners.DefaultInAppMessageWebViewClientListener	onOtherUrlAction	public	31	inv	interface|None|v3, v10, v2, v1, v4|Lcom/braze/IBrazeDeeplinkHandler;|createUriActionFromUrlString|BBBLandroid/app/NotificationChannel;|Lcom/braze/ui/actions/UriAction;
com.braze.ui.inappmessage.listeners.DefaultInAppMessageWebViewClientListener	onOtherUrlAction	public	32	sget	3|Lcom/braze/support/BrazeLogger$Priority;|W|Lcom/braze/support/BrazeLogger$Priority;
com.braze.ui.inappmessage.listeners.DefaultInAppMessageWebViewClientListener	onOtherUrlAction	public	33	new	5|Lcom/braze/ui/inappmessage/listeners/DefaultInAppMessageWebViewClientListener$onOtherUrlAction$4;
com.braze.ui.inappmessage.listeners.DefaultInAppMessageWebViewClientListener	onOtherUrlAction	public	34	other	invoke-direct {v5, v10}, Lcom/braze/ui/inappmessage/listeners/DefaultInAppMessageWebViewClientListener$onOtherUrlAction$4;-><init>(Ljava/lang/String;)V
com.braze.ui.inappmessage.listeners.DefaultInAppMessageWebViewClientListener	onOtherUrlAction	public	35	inv	virtual|None|v1|Lcom/braze/ui/actions/UriAction;|getUri||Landroid/net/Uri;
com.braze.ui.inappmessage.listeners.DefaultInAppMessageWebViewClientListener	onOtherUrlAction	public	36	inv	static|None|v2|Lcom/braze/support/BrazeFileUtils;|isLocalUri|Landroid/net/Uri;|Z
com.braze.ui.inappmessage.listeners.DefaultInAppMessageWebViewClientListener	onOtherUrlAction	public	37	sget	3|Lcom/braze/support/BrazeLogger$Priority;|W|Lcom/braze/support/BrazeLogger$Priority;
com.braze.ui.inappmessage.listeners.DefaultInAppMessageWebViewClientListener	onOtherUrlAction	public	38	new	5|Lcom/braze/ui/inappmessage/listeners/DefaultInAppMessageWebViewClientListener$onOtherUrlAction$5;
com.braze.ui.inappmessage.listeners.DefaultInAppMessageWebViewClientListener	onOtherUrlAction	public	39	other	invoke-direct {v5, v2, v10}, Lcom/braze/ui/inappmessage/listeners/DefaultInAppMessageWebViewClientListener$onOtherUrlAction$5;-><init>(BB)V
com.braze.ui.inappmessage.listeners.DefaultInAppMessageWebViewClientListener	onOtherUrlAction	public	40	inv	interface|None|v9, v10|Lcom/braze/models/inappmessage/IInAppMessage;|setAnimateOut|Z|V
com.braze.ui.inappmessage.listeners.DefaultInAppMessageWebViewClientListener	onOtherUrlAction	public	41	inv	direct|None|v8|Lcom/braze/ui/inappmessage/listeners/DefaultInAppMessageWebViewClientListener;|getInAppMessageManager||Lcom/braze/ui/inappmessage/BrazeInAppMessageManager;
com.braze.ui.inappmessage.listeners.DefaultInAppMessageWebViewClientListener	onOtherUrlAction	public	42	inv	virtual|None|v9, v10|Lcom/braze/ui/inappmessage/BrazeInAppMessageManager;|hideCurrentlyDisplayingInAppMessage|Z|V
com.braze.ui.inappmessage.listeners.DefaultInAppMessageWebViewClientListener	onOtherUrlAction	public	43	inv	direct|None|v8|Lcom/braze/ui/inappmessage/listeners/DefaultInAppMessageWebViewClientListener;|getInAppMessageManager||Lcom/braze/ui/inappmessage/BrazeInAppMessageManager;
com.braze.ui.inappmessage.listeners.DefaultInAppMessageWebViewClientListener	onOtherUrlAction	public	44	inv	virtual|None|v8|Lcom/braze/ui/inappmessage/InAppMessageManagerBase;|getActivity||Landroid/app/Activity;
com.braze.ui.inappmessage.listeners.DefaultInAppMessageWebViewClientListener	onOtherUrlAction	public	45	inv	virtual|None|v11|Lcom/braze/ui/BrazeDeeplinkHandler$Companion;|getInstance||Lcom/braze/IBrazeDeeplinkHandler;
com.braze.ui.inappmessage.listeners.DefaultInAppMessageWebViewClientListener	onOtherUrlAction	public	46	inv	interface|None|v9, v8, v1|Lcom/braze/IBrazeDeeplinkHandler;|gotoUri|BB|V
com.braze.ui.inappmessage.utils.InAppMessageWebViewClient$Companion	<init>		0	other	.registers 1
com.braze.ui.inappmessage.utils.InAppMessageWebViewClient$Companion	<init>		1	other	invoke-direct {v0}, Ljava/lang/Object;-><init>()V
com.braze.ui.inappmessage.utils.InAppMessageWebViewClient$Companion	<init>		0	other	.registers 2
com.braze.ui.inappmessage.utils.InAppMessageWebViewClient$Companion	<init>		1	other	invoke-direct {v0}, Lcom/braze/ui/inappmessage/utils/InAppMessageWebViewClient$Companion;-><init>()V
com.braze.ui.inappmessage.utils.InAppMessageWebViewClient$Companion	getBundleFromUrl	public	0	other	.registers 4
com.braze.ui.inappmessage.utils.InAppMessageWebViewClient$Companion	getBundleFromUrl	public	1	cstr	2|url
com.braze.ui.inappmessage.utils.InAppMessageWebViewClient$Companion	getBundleFromUrl	public	2	inv	static|None|v3, v2|Lkotlin/jvm/internal/Intrinsics;|checkNotNullParameter|Landroid/app/KeyguardManager;La3/b;|V
com.braze.ui.inappmessage.utils.InAppMessageWebViewClient$Companion	getBundleFromUrl	public	3	new	2|Landroid/os/Bundle;
com.braze.ui.inappmessage.utils.InAppMessageWebViewClient$Companion	getBundleFromUrl	public	4	other	invoke-direct {v2}, Landroid/os/Bundle;-><init>()V
com.braze.ui.inappmessage.utils.InAppMessageWebViewClient$Companion	getBundleFromUrl	public	5	inv	static|None|v3|Lkotlin/text/o;|g|Ljava/lang/CharSequence;|Z
com.braze.ui.inappmessage.utils.InAppMessageWebViewClient$Companion	getBundleFromUrl	public	6	inv	static|None|v3|Landroid/net/Uri;|parse|Ljava/lang/String;|Landroid/net/Uri;
com.braze.ui.inappmessage.utils.InAppMessageWebViewClient$Companion	getBundleFromUrl	public	7	cstr	0|uri
com.braze.ui.inappmessage.utils.InAppMessageWebViewClient$Companion	getBundleFromUrl	public	8	inv	static|None|v3, v0|Lkotlin/jvm/internal/Intrinsics;|checkNotNullExpressionValue|Landroid/app/KeyguardManager;La3/b;|V
com.braze.ui.inappmessage.utils.InAppMessageWebViewClient$Companion	getBundleFromUrl	public	9	inv	static|None|v3|Lcom/braze/ui/support/UriUtils;|getQueryParameters|Landroid/net/Uri;|Ljava/util/Map;
com.braze.ui.inappmessage.utils.InAppMessageWebViewClient$Companion	getBundleFromUrl	public	10	inv	interface|None|v3|Ljava/util/Map;|entrySet||Ljava/util/Set;
com.braze.ui.inappmessage.utils.InAppMessageWebViewClient$Companion	getBundleFromUrl	public	11	inv	interface|None|v3|Ljava/util/Set;|iterator||Ljava/util/Iterator;
com.braze.ui.inappmessage.utils.InAppMessageWebViewClient$Companion	getBundleFromUrl	public	12	inv	interface|None|v3|Ljava/util/Iterator;|hasNext||Z
com.braze.ui.inappmessage.utils.InAppMessageWebViewClient$Companion	getBundleFromUrl	public	13	inv	interface|None|v3|Ljava/util/Iterator;|next||Ljava/lang/Object;
com.braze.ui.inappmessage.utils.InAppMessageWebViewClient$Companion	getBundleFromUrl	public	14	ccast	0|Ljava/util/Map$Entry;
com.braze.ui.inappmessage.utils.InAppMessageWebViewClient$Companion	getBundleFromUrl	public	15	inv	interface|None|v0|Ljava/util/Map$Entry;|getKey||Ljava/lang/Object;
com.braze.ui.inappmessage.utils.InAppMessageWebViewClient$Companion	getBundleFromUrl	public	16	ccast	1|Ljava/lang/String;
com.braze.ui.inappmessage.utils.InAppMessageWebViewClient$Companion	getBundleFromUrl	public	17	inv	interface|None|v0|Ljava/util/Map$Entry;|getValue||Ljava/lang/Object;
com.braze.ui.inappmessage.utils.InAppMessageWebViewClient$Companion	getBundleFromUrl	public	18	ccast	0|Ljava/lang/String;
com.braze.ui.inappmessage.utils.InAppMessageWebViewClient$Companion	getBundleFromUrl	public	19	inv	virtual|None|v2, v1, v0|Landroid/os/BaseBundle;|putString|Landroid/app/NotificationChannel;La3/b;|V
com.braze.ui.inappmessage.utils.InAppMessageWebViewClient$appendBridgeJavascript$javascriptString$1	<clinit>		0	other	.registers 1
com.braze.ui.inappmessage.utils.InAppMessageWebViewClient$appendBridgeJavascript$javascriptString$1	<clinit>		1	new	0|Lcom/braze/ui/inappmessage/utils/InAppMessageWebViewClient$appendBridgeJavascript$javascriptString$1;
com.braze.ui.inappmessage.utils.InAppMessageWebViewClient$appendBridgeJavascript$javascriptString$1	<clinit>		2	other	invoke-direct {v0}, Lcom/braze/ui/inappmessage/utils/InAppMessageWebViewClient$appendBridgeJavascript$javascriptString$1;-><init>()V
com.braze.ui.inappmessage.utils.InAppMessageWebViewClient$appendBridgeJavascript$javascriptString$1	<clinit>		3	other	sput-object v0, Lcom/braze/ui/inappmessage/utils/InAppMessageWebViewClient$appendBridgeJavascript$javascriptString$1;->INSTANCE:Lcom/braze/ui/inappmessage/utils/InAppMessageWebViewClient$appendBridgeJavascript$javascriptString$1;
com.braze.ui.inappmessage.utils.InAppMessageWebViewClient$appendBridgeJavascript$javascriptString$1	<init>		0	other	.registers 2
com.braze.ui.inappmessage.utils.InAppMessageWebViewClient$appendBridgeJavascript$javascriptString$1	<init>		1	other	invoke-direct {v1, v0}, Lkotlin/jvm/internal/i;-><init>(I)V
com.braze.ui.inappmessage.utils.InAppMessageWebViewClient$appendBridgeJavascript$javascriptString$1	invoke	final,public	0	other	.registers 1
com.braze.ui.inappmessage.utils.InAppMessageWebViewClient$appendBridgeJavascript$javascriptString$1	invoke	final,public	1	inv	virtual|None|v0|Lcom/braze/ui/inappmessage/utils/InAppMessageWebViewClient$appendBridgeJavascript$javascriptString$1;|invoke||Ljava/lang/String;
com.braze.ui.inappmessage.utils.InAppMessageWebViewClient$appendBridgeJavascript$javascriptString$1	invoke	public	0	other	.registers 1
com.braze.ui.inappmessage.utils.InAppMessageWebViewClient$appendBridgeJavascript$javascriptString$1	invoke	public	1	cstr	0|Failed to get HTML in-app message javascript additions
com.braze.ui.inappmessage.utils.InAppMessageWebViewClient$handleUrlOverride$1	<clinit>		0	other	.registers 1
com.braze.ui.inappmessage.utils.InAppMessageWebViewClient$handleUrlOverride$1	<clinit>		1	new	0|Lcom/braze/ui/inappmessage/utils/InAppMessageWebViewClient$handleUrlOverride$1;
com.braze.ui.inappmessage.utils.InAppMessageWebViewClient$handleUrlOverride$1	<clinit>		2	other	invoke-direct {v0}, Lcom/braze/ui/inappmessage/utils/InAppMessageWebViewClient$handleUrlOverride$1;-><init>()V
com.braze.ui.inappmessage.utils.InAppMessageWebViewClient$handleUrlOverride$1	<clinit>		3	other	sput-object v0, Lcom/braze/ui/inappmessage/utils/InAppMessageWebViewClient$handleUrlOverride$1;->INSTANCE:Lcom/braze/ui/inappmessage/utils/InAppMessageWebViewClient$handleUrlOverride$1;
com.braze.ui.inappmessage.utils.InAppMessageWebViewClient$handleUrlOverride$1	<init>		0	other	.registers 2
com.braze.ui.inappmessage.utils.InAppMessageWebViewClient$handleUrlOverride$1	<init>		1	other	invoke-direct {v1, v0}, Lkotlin/jvm/internal/i;-><init>(I)V
com.braze.ui.inappmessage.utils.InAppMessageWebViewClient$handleUrlOverride$1	invoke	final,public	0	other	.registers 1
com.braze.ui.inappmessage.utils.InAppMessageWebViewClient$handleUrlOverride$1	invoke	final,public	1	inv	virtual|None|v0|Lcom/braze/ui/inappmessage/utils/InAppMessageWebViewClient$handleUrlOverride$1;|invoke||Ljava/lang/String;
com.braze.ui.inappmessage.utils.InAppMessageWebViewClient$handleUrlOverride$1	invoke	public	0	other	.registers 1
com.braze.ui.inappmessage.utils.InAppMessageWebViewClient$handleUrlOverride$1	invoke	public	1	cstr	0|InAppMessageWebViewClient was given null IInAppMessageWebViewClientListener listener. Returning true.
com.braze.ui.inappmessage.utils.InAppMessageWebViewClient$handleUrlOverride$2	<clinit>		0	other	.registers 1
com.braze.ui.inappmessage.utils.InAppMessageWebViewClient$handleUrlOverride$2	<clinit>		1	new	0|Lcom/braze/ui/inappmessage/utils/InAppMessageWebViewClient$handleUrlOverride$2;
com.braze.ui.inappmessage.utils.InAppMessageWebViewClient$handleUrlOverride$2	<clinit>		2	other	invoke-direct {v0}, Lcom/braze/ui/inappmessage/utils/InAppMessageWebViewClient$handleUrlOverride$2;-><init>()V
com.braze.ui.inappmessage.utils.InAppMessageWebViewClient$handleUrlOverride$2	<clinit>		3	other	sput-object v0, Lcom/braze/ui/inappmessage/utils/InAppMessageWebViewClient$handleUrlOverride$2;->INSTANCE:Lcom/braze/ui/inappmessage/utils/InAppMessageWebViewClient$handleUrlOverride$2;
com.braze.ui.inappmessage.utils.InAppMessageWebViewClient$handleUrlOverride$2	<init>		0	other	.registers 2
com.braze.ui.inappmessage.utils.InAppMessageWebViewClient$handleUrlOverride$2	<init>		1	other	invoke-direct {v1, v0}, Lkotlin/jvm/internal/i;-><init>(I)V
com.braze.ui.inappmessage.utils.InAppMessageWebViewClient$handleUrlOverride$2	invoke	final,public	0	other	.registers 1
com.braze.ui.inappmessage.utils.InAppMessageWebViewClient$handleUrlOverride$2	invoke	final,public	1	inv	virtual|None|v0|Lcom/braze/ui/inappmessage/utils/InAppMessageWebViewClient$handleUrlOverride$2;|invoke||Ljava/lang/String;
com.braze.ui.inappmessage.utils.InAppMessageWebViewClient$handleUrlOverride$2	invoke	public	0	other	.registers 1
com.braze.ui.inappmessage.utils.InAppMessageWebViewClient$handleUrlOverride$2	invoke	public	1	cstr	0|InAppMessageWebViewClient.shouldOverrideUrlLoading was given blank url. Returning true.
com.braze.ui.inappmessage.utils.InAppMessageWebViewClient$handleUrlOverride$3	<init>		0	other	.registers 2
com.braze.ui.inappmessage.utils.InAppMessageWebViewClient$handleUrlOverride$3	<init>		1	other	iput-object v1, v0, v9834, Lcom/braze/ui/inappmessage/utils/InAppMessageWebViewClient$handleUrlOverride$3;->$uri:Landroid/net/Uri;
com.braze.ui.inappmessage.utils.InAppMessageWebViewClient$handleUrlOverride$3	<init>		2	other	invoke-direct {v0, v1}, Lkotlin/jvm/internal/i;-><init>(I)V
com.braze.ui.inappmessage.utils.InAppMessageWebViewClient$handleUrlOverride$3	invoke	final,public	0	other	.registers 1
com.braze.ui.inappmessage.utils.InAppMessageWebViewClient$handleUrlOverride$3	invoke	final,public	1	inv	virtual|None|v0|Lcom/braze/ui/inappmessage/utils/InAppMessageWebViewClient$handleUrlOverride$3;|invoke||Ljava/lang/String;
com.braze.ui.inappmessage.utils.InAppMessageWebViewClient$handleUrlOverride$3	invoke	public	0	other	.registers 3
com.braze.ui.inappmessage.utils.InAppMessageWebViewClient$handleUrlOverride$3	invoke	public	1	new	0|Ljava/lang/StringBuilder;
com.braze.ui.inappmessage.utils.InAppMessageWebViewClient$handleUrlOverride$3	invoke	public	2	cstr	1|Uri authority was null. Uri: 
com.braze.ui.inappmessage.utils.InAppMessageWebViewClient$handleUrlOverride$3	invoke	public	3	other	invoke-direct {v0, v1}, Ljava/lang/StringBuilder;-><init>(Ljava/lang/String;)V
com.braze.ui.inappmessage.utils.InAppMessageWebViewClient$handleUrlOverride$3	invoke	public	4	other	iget-object v2, v2, v9834, Lcom/braze/ui/inappmessage/utils/InAppMessageWebViewClient$handleUrlOverride$3;->$uri:Landroid/net/Uri;
com.braze.ui.inappmessage.utils.InAppMessageWebViewClient$handleUrlOverride$3	invoke	public	5	inv	virtual|None|v0, v2|Ljava/lang/StringBuilder;|append|Ljava/lang/Object;|Ljava/lang/StringBuilder;
com.braze.ui.inappmessage.utils.InAppMessageWebViewClient$handleUrlOverride$3	invoke	public	6	inv	virtual|None|v0|Ljava/lang/StringBuilder;|toString||Ljava/lang/String;
com.braze.ui.inappmessage.utils.InAppMessageWebViewClient$handleUrlOverride$4	<init>		0	other	.registers 2
com.braze.ui.inappmessage.utils.InAppMessageWebViewClient$handleUrlOverride$4	<init>		1	other	iput-object v1, v0, v9835, Lcom/braze/ui/inappmessage/utils/InAppMessageWebViewClient$handleUrlOverride$4;->$uri:Landroid/net/Uri;
com.braze.ui.inappmessage.utils.InAppMessageWebViewClient$handleUrlOverride$4	<init>		2	other	invoke-direct {v0, v1}, Lkotlin/jvm/internal/i;-><init>(I)V
com.braze.ui.inappmessage.utils.InAppMessageWebViewClient$handleUrlOverride$4	invoke	final,public	0	other	.registers 1
com.braze.ui.inappmessage.utils.InAppMessageWebViewClient$handleUrlOverride$4	invoke	final,public	1	inv	virtual|None|v0|Lcom/braze/ui/inappmessage/utils/InAppMessageWebViewClient$handleUrlOverride$4;|invoke||Ljava/lang/String;
com.braze.ui.inappmessage.utils.InAppMessageWebViewClient$handleUrlOverride$4	invoke	public	0	other	.registers 3
com.braze.ui.inappmessage.utils.InAppMessageWebViewClient$handleUrlOverride$4	invoke	public	1	new	0|Ljava/lang/StringBuilder;
com.braze.ui.inappmessage.utils.InAppMessageWebViewClient$handleUrlOverride$4	invoke	public	2	cstr	1|Uri scheme was null or not an appboy url. Uri: 
com.braze.ui.inappmessage.utils.InAppMessageWebViewClient$handleUrlOverride$4	invoke	public	3	other	invoke-direct {v0, v1}, Ljava/lang/StringBuilder;-><init>(Ljava/lang/String;)V
com.braze.ui.inappmessage.utils.InAppMessageWebViewClient$handleUrlOverride$4	invoke	public	4	other	iget-object v2, v2, v9835, Lcom/braze/ui/inappmessage/utils/InAppMessageWebViewClient$handleUrlOverride$4;->$uri:Landroid/net/Uri;
com.braze.ui.inappmessage.utils.InAppMessageWebViewClient$handleUrlOverride$4	invoke	public	5	inv	virtual|None|v0, v2|Ljava/lang/StringBuilder;|append|Ljava/lang/Object;|Ljava/lang/StringBuilder;
com.braze.ui.inappmessage.utils.InAppMessageWebViewClient$handleUrlOverride$4	invoke	public	6	inv	virtual|None|v0|Ljava/lang/StringBuilder;|toString||Ljava/lang/String;
com.braze.ui.inappmessage.utils.InAppMessageWebViewClient$markPageFinished$1$1	<clinit>		0	other	.registers 1
com.braze.ui.inappmessage.utils.InAppMessageWebViewClient$markPageFinished$1$1	<clinit>		1	new	0|Lcom/braze/ui/inappmessage/utils/InAppMessageWebViewClient$markPageFinished$1$1;
com.braze.ui.inappmessage.utils.InAppMessageWebViewClient$markPageFinished$1$1	<clinit>		2	other	invoke-direct {v0}, Lcom/braze/ui/inappmessage/utils/InAppMessageWebViewClient$markPageFinished$1$1;-><init>()V
com.braze.ui.inappmessage.utils.InAppMessageWebViewClient$markPageFinished$1$1	<clinit>		3	other	sput-object v0, Lcom/braze/ui/inappmessage/utils/InAppMessageWebViewClient$markPageFinished$1$1;->INSTANCE:Lcom/braze/ui/inappmessage/utils/InAppMessageWebViewClient$markPageFinished$1$1;
com.braze.ui.inappmessage.utils.InAppMessageWebViewClient$markPageFinished$1$1	<init>		0	other	.registers 2
com.braze.ui.inappmessage.utils.InAppMessageWebViewClient$markPageFinished$1$1	<init>		1	other	invoke-direct {v1, v0}, Lkotlin/jvm/internal/i;-><init>(I)V
com.braze.ui.inappmessage.utils.InAppMessageWebViewClient$markPageFinished$1$1	invoke	final,public	0	other	.registers 1
com.braze.ui.inappmessage.utils.InAppMessageWebViewClient$markPageFinished$1$1	invoke	final,public	1	inv	virtual|None|v0|Lcom/braze/ui/inappmessage/utils/InAppMessageWebViewClient$markPageFinished$1$1;|invoke||Ljava/lang/String;
com.braze.ui.inappmessage.utils.InAppMessageWebViewClient$markPageFinished$1$1	invoke	public	0	other	.registers 1
com.braze.ui.inappmessage.utils.InAppMessageWebViewClient$markPageFinished$1$1	invoke	public	1	cstr	0|Page may not have finished loading, but max wait time has expired. Calling onPageFinished on listener.
com.braze.ui.inappmessage.utils.InAppMessageWebViewClient$onPageFinished$1$1	<clinit>		0	other	.registers 1
com.braze.ui.inappmessage.utils.InAppMessageWebViewClient$onPageFinished$1$1	<clinit>		1	new	0|Lcom/braze/ui/inappmessage/utils/InAppMessageWebViewClient$onPageFinished$1$1;
com.braze.ui.inappmessage.utils.InAppMessageWebViewClient$onPageFinished$1$1	<clinit>		2	other	invoke-direct {v0}, Lcom/braze/ui/inappmessage/utils/InAppMessageWebViewClient$onPageFinished$1$1;-><init>()V
com.braze.ui.inappmessage.utils.InAppMessageWebViewClient$onPageFinished$1$1	<clinit>		3	other	sput-object v0, Lcom/braze/ui/inappmessage/utils/InAppMessageWebViewClient$onPageFinished$1$1;->INSTANCE:Lcom/braze/ui/inappmessage/utils/InAppMessageWebViewClient$onPageFinished$1$1;
com.braze.ui.inappmessage.utils.InAppMessageWebViewClient$onPageFinished$1$1	<init>		0	other	.registers 2
com.braze.ui.inappmessage.utils.InAppMessageWebViewClient$onPageFinished$1$1	<init>		1	other	invoke-direct {v1, v0}, Lkotlin/jvm/internal/i;-><init>(I)V
com.braze.ui.inappmessage.utils.InAppMessageWebViewClient$onPageFinished$1$1	invoke	final,public	0	other	.registers 1
com.braze.ui.inappmessage.utils.InAppMessageWebViewClient$onPageFinished$1$1	invoke	final,public	1	inv	virtual|None|v0|Lcom/braze/ui/inappmessage/utils/InAppMessageWebViewClient$onPageFinished$1$1;|invoke||Ljava/lang/String;
com.braze.ui.inappmessage.utils.InAppMessageWebViewClient$onPageFinished$1$1	invoke	public	0	other	.registers 1
com.braze.ui.inappmessage.utils.InAppMessageWebViewClient$onPageFinished$1$1	invoke	public	1	cstr	0|Page has finished loading. Calling onPageFinished on listener
com.braze.ui.inappmessage.utils.InAppMessageWebViewClient$onRenderProcessGone$1	<clinit>		0	other	.registers 1
com.braze.ui.inappmessage.utils.InAppMessageWebViewClient$onRenderProcessGone$1	<clinit>		1	new	0|Lcom/braze/ui/inappmessage/utils/InAppMessageWebViewClient$onRenderProcessGone$1;
com.braze.ui.inappmessage.utils.InAppMessageWebViewClient$onRenderProcessGone$1	<clinit>		2	other	invoke-direct {v0}, Lcom/braze/ui/inappmessage/utils/InAppMessageWebViewClient$onRenderProcessGone$1;-><init>()V
com.braze.ui.inappmessage.utils.InAppMessageWebViewClient$onRenderProcessGone$1	<clinit>		3	other	sput-object v0, Lcom/braze/ui/inappmessage/utils/InAppMessageWebViewClient$onRenderProcessGone$1;->INSTANCE:Lcom/braze/ui/inappmessage/utils/InAppMessageWebViewClient$onRenderProcessGone$1;
com.braze.ui.inappmessage.utils.InAppMessageWebViewClient$onRenderProcessGone$1	<init>		0	other	.registers 2
com.braze.ui.inappmessage.utils.InAppMessageWebViewClient$onRenderProcessGone$1	<init>		1	other	invoke-direct {v1, v0}, Lkotlin/jvm/internal/i;-><init>(I)V
com.braze.ui.inappmessage.utils.InAppMessageWebViewClient$onRenderProcessGone$1	invoke	final,public	0	other	.registers 1
com.braze.ui.inappmessage.utils.InAppMessageWebViewClient$onRenderProcessGone$1	invoke	final,public	1	inv	virtual|None|v0|Lcom/braze/ui/inappmessage/utils/InAppMessageWebViewClient$onRenderProcessGone$1;|invoke||Ljava/lang/String;
com.braze.ui.inappmessage.utils.InAppMessageWebViewClient$onRenderProcessGone$1	invoke	public	0	other	.registers 1
com.braze.ui.inappmessage.utils.InAppMessageWebViewClient$onRenderProcessGone$1	invoke	public	1	cstr	0|The webview rendering process crashed, returning true
com.braze.ui.inappmessage.utils.InAppMessageWebViewClient$setWebViewClientStateListener$1$1	<init>		0	other	.registers 3
com.braze.ui.inappmessage.utils.InAppMessageWebViewClient$setWebViewClientStateListener$1$1	<init>		1	other	iput-object v1, v0, v9840, Lcom/braze/ui/inappmessage/utils/InAppMessageWebViewClient$setWebViewClientStateListener$1$1;->this$0:Lcom/braze/ui/inappmessage/utils/InAppMessageWebViewClient;
com.braze.ui.inappmessage.utils.InAppMessageWebViewClient$setWebViewClientStateListener$1$1	<init>		2	other	invoke-direct {v0, v1, v2}, Lp6/j;-><init>(BB)V
com.braze.ui.inappmessage.utils.InAppMessageWebViewClient$setWebViewClientStateListener$1$1	create	public	0	other	.registers 3
com.braze.ui.inappmessage.utils.InAppMessageWebViewClient$setWebViewClientStateListener$1$1	create	public	1	new	1|Lcom/braze/ui/inappmessage/utils/InAppMessageWebViewClient$setWebViewClientStateListener$1$1;
com.braze.ui.inappmessage.utils.InAppMessageWebViewClient$setWebViewClientStateListener$1$1	create	public	2	other	iget-object v0, v0, v9840, Lcom/braze/ui/inappmessage/utils/InAppMessageWebViewClient$setWebViewClientStateListener$1$1;->this$0:Lcom/braze/ui/inappmessage/utils/InAppMessageWebViewClient;
com.braze.ui.inappmessage.utils.InAppMessageWebViewClient$setWebViewClientStateListener$1$1	create	public	3	other	invoke-direct {v1, v0, v2}, Lcom/braze/ui/inappmessage/utils/InAppMessageWebViewClient$setWebViewClientStateListener$1$1;-><init>(Lbo/app/r$j;Lcom/braze/configuration/CachedConfigurationProvider$e;)V
com.braze.ui.inappmessage.utils.InAppMessageWebViewClient$setWebViewClientStateListener$1$1	invoke	public	0	other	.registers 3
com.braze.ui.inappmessage.utils.InAppMessageWebViewClient$setWebViewClientStateListener$1$1	invoke	public	1	inv	virtual|None|v0, v1, v2|Lcom/braze/ui/inappmessage/utils/InAppMessageWebViewClient$setWebViewClientStateListener$1$1;|create|Landroid/app/KeyguardManager;La3/b;|Ln6/d;
com.braze.ui.inappmessage.utils.InAppMessageWebViewClient$setWebViewClientStateListener$1$1	invoke	public	2	ccast	0|Lcom/braze/ui/inappmessage/utils/InAppMessageWebViewClient$setWebViewClientStateListener$1$1;
com.braze.ui.inappmessage.utils.InAppMessageWebViewClient$setWebViewClientStateListener$1$1	invoke	public	3	sget	1|Lkotlin/Unit;|a|Lkotlin/Unit;
com.braze.ui.inappmessage.utils.InAppMessageWebViewClient$setWebViewClientStateListener$1$1	invoke	public	4	inv	virtual|None|v0, v1|Lcom/braze/ui/inappmessage/utils/InAppMessageWebViewClient$setWebViewClientStateListener$1$1;|invokeSuspend|Ljava/lang/Object;|Ljava/lang/Object;
com.braze.ui.inappmessage.utils.InAppMessageWebViewClient$setWebViewClientStateListener$1$1	invoke	final,public	0	other	.registers 3
com.braze.ui.inappmessage.utils.InAppMessageWebViewClient$setWebViewClientStateListener$1$1	invoke	final,public	1	ccast	1|Ld7/b0;
com.braze.ui.inappmessage.utils.InAppMessageWebViewClient$setWebViewClientStateListener$1$1	invoke	final,public	2	ccast	2|Ln6/d;
com.braze.ui.inappmessage.utils.InAppMessageWebViewClient$setWebViewClientStateListener$1$1	invoke	final,public	3	inv	virtual|None|v0, v1, v2|Lcom/braze/ui/inappmessage/utils/InAppMessageWebViewClient$setWebViewClientStateListener$1$1;|invoke|Landroid/app/PendingIntent;La2/a;|Ljava/lang/Object;
com.braze.ui.inappmessage.utils.InAppMessageWebViewClient$setWebViewClientStateListener$1$1	invokeSuspend	public	0	other	.registers 3
com.braze.ui.inappmessage.utils.InAppMessageWebViewClient$setWebViewClientStateListener$1$1	invokeSuspend	public	1	inv	static|None|v2|Ll6/i;|b|Ljava/lang/Object;|V
com.braze.ui.inappmessage.utils.InAppMessageWebViewClient$setWebViewClientStateListener$1$1	invokeSuspend	public	2	other	iget-object v1, v1, v9840, Lcom/braze/ui/inappmessage/utils/InAppMessageWebViewClient$setWebViewClientStateListener$1$1;->this$0:Lcom/braze/ui/inappmessage/utils/InAppMessageWebViewClient;
com.braze.ui.inappmessage.utils.InAppMessageWebViewClient$setWebViewClientStateListener$1$1	invokeSuspend	public	3	inv	static|None|v1|Lcom/braze/ui/inappmessage/utils/InAppMessageWebViewClient;|access$markPageFinished|Lcom/braze/ui/inappmessage/utils/InAppMessageWebViewClient;|V
com.braze.ui.inappmessage.utils.InAppMessageWebViewClient$setWebViewClientStateListener$1$1	invokeSuspend	public	4	sget	1|Lkotlin/Unit;|a|Lkotlin/Unit;
com.braze.ui.inappmessage.utils.InAppMessageWebViewClient$setWebViewClientStateListener$1$1	invokeSuspend	public	5	new	1|Ljava/lang/IllegalStateException;
com.braze.ui.inappmessage.utils.InAppMessageWebViewClient$setWebViewClientStateListener$1$1	invokeSuspend	public	6	cstr	2|call to 'resume' before 'invoke' with coroutine
com.braze.ui.inappmessage.utils.InAppMessageWebViewClient$setWebViewClientStateListener$1$1	invokeSuspend	public	7	other	invoke-direct {v1, v2}, Ljava/lang/IllegalStateException;-><init>(Ljava/lang/String;)V
com.braze.ui.inappmessage.utils.InAppMessageWebViewClient$setWebViewClientStateListener$1	<init>		0	other	.registers 3
com.braze.ui.inappmessage.utils.InAppMessageWebViewClient$setWebViewClientStateListener$1	<init>		1	other	iput-object v1, v0, v9842, Lcom/braze/ui/inappmessage/utils/InAppMessageWebViewClient$setWebViewClientStateListener$1;->this$0:Lcom/braze/ui/inappmessage/utils/InAppMessageWebViewClient;
com.braze.ui.inappmessage.utils.InAppMessageWebViewClient$setWebViewClientStateListener$1	<init>		2	other	invoke-direct {v0, v1, v2}, Lp6/j;-><init>(BB)V
com.braze.ui.inappmessage.utils.InAppMessageWebViewClient$setWebViewClientStateListener$1	create	public	0	other	.registers 3
com.braze.ui.inappmessage.utils.InAppMessageWebViewClient$setWebViewClientStateListener$1	create	public	1	new	0|Lcom/braze/ui/inappmessage/utils/InAppMessageWebViewClient$setWebViewClientStateListener$1;
com.braze.ui.inappmessage.utils.InAppMessageWebViewClient$setWebViewClientStateListener$1	create	public	2	other	iget-object v1, v1, v9842, Lcom/braze/ui/inappmessage/utils/InAppMessageWebViewClient$setWebViewClientStateListener$1;->this$0:Lcom/braze/ui/inappmessage/utils/InAppMessageWebViewClient;
com.braze.ui.inappmessage.utils.InAppMessageWebViewClient$setWebViewClientStateListener$1	create	public	3	other	invoke-direct {v0, v1, v2}, Lcom/braze/ui/inappmessage/utils/InAppMessageWebViewClient$setWebViewClientStateListener$1;-><init>(Lbo/app/r$j;Lcom/braze/configuration/CachedConfigurationProvider$e;)V
com.braze.ui.inappmessage.utils.InAppMessageWebViewClient$setWebViewClientStateListener$1	invoke	final,public	0	other	.registers 2
com.braze.ui.inappmessage.utils.InAppMessageWebViewClient$setWebViewClientStateListener$1	invoke	final,public	1	ccast	1|Ln6/d;
com.braze.ui.inappmessage.utils.InAppMessageWebViewClient$setWebViewClientStateListener$1	invoke	final,public	2	inv	virtual|None|v0, v1|Lcom/braze/ui/inappmessage/utils/InAppMessageWebViewClient$setWebViewClientStateListener$1;|invoke|Ln6/d;|Ljava/lang/Object;
com.braze.ui.inappmessage.utils.InAppMessageWebViewClient$setWebViewClientStateListener$1	invoke	public	0	other	.registers 2
com.braze.ui.inappmessage.utils.InAppMessageWebViewClient$setWebViewClientStateListener$1	invoke	public	1	inv	virtual|None|v0, v1|Lcom/braze/ui/inappmessage/utils/InAppMessageWebViewClient$setWebViewClientStateListener$1;|create|Ln6/d;|Ln6/d;
com.braze.ui.inappmessage.utils.InAppMessageWebViewClient$setWebViewClientStateListener$1	invoke	public	2	ccast	0|Lcom/braze/ui/inappmessage/utils/InAppMessageWebViewClient$setWebViewClientStateListener$1;
com.braze.ui.inappmessage.utils.InAppMessageWebViewClient$setWebViewClientStateListener$1	invoke	public	3	sget	1|Lkotlin/Unit;|a|Lkotlin/Unit;
com.braze.ui.inappmessage.utils.InAppMessageWebViewClient$setWebViewClientStateListener$1	invoke	public	4	inv	virtual|None|v0, v1|Lcom/braze/ui/inappmessage/utils/InAppMessageWebViewClient$setWebViewClientStateListener$1;|invokeSuspend|Ljava/lang/Object;|Ljava/lang/Object;
com.braze.ui.inappmessage.utils.InAppMessageWebViewClient$setWebViewClientStateListener$1	invokeSuspend	public	0	other	.registers 7
com.braze.ui.inappmessage.utils.InAppMessageWebViewClient$setWebViewClientStateListener$1	invokeSuspend	public	1	sget	0|Lo6/a;|b|Lo6/a;
com.braze.ui.inappmessage.utils.InAppMessageWebViewClient$setWebViewClientStateListener$1	invokeSuspend	public	2	inv	static|None|v6|Ll6/i;|b|Ljava/lang/Object;|V
com.braze.ui.inappmessage.utils.InAppMessageWebViewClient$setWebViewClientStateListener$1	invokeSuspend	public	3	new	5|Ljava/lang/IllegalStateException;
com.braze.ui.inappmessage.utils.InAppMessageWebViewClient$setWebViewClientStateListener$1	invokeSuspend	public	4	cstr	6|call to 'resume' before 'invoke' with coroutine
com.braze.ui.inappmessage.utils.InAppMessageWebViewClient$setWebViewClientStateListener$1	invokeSuspend	public	5	other	invoke-direct {v5, v6}, Ljava/lang/IllegalStateException;-><init>(Ljava/lang/String;)V
com.braze.ui.inappmessage.utils.InAppMessageWebViewClient$setWebViewClientStateListener$1	invokeSuspend	public	6	inv	static|None|v6|Ll6/i;|b|Ljava/lang/Object;|V
com.braze.ui.inappmessage.utils.InAppMessageWebViewClient$setWebViewClientStateListener$1	invokeSuspend	public	7	sget	6|Ld7/q0;|a|Lk7/c;
com.braze.ui.inappmessage.utils.InAppMessageWebViewClient$setWebViewClientStateListener$1	invokeSuspend	public	8	sget	6|Li7/p;|a|Ld7/q1;
com.braze.ui.inappmessage.utils.InAppMessageWebViewClient$setWebViewClientStateListener$1	invokeSuspend	public	9	new	1|Lcom/braze/ui/inappmessage/utils/InAppMessageWebViewClient$setWebViewClientStateListener$1$1;
com.braze.ui.inappmessage.utils.InAppMessageWebViewClient$setWebViewClientStateListener$1	invokeSuspend	public	10	other	iget-object v3, v5, v9842, Lcom/braze/ui/inappmessage/utils/InAppMessageWebViewClient$setWebViewClientStateListener$1;->this$0:Lcom/braze/ui/inappmessage/utils/InAppMessageWebViewClient;
com.braze.ui.inappmessage.utils.InAppMessageWebViewClient$setWebViewClientStateListener$1	invokeSuspend	public	11	other	invoke-direct {v1, v3, v4}, Lcom/braze/ui/inappmessage/utils/InAppMessageWebViewClient$setWebViewClientStateListener$1$1;-><init>(Lbo/app/r$j;Lcom/braze/configuration/CachedConfigurationProvider$e;)V
com.braze.ui.inappmessage.utils.InAppMessageWebViewClient$setWebViewClientStateListener$1	invokeSuspend	public	12	inv	static|None|v6, v1, v5|Ld7/e;|g|Lcom/braze/Braze$v3;Lcom/braze/Braze$w0;Lcom/braze/configuration/CachedConfigurationProvider$e;|Ljava/lang/Object;
com.braze.ui.inappmessage.utils.InAppMessageWebViewClient$setWebViewClientStateListener$1	invokeSuspend	public	13	sget	5|Lkotlin/Unit;|a|Lkotlin/Unit;
com.braze.ui.inappmessage.utils.InAppMessageWebViewClient	<clinit>		0	other	.registers 2
com.braze.ui.inappmessage.utils.InAppMessageWebViewClient	<clinit>		1	new	0|Lcom/braze/ui/inappmessage/utils/InAppMessageWebViewClient$Companion;
com.braze.ui.inappmessage.utils.InAppMessageWebViewClient	<clinit>		2	other	invoke-direct {v0, v1}, Lcom/braze/ui/inappmessage/utils/InAppMessageWebViewClient$Companion;-><init>(Lkotlin/jvm/internal/DefaultConstructorMarker;)V
com.braze.ui.inappmessage.utils.InAppMessageWebViewClient	<clinit>		3	other	sput-object v0, Lcom/braze/ui/inappmessage/utils/InAppMessageWebViewClient;->Companion:Lcom/braze/ui/inappmessage/utils/InAppMessageWebViewClient$Companion;
com.braze.ui.inappmessage.utils.InAppMessageWebViewClient	<init>		0	other	.registers 7
com.braze.ui.inappmessage.utils.InAppMessageWebViewClient	<init>		1	cstr	0|context
com.braze.ui.inappmessage.utils.InAppMessageWebViewClient	<init>		2	inv	static|None|v3, v0|Lkotlin/jvm/internal/Intrinsics;|checkNotNullParameter|Landroid/app/KeyguardManager;La3/b;|V
com.braze.ui.inappmessage.utils.InAppMessageWebViewClient	<init>		3	cstr	0|inAppMessage
com.braze.ui.inappmessage.utils.InAppMessageWebViewClient	<init>		4	inv	static|None|v4, v0|Lkotlin/jvm/internal/Intrinsics;|checkNotNullParameter|Landroid/app/KeyguardManager;La3/b;|V
com.braze.ui.inappmessage.utils.InAppMessageWebViewClient	<init>		5	other	invoke-direct {v2}, Landroidx/webkit/WebViewClientCompat;-><init>()V
com.braze.ui.inappmessage.utils.InAppMessageWebViewClient	<init>		6	other	iput-object v3, v2, v9845, Lcom/braze/ui/inappmessage/utils/InAppMessageWebViewClient;->context:Landroid/content/Context;
com.braze.ui.inappmessage.utils.InAppMessageWebViewClient	<init>		7	other	iput-object v4, v2, v9848, Lcom/braze/ui/inappmessage/utils/InAppMessageWebViewClient;->inAppMessage:Lcom/braze/models/inappmessage/IInAppMessage;
com.braze.ui.inappmessage.utils.InAppMessageWebViewClient	<init>		8	other	iput-object v5, v2, v9849, Lcom/braze/ui/inappmessage/utils/InAppMessageWebViewClient;->inAppMessageWebViewClientListener:Lcom/braze/ui/inappmessage/listeners/IInAppMessageWebViewClientListener;
com.braze.ui.inappmessage.utils.InAppMessageWebViewClient	<init>		9	new	4|Ljava/util/concurrent/atomic/AtomicBoolean;
com.braze.ui.inappmessage.utils.InAppMessageWebViewClient	<init>		10	other	invoke-direct {v4, v5}, Ljava/util/concurrent/atomic/AtomicBoolean;-><init>(Z)V
com.braze.ui.inappmessage.utils.InAppMessageWebViewClient	<init>		11	other	iput-object v4, v2, v9846, Lcom/braze/ui/inappmessage/utils/InAppMessageWebViewClient;->hasCalledPageFinishedOnListener:Ljava/util/concurrent/atomic/AtomicBoolean;
com.braze.ui.inappmessage.utils.InAppMessageWebViewClient	<init>		12	sget	4|Lcom/braze/BrazeInternal;|INSTANCE|Lcom/braze/BrazeInternal;
com.braze.ui.inappmessage.utils.InAppMessageWebViewClient	<init>		13	inv	virtual|None|v4, v3|Lcom/braze/BrazeInternal;|getConfigurationProvider|Landroid/content/Context;|Lcom/braze/configuration/BrazeConfigurationProvider;
com.braze.ui.inappmessage.utils.InAppMessageWebViewClient	<init>		14	inv	virtual|None|v4|Lcom/braze/configuration/BrazeConfigurationProvider;|getInAppMessageWebViewClientOnPageFinishedMaxWaitMs||I
com.braze.ui.inappmessage.utils.InAppMessageWebViewClient	<init>		15	cstr	4|iamcache.braze
com.braze.ui.inappmessage.utils.InAppMessageWebViewClient	<init>		16	new	5|Ljava/util/ArrayList;
com.braze.ui.inappmessage.utils.InAppMessageWebViewClient	<init>		17	other	invoke-direct {v5}, Ljava/util/ArrayList;-><init>()V
com.braze.ui.inappmessage.utils.InAppMessageWebViewClient	<init>		18	new	0|Lf1/c$a;
com.braze.ui.inappmessage.utils.InAppMessageWebViewClient	<init>		19	new	1|Ljava/io/File;
com.braze.ui.inappmessage.utils.InAppMessageWebViewClient	<init>		20	other	invoke-direct {v1, v6}, Ljava/io/File;-><init>(Ljava/lang/String;)V
com.braze.ui.inappmessage.utils.InAppMessageWebViewClient	<init>		21	other	invoke-direct {v0, v3, v1}, Lf1/c$a;-><init>(BB)V
com.braze.ui.inappmessage.utils.InAppMessageWebViewClient	<init>		22	new	3|Lf1/c$c;
com.braze.ui.inappmessage.utils.InAppMessageWebViewClient	<init>		23	cstr	6|/
com.braze.ui.inappmessage.utils.InAppMessageWebViewClient	<init>		24	other	invoke-direct {v3, v4, v6, v0}, Lf1/c$c;-><init>(Landroid/app/NotificationChannel;La3/b;Landroid/app/NotificationChannel;)V
com.braze.ui.inappmessage.utils.InAppMessageWebViewClient	<init>		25	inv	virtual|None|v5, v3|Ljava/util/ArrayList;|add|Ljava/lang/Object;|Z
com.braze.ui.inappmessage.utils.InAppMessageWebViewClient	<init>		26	new	3|Lf1/c;
com.braze.ui.inappmessage.utils.InAppMessageWebViewClient	<init>		27	other	invoke-direct {v3, v5}, Lf1/c;-><init>(Ljava/util/ArrayList;)V
com.braze.ui.inappmessage.utils.InAppMessageWebViewClient	<init>		28	new	5|Ljava/io/File;
com.braze.ui.inappmessage.utils.InAppMessageWebViewClient	<init>		29	inv	virtual|None|v3|Landroid/content/Context;|getCacheDir||Ljava/io/File;
com.braze.ui.inappmessage.utils.InAppMessageWebViewClient	<init>		30	cstr	0|ab_triggers
com.braze.ui.inappmessage.utils.InAppMessageWebViewClient	<init>		31	other	invoke-direct {v5, v6, v0}, Ljava/io/File;-><init>(La0/h;La3/b;)V
com.braze.ui.inappmessage.utils.InAppMessageWebViewClient	<init>		32	new	6|Ljava/util/ArrayList;
com.braze.ui.inappmessage.utils.InAppMessageWebViewClient	<init>		33	other	invoke-direct {v6}, Ljava/util/ArrayList;-><init>()V
com.braze.ui.inappmessage.utils.InAppMessageWebViewClient	<init>		34	new	0|Lf1/c$a;
com.braze.ui.inappmessage.utils.InAppMessageWebViewClient	<init>		35	other	invoke-direct {v0, v3, v5}, Lf1/c$a;-><init>(BB)V
com.braze.ui.inappmessage.utils.InAppMessageWebViewClient	<init>		36	new	3|Lf1/c$c;
com.braze.ui.inappmessage.utils.InAppMessageWebViewClient	<init>		37	cstr	5|/ab_triggers/
com.braze.ui.inappmessage.utils.InAppMessageWebViewClient	<init>		38	other	invoke-direct {v3, v4, v5, v0}, Lf1/c$c;-><init>(Landroid/app/NotificationChannel;La3/b;Landroid/app/NotificationChannel;)V
com.braze.ui.inappmessage.utils.InAppMessageWebViewClient	<init>		39	inv	virtual|None|v6, v3|Ljava/util/ArrayList;|add|Ljava/lang/Object;|Z
com.braze.ui.inappmessage.utils.InAppMessageWebViewClient	<init>		40	new	3|Lf1/c;
com.braze.ui.inappmessage.utils.InAppMessageWebViewClient	<init>		41	other	invoke-direct {v3, v6}, Lf1/c;-><init>(Ljava/util/ArrayList;)V
com.braze.ui.inappmessage.utils.InAppMessageWebViewClient	<init>		42	other	const-string v4, "if (assetDirectoryUrl !=…       .build()
com.braze.ui.inappmessage.utils.InAppMessageWebViewClient	<init>		43	other	"
com.braze.ui.inappmessage.utils.InAppMessageWebViewClient	<init>		44	inv	static|None|v3, v4|Lkotlin/jvm/internal/Intrinsics;|checkNotNullExpressionValue|Landroid/app/KeyguardManager;La3/b;|V
com.braze.ui.inappmessage.utils.InAppMessageWebViewClient	<init>		45	other	iput-object v3, v2, v9844, Lcom/braze/ui/inappmessage/utils/InAppMessageWebViewClient;->assetLoader:Lf1/c;
com.braze.ui.inappmessage.utils.InAppMessageWebViewClient	<init>		0	other	.registers 7
com.braze.ui.inappmessage.utils.InAppMessageWebViewClient	<init>		1	other	invoke-direct {v0, v1, v2, v3, v4}, Lcom/braze/ui/inappmessage/utils/InAppMessageWebViewClient;-><init>(BBBF)V
com.braze.ui.inappmessage.utils.InAppMessageWebViewClient	access$markPageFinished	public,static	0	other	.registers 1
com.braze.ui.inappmessage.utils.InAppMessageWebViewClient	access$markPageFinished	public,static	1	inv	direct|None|v0|Lcom/braze/ui/inappmessage/utils/InAppMessageWebViewClient;|markPageFinished||V
com.braze.ui.inappmessage.utils.InAppMessageWebViewClient	appendBridgeJavascript	private	0	other	.registers 5
com.braze.ui.inappmessage.utils.InAppMessageWebViewClient	appendBridgeJavascript	private	1	other	iget-object v0, v3, v9845, Lcom/braze/ui/inappmessage/utils/InAppMessageWebViewClient;->context:Landroid/content/Context;
com.braze.ui.inappmessage.utils.InAppMessageWebViewClient	appendBridgeJavascript	private	2	inv	virtual|None|v0|Landroid/content/Context;|getAssets||Landroid/content/res/AssetManager;
com.braze.ui.inappmessage.utils.InAppMessageWebViewClient	appendBridgeJavascript	private	3	cstr	1|context.assets
com.braze.ui.inappmessage.utils.InAppMessageWebViewClient	appendBridgeJavascript	private	4	inv	static|None|v0, v1|Lkotlin/jvm/internal/Intrinsics;|checkNotNullExpressionValue|Landroid/app/KeyguardManager;La3/b;|V
com.braze.ui.inappmessage.utils.InAppMessageWebViewClient	appendBridgeJavascript	private	5	cstr	1|braze-html-in-app-message-bridge.js
com.braze.ui.inappmessage.utils.InAppMessageWebViewClient	appendBridgeJavascript	private	6	inv	static|None|v0, v1|Lcom/braze/support/BrazeFileUtils;|getAssetFileStringContents|La7/b;Landroid/app/NotificationChannel;|Ljava/lang/String;
com.braze.ui.inappmessage.utils.InAppMessageWebViewClient	appendBridgeJavascript	private	7	new	0|Ljava/lang/StringBuilder;
com.braze.ui.inappmessage.utils.InAppMessageWebViewClient	appendBridgeJavascript	private	8	cstr	1|javascript:
com.braze.ui.inappmessage.utils.InAppMessageWebViewClient	appendBridgeJavascript	private	9	other	invoke-direct {v0, v1}, Ljava/lang/StringBuilder;-><init>(Ljava/lang/String;)V
com.braze.ui.inappmessage.utils.InAppMessageWebViewClient	appendBridgeJavascript	private	10	inv	virtual|None|v0, v3|Ljava/lang/StringBuilder;|append|Ljava/lang/String;|Ljava/lang/StringBuilder;
com.braze.ui.inappmessage.utils.InAppMessageWebViewClient	appendBridgeJavascript	private	11	inv	virtual|None|v0|Ljava/lang/StringBuilder;|toString||Ljava/lang/String;
com.braze.ui.inappmessage.utils.InAppMessageWebViewClient	appendBridgeJavascript	private	12	inv	virtual|None|v4, v3|Landroid/webkit/WebView;|loadUrl|Ljava/lang/String;|V
com.braze.ui.inappmessage.utils.InAppMessageWebViewClient	appendBridgeJavascript	private	13	sget	0|Lcom/braze/ui/inappmessage/BrazeInAppMessageManager;|Companion|Lcom/braze/ui/inappmessage/BrazeInAppMessageManager$Companion;
com.braze.ui.inappmessage.utils.InAppMessageWebViewClient	appendBridgeJavascript	private	14	inv	virtual|None|v0|Lcom/braze/ui/inappmessage/BrazeInAppMessageManager$Companion;|getInstance||Lcom/braze/ui/inappmessage/BrazeInAppMessageManager;
com.braze.ui.inappmessage.utils.InAppMessageWebViewClient	appendBridgeJavascript	private	15	inv	virtual|None|v0, v1|Lcom/braze/ui/inappmessage/BrazeInAppMessageManager;|hideCurrentlyDisplayingInAppMessage|Z|V
com.braze.ui.inappmessage.utils.InAppMessageWebViewClient	appendBridgeJavascript	private	16	sget	0|Lcom/braze/support/BrazeLogger;|INSTANCE|Lcom/braze/support/BrazeLogger;
com.braze.ui.inappmessage.utils.InAppMessageWebViewClient	appendBridgeJavascript	private	17	sget	1|Lcom/braze/support/BrazeLogger$Priority;|E|Lcom/braze/support/BrazeLogger$Priority;
com.braze.ui.inappmessage.utils.InAppMessageWebViewClient	appendBridgeJavascript	private	18	sget	2|Lcom/braze/ui/inappmessage/utils/InAppMessageWebViewClient$appendBridgeJavascript$javascriptString$1;|INSTANCE|Lcom/braze/ui/inappmessage/utils/InAppMessageWebViewClient$appendBridgeJavascript$javascriptString$1;
com.braze.ui.inappmessage.utils.InAppMessageWebViewClient	appendBridgeJavascript	private	19	inv	virtual|None|v0, v3, v1, v4, v2|Lcom/braze/support/BrazeLogger;|brazelog|Landroid/app/KeyguardManager;La3/b;Lbo/app/l$c;Landroid/app/RemoteInput;|V
com.braze.ui.inappmessage.utils.InAppMessageWebViewClient	handleUrlOverride	private	0	other	.registers 11
com.braze.ui.inappmessage.utils.InAppMessageWebViewClient	handleUrlOverride	private	1	other	iget-object v0, v9, v9849, Lcom/braze/ui/inappmessage/utils/InAppMessageWebViewClient;->inAppMessageWebViewClientListener:Lcom/braze/ui/inappmessage/listeners/IInAppMessageWebViewClientListener;
com.braze.ui.inappmessage.utils.InAppMessageWebViewClient	handleUrlOverride	private	2	sget	0|Lcom/braze/support/BrazeLogger;|INSTANCE|Lcom/braze/support/BrazeLogger;
com.braze.ui.inappmessage.utils.InAppMessageWebViewClient	handleUrlOverride	private	3	sget	2|Lcom/braze/support/BrazeLogger$Priority;|I|Lcom/braze/support/BrazeLogger$Priority;
com.braze.ui.inappmessage.utils.InAppMessageWebViewClient	handleUrlOverride	private	4	sget	4|Lcom/braze/ui/inappmessage/utils/InAppMessageWebViewClient$handleUrlOverride$1;|INSTANCE|Lcom/braze/ui/inappmessage/utils/InAppMessageWebViewClient$handleUrlOverride$1;
com.braze.ui.inappmessage.utils.InAppMessageWebViewClient	handleUrlOverride	private	5	inv	static|/range|v0, v1, v2, v3, v4, v5, v6|Lcom/braze/support/BrazeLogger;|brazelog$default|BBBLa/a;La0/e;Landroid/app/KeyguardManager;La3/b;|V
com.braze.ui.inappmessage.utils.InAppMessageWebViewClient	handleUrlOverride	private	6	inv	static|None|v10|Lkotlin/text/o;|g|Ljava/lang/CharSequence;|Z
com.braze.ui.inappmessage.utils.InAppMessageWebViewClient	handleUrlOverride	private	7	sget	0|Lcom/braze/support/BrazeLogger;|INSTANCE|Lcom/braze/support/BrazeLogger;
com.braze.ui.inappmessage.utils.InAppMessageWebViewClient	handleUrlOverride	private	8	sget	2|Lcom/braze/support/BrazeLogger$Priority;|I|Lcom/braze/support/BrazeLogger$Priority;
com.braze.ui.inappmessage.utils.InAppMessageWebViewClient	handleUrlOverride	private	9	sget	4|Lcom/braze/ui/inappmessage/utils/InAppMessageWebViewClient$handleUrlOverride$2;|INSTANCE|Lcom/braze/ui/inappmessage/utils/InAppMessageWebViewClient$handleUrlOverride$2;
com.braze.ui.inappmessage.utils.InAppMessageWebViewClient	handleUrlOverride	private	10	inv	static|/range|v0, v1, v2, v3, v4, v5, v6|Lcom/braze/support/BrazeLogger;|brazelog$default|BBBLa/a;La0/e;Landroid/app/KeyguardManager;La3/b;|V
com.braze.ui.inappmessage.utils.InAppMessageWebViewClient	handleUrlOverride	private	11	inv	static|None|v10|Landroid/net/Uri;|parse|Ljava/lang/String;|Landroid/net/Uri;
com.braze.ui.inappmessage.utils.InAppMessageWebViewClient	handleUrlOverride	private	12	sget	1|Lcom/braze/ui/inappmessage/utils/InAppMessageWebViewClient;|Companion|Lcom/braze/ui/inappmessage/utils/InAppMessageWebViewClient$Companion;
com.braze.ui.inappmessage.utils.InAppMessageWebViewClient	handleUrlOverride	private	13	inv	virtual|None|v1, v10|Lcom/braze/ui/inappmessage/utils/InAppMessageWebViewClient$Companion;|getBundleFromUrl|Ljava/lang/String;|Landroid/os/Bundle;
com.braze.ui.inappmessage.utils.InAppMessageWebViewClient	handleUrlOverride	private	14	inv	virtual|None|v0|Landroid/net/Uri;|getScheme||Ljava/lang/String;
com.braze.ui.inappmessage.utils.InAppMessageWebViewClient	handleUrlOverride	private	15	inv	virtual|None|v0|Landroid/net/Uri;|getScheme||Ljava/lang/String;
com.braze.ui.inappmessage.utils.InAppMessageWebViewClient	handleUrlOverride	private	16	cstr	2|appboy
com.braze.ui.inappmessage.utils.InAppMessageWebViewClient	handleUrlOverride	private	17	inv	static|None|v1, v2|Lkotlin/jvm/internal/Intrinsics;|a|Landroid/app/KeyguardManager;La3/b;|Z
com.braze.ui.inappmessage.utils.InAppMessageWebViewClient	handleUrlOverride	private	18	inv	virtual|None|v0|Landroid/net/Uri;|getAuthority||Ljava/lang/String;
com.braze.ui.inappmessage.utils.InAppMessageWebViewClient	handleUrlOverride	private	19	inv	virtual|None|v1|Ljava/lang/String;|hashCode||I
com.braze.ui.inappmessage.utils.InAppMessageWebViewClient	handleUrlOverride	private	20	cstr	0|close
com.braze.ui.inappmessage.utils.InAppMessageWebViewClient	handleUrlOverride	private	21	inv	virtual|None|v1, v0|Ljava/lang/String;|equals|Ljava/lang/Object;|Z
com.braze.ui.inappmessage.utils.InAppMessageWebViewClient	handleUrlOverride	private	22	other	iget-object v0, v9, v9849, Lcom/braze/ui/inappmessage/utils/InAppMessageWebViewClient;->inAppMessageWebViewClientListener:Lcom/braze/ui/inappmessage/listeners/IInAppMessageWebViewClientListener;
com.braze.ui.inappmessage.utils.InAppMessageWebViewClient	handleUrlOverride	private	23	other	iget-object v1, v9, v9848, Lcom/braze/ui/inappmessage/utils/InAppMessageWebViewClient;->inAppMessage:Lcom/braze/models/inappmessage/IInAppMessage;
com.braze.ui.inappmessage.utils.InAppMessageWebViewClient	handleUrlOverride	private	24	inv	interface|None|v0, v1, v10, v8|Lcom/braze/ui/inappmessage/listeners/IInAppMessageWebViewClientListener;|onCloseAction|Lbo/app/g1$f;Landroid/app/NotificationChannel;La3/b;|V
com.braze.ui.inappmessage.utils.InAppMessageWebViewClient	handleUrlOverride	private	25	cstr	0|feed
com.braze.ui.inappmessage.utils.InAppMessageWebViewClient	handleUrlOverride	private	26	inv	virtual|None|v1, v0|Ljava/lang/String;|equals|Ljava/lang/Object;|Z
com.braze.ui.inappmessage.utils.InAppMessageWebViewClient	handleUrlOverride	private	27	other	iget-object v0, v9, v9849, Lcom/braze/ui/inappmessage/utils/InAppMessageWebViewClient;->inAppMessageWebViewClientListener:Lcom/braze/ui/inappmessage/listeners/IInAppMessageWebViewClientListener;
com.braze.ui.inappmessage.utils.InAppMessageWebViewClient	handleUrlOverride	private	28	other	iget-object v1, v9, v9848, Lcom/braze/ui/inappmessage/utils/InAppMessageWebViewClient;->inAppMessage:Lcom/braze/models/inappmessage/IInAppMessage;
com.braze.ui.inappmessage.utils.InAppMessageWebViewClient	handleUrlOverride	private	29	inv	interface|None|v0, v1, v10, v8|Lcom/braze/ui/inappmessage/listeners/IInAppMessageWebViewClientListener;|onNewsfeedAction|Lbo/app/g1$f;Landroid/app/NotificationChannel;La3/b;|V
com.braze.ui.inappmessage.utils.InAppMessageWebViewClient	handleUrlOverride	private	30	cstr	0|customEvent
com.braze.ui.inappmessage.utils.InAppMessageWebViewClient	handleUrlOverride	private	31	inv	virtual|None|v1, v0|Ljava/lang/String;|equals|Ljava/lang/Object;|Z
com.braze.ui.inappmessage.utils.InAppMessageWebViewClient	handleUrlOverride	private	32	other	iget-object v0, v9, v9849, Lcom/braze/ui/inappmessage/utils/InAppMessageWebViewClient;->inAppMessageWebViewClientListener:Lcom/braze/ui/inappmessage/listeners/IInAppMessageWebViewClientListener;
com.braze.ui.inappmessage.utils.InAppMessageWebViewClient	handleUrlOverride	private	33	other	iget-object v1, v9, v9848, Lcom/braze/ui/inappmessage/utils/InAppMessageWebViewClient;->inAppMessage:Lcom/braze/models/inappmessage/IInAppMessage;
com.braze.ui.inappmessage.utils.InAppMessageWebViewClient	handleUrlOverride	private	34	inv	interface|None|v0, v1, v10, v8|Lcom/braze/ui/inappmessage/listeners/IInAppMessageWebViewClientListener;|onCustomEventAction|Lbo/app/g1$f;Landroid/app/NotificationChannel;La3/b;|V
com.braze.ui.inappmessage.utils.InAppMessageWebViewClient	handleUrlOverride	private	35	sget	1|Lcom/braze/support/BrazeLogger;|INSTANCE|Lcom/braze/support/BrazeLogger;
com.braze.ui.inappmessage.utils.InAppMessageWebViewClient	handleUrlOverride	private	36	new	4|Lcom/braze/ui/inappmessage/utils/InAppMessageWebViewClient$handleUrlOverride$3;
com.braze.ui.inappmessage.utils.InAppMessageWebViewClient	handleUrlOverride	private	37	other	invoke-direct {v4, v0}, Lcom/braze/ui/inappmessage/utils/InAppMessageWebViewClient$handleUrlOverride$3;-><init>(Landroid/net/Uri;)V
com.braze.ui.inappmessage.utils.InAppMessageWebViewClient	handleUrlOverride	private	38	inv	static|/range|v0, v1, v2, v3, v4, v5, v6|Lcom/braze/support/BrazeLogger;|brazelog$default|BBBLa/a;La0/e;Landroid/app/KeyguardManager;La3/b;|V
com.braze.ui.inappmessage.utils.InAppMessageWebViewClient	handleUrlOverride	private	39	sget	1|Lcom/braze/support/BrazeLogger;|INSTANCE|Lcom/braze/support/BrazeLogger;
com.braze.ui.inappmessage.utils.InAppMessageWebViewClient	handleUrlOverride	private	40	new	4|Lcom/braze/ui/inappmessage/utils/InAppMessageWebViewClient$handleUrlOverride$4;
com.braze.ui.inappmessage.utils.InAppMessageWebViewClient	handleUrlOverride	private	41	other	invoke-direct {v4, v0}, Lcom/braze/ui/inappmessage/utils/InAppMessageWebViewClient$handleUrlOverride$4;-><init>(Landroid/net/Uri;)V
com.braze.ui.inappmessage.utils.InAppMessageWebViewClient	handleUrlOverride	private	42	inv	static|/range|v0, v1, v2, v3, v4, v5, v6|Lcom/braze/support/BrazeLogger;|brazelog$default|BBBLa/a;La0/e;Landroid/app/KeyguardManager;La3/b;|V
com.braze.ui.inappmessage.utils.InAppMessageWebViewClient	handleUrlOverride	private	43	other	iget-object v0, v9, v9849, Lcom/braze/ui/inappmessage/utils/InAppMessageWebViewClient;->inAppMessageWebViewClientListener:Lcom/braze/ui/inappmessage/listeners/IInAppMessageWebViewClientListener;
com.braze.ui.inappmessage.utils.InAppMessageWebViewClient	handleUrlOverride	private	44	other	iget-object v1, v9, v9848, Lcom/braze/ui/inappmessage/utils/InAppMessageWebViewClient;->inAppMessage:Lcom/braze/models/inappmessage/IInAppMessage;
com.braze.ui.inappmessage.utils.InAppMessageWebViewClient	handleUrlOverride	private	45	inv	interface|None|v0, v1, v10, v8|Lcom/braze/ui/inappmessage/listeners/IInAppMessageWebViewClientListener;|onOtherUrlAction|Lbo/app/g1$f;Landroid/app/NotificationChannel;La3/b;|V
com.braze.ui.inappmessage.utils.InAppMessageWebViewClient	markPageFinished	private	0	other	.registers 10
com.braze.ui.inappmessage.utils.InAppMessageWebViewClient	markPageFinished	private	1	other	iget-object v0, v9, v9852, Lcom/braze/ui/inappmessage/utils/InAppMessageWebViewClient;->webViewClientStateListener:Lcom/braze/ui/inappmessage/listeners/IWebViewClientStateListener;
com.braze.ui.inappmessage.utils.InAppMessageWebViewClient	markPageFinished	private	2	other	iget-object v1, v9, v9846, Lcom/braze/ui/inappmessage/utils/InAppMessageWebViewClient;->hasCalledPageFinishedOnListener:Ljava/util/concurrent/atomic/AtomicBoolean;
com.braze.ui.inappmessage.utils.InAppMessageWebViewClient	markPageFinished	private	3	inv	virtual|None|v1, v2, v3|Ljava/util/concurrent/atomic/AtomicBoolean;|compareAndSet|BB|Z
com.braze.ui.inappmessage.utils.InAppMessageWebViewClient	markPageFinished	private	4	sget	2|Lcom/braze/support/BrazeLogger;|INSTANCE|Lcom/braze/support/BrazeLogger;
com.braze.ui.inappmessage.utils.InAppMessageWebViewClient	markPageFinished	private	5	sget	4|Lcom/braze/support/BrazeLogger$Priority;|V|Lcom/braze/support/BrazeLogger$Priority;
com.braze.ui.inappmessage.utils.InAppMessageWebViewClient	markPageFinished	private	6	sget	6|Lcom/braze/ui/inappmessage/utils/InAppMessageWebViewClient$markPageFinished$1$1;|INSTANCE|Lcom/braze/ui/inappmessage/utils/InAppMessageWebViewClient$markPageFinished$1$1;
com.braze.ui.inappmessage.utils.InAppMessageWebViewClient	markPageFinished	private	7	inv	static|/range|v2, v3, v4, v5, v6, v7, v8|Lcom/braze/support/BrazeLogger;|brazelog$default|BBBLa/a;La0/e;Landroid/app/KeyguardManager;La3/b;|V
com.braze.ui.inappmessage.utils.InAppMessageWebViewClient	markPageFinished	private	8	ccast	0|Lg2/a;
com.braze.ui.inappmessage.utils.InAppMessageWebViewClient	markPageFinished	private	9	inv	virtual|None|v0|Lg2/a;|b||V
com.braze.ui.inappmessage.utils.InAppMessageWebViewClient	onPageFinished	public	0	other	.registers 11
com.braze.ui.inappmessage.utils.InAppMessageWebViewClient	onPageFinished	public	1	cstr	0|view
com.braze.ui.inappmessage.utils.InAppMessageWebViewClient	onPageFinished	public	2	inv	static|None|v9, v0|Lkotlin/jvm/internal/Intrinsics;|checkNotNullParameter|Landroid/app/KeyguardManager;La3/b;|V
com.braze.ui.inappmessage.utils.InAppMessageWebViewClient	onPageFinished	public	3	cstr	0|url
com.braze.ui.inappmessage.utils.InAppMessageWebViewClient	onPageFinished	public	4	inv	static|None|v10, v0|Lkotlin/jvm/internal/Intrinsics;|checkNotNullParameter|Landroid/app/KeyguardManager;La3/b;|V
com.braze.ui.inappmessage.utils.InAppMessageWebViewClient	onPageFinished	public	5	inv	direct|None|v8, v9|Lcom/braze/ui/inappmessage/utils/InAppMessageWebViewClient;|appendBridgeJavascript|Landroid/webkit/WebView;|V
com.braze.ui.inappmessage.utils.InAppMessageWebViewClient	onPageFinished	public	6	other	iget-object v9, v8, v9852, Lcom/braze/ui/inappmessage/utils/InAppMessageWebViewClient;->webViewClientStateListener:Lcom/braze/ui/inappmessage/listeners/IWebViewClientStateListener;
com.braze.ui.inappmessage.utils.InAppMessageWebViewClient	onPageFinished	public	7	other	iget-object v0, v8, v9846, Lcom/braze/ui/inappmessage/utils/InAppMessageWebViewClient;->hasCalledPageFinishedOnListener:Ljava/util/concurrent/atomic/AtomicBoolean;
com.braze.ui.inappmessage.utils.InAppMessageWebViewClient	onPageFinished	public	8	inv	virtual|None|v0, v1, v10|Ljava/util/concurrent/atomic/AtomicBoolean;|compareAndSet|BB|Z
com.braze.ui.inappmessage.utils.InAppMessageWebViewClient	onPageFinished	public	9	sget	1|Lcom/braze/support/BrazeLogger;|INSTANCE|Lcom/braze/support/BrazeLogger;
com.braze.ui.inappmessage.utils.InAppMessageWebViewClient	onPageFinished	public	10	sget	3|Lcom/braze/support/BrazeLogger$Priority;|V|Lcom/braze/support/BrazeLogger$Priority;
com.braze.ui.inappmessage.utils.InAppMessageWebViewClient	onPageFinished	public	11	sget	5|Lcom/braze/ui/inappmessage/utils/InAppMessageWebViewClient$onPageFinished$1$1;|INSTANCE|Lcom/braze/ui/inappmessage/utils/InAppMessageWebViewClient$onPageFinished$1$1;
com.braze.ui.inappmessage.utils.InAppMessageWebViewClient	onPageFinished	public	12	inv	static|/range|v1, v2, v3, v4, v5, v6, v7|Lcom/braze/support/BrazeLogger;|brazelog$default|BBBLa/a;La0/e;Landroid/app/KeyguardManager;La3/b;|V
com.braze.ui.inappmessage.utils.InAppMessageWebViewClient	onPageFinished	public	13	ccast	9|Lg2/a;
com.braze.ui.inappmessage.utils.InAppMessageWebViewClient	onPageFinished	public	14	inv	virtual|None|v9|Lg2/a;|b||V
com.braze.ui.inappmessage.utils.InAppMessageWebViewClient	onPageFinished	public	15	other	iget-object v9, v8, v9850, Lcom/braze/ui/inappmessage/utils/InAppMessageWebViewClient;->markPageFinishedJob:Ld7/i1;
com.braze.ui.inappmessage.utils.InAppMessageWebViewClient	onPageFinished	public	16	inv	interface|None|v9, v10|Ld7/i1;|b|Ljava/util/concurrent/CancellationException;|V
com.braze.ui.inappmessage.utils.InAppMessageWebViewClient	onPageFinished	public	17	other	iput-object v10, v8, v9850, Lcom/braze/ui/inappmessage/utils/InAppMessageWebViewClient;->markPageFinishedJob:Ld7/i1;
com.braze.ui.inappmessage.utils.InAppMessageWebViewClient	onRenderProcessGone	public	0	other	.registers 10
com.braze.ui.inappmessage.utils.InAppMessageWebViewClient	onRenderProcessGone	public	1	cstr	0|view
com.braze.ui.inappmessage.utils.InAppMessageWebViewClient	onRenderProcessGone	public	2	inv	static|None|v8, v0|Lkotlin/jvm/internal/Intrinsics;|checkNotNullParameter|Landroid/app/KeyguardManager;La3/b;|V
com.braze.ui.inappmessage.utils.InAppMessageWebViewClient	onRenderProcessGone	public	3	cstr	8|detail
com.braze.ui.inappmessage.utils.InAppMessageWebViewClient	onRenderProcessGone	public	4	inv	static|None|v9, v8|Lkotlin/jvm/internal/Intrinsics;|checkNotNullParameter|Landroid/app/KeyguardManager;La3/b;|V
com.braze.ui.inappmessage.utils.InAppMessageWebViewClient	onRenderProcessGone	public	5	sget	0|Lcom/braze/support/BrazeLogger;|INSTANCE|Lcom/braze/support/BrazeLogger;
com.braze.ui.inappmessage.utils.InAppMessageWebViewClient	onRenderProcessGone	public	6	sget	2|Lcom/braze/support/BrazeLogger$Priority;|I|Lcom/braze/support/BrazeLogger$Priority;
com.braze.ui.inappmessage.utils.InAppMessageWebViewClient	onRenderProcessGone	public	7	sget	4|Lcom/braze/ui/inappmessage/utils/InAppMessageWebViewClient$onRenderProcessGone$1;|INSTANCE|Lcom/braze/ui/inappmessage/utils/InAppMessageWebViewClient$onRenderProcessGone$1;
com.braze.ui.inappmessage.utils.InAppMessageWebViewClient	onRenderProcessGone	public	8	inv	static|/range|v0, v1, v2, v3, v4, v5, v6|Lcom/braze/support/BrazeLogger;|brazelog$default|BBBLa/a;La0/e;Landroid/app/KeyguardManager;La3/b;|V
com.braze.ui.inappmessage.utils.InAppMessageWebViewClient	setWebViewClientStateListener	public	0	other	.registers 9
com.braze.ui.inappmessage.utils.InAppMessageWebViewClient	setWebViewClientStateListener	public	1	other	iget-object v0, v7, v9846, Lcom/braze/ui/inappmessage/utils/InAppMessageWebViewClient;->hasCalledPageFinishedOnListener:Ljava/util/concurrent/atomic/AtomicBoolean;
com.braze.ui.inappmessage.utils.InAppMessageWebViewClient	setWebViewClientStateListener	public	2	inv	virtual|None|v0, v1, v2|Ljava/util/concurrent/atomic/AtomicBoolean;|compareAndSet|BB|Z
com.braze.ui.inappmessage.utils.InAppMessageWebViewClient	setWebViewClientStateListener	public	3	ccast	0|Lg2/a;
com.braze.ui.inappmessage.utils.InAppMessageWebViewClient	setWebViewClientStateListener	public	4	inv	virtual|None|v0|Lg2/a;|b||V
com.braze.ui.inappmessage.utils.InAppMessageWebViewClient	setWebViewClientStateListener	public	5	sget	1|Lcom/braze/coroutine/BrazeCoroutineScope;|INSTANCE|Lcom/braze/coroutine/BrazeCoroutineScope;
com.braze.ui.inappmessage.utils.InAppMessageWebViewClient	setWebViewClientStateListener	public	6	inv	static|None|v0|Ljava/lang/Integer;|valueOf|I|Ljava/lang/Integer;
com.braze.ui.inappmessage.utils.InAppMessageWebViewClient	setWebViewClientStateListener	public	7	new	4|Lcom/braze/ui/inappmessage/utils/InAppMessageWebViewClient$setWebViewClientStateListener$1;
com.braze.ui.inappmessage.utils.InAppMessageWebViewClient	setWebViewClientStateListener	public	8	other	invoke-direct {v4, v7, v0}, Lcom/braze/ui/inappmessage/utils/InAppMessageWebViewClient$setWebViewClientStateListener$1;-><init>(Lbo/app/r$j;Lcom/braze/configuration/CachedConfigurationProvider$e;)V
com.braze.ui.inappmessage.utils.InAppMessageWebViewClient	setWebViewClientStateListener	public	9	inv	static|/range|v1, v2, v3, v4, v5, v6|Lcom/braze/coroutine/BrazeCoroutineScope;|launchDelayed$default|BBBLandroid/app/Application;La0/d;Landroid/app/FragmentManager;|Ld7/i1;
com.braze.ui.inappmessage.utils.InAppMessageWebViewClient	setWebViewClientStateListener	public	10	other	iput-object v0, v7, v9850, Lcom/braze/ui/inappmessage/utils/InAppMessageWebViewClient;->markPageFinishedJob:Ld7/i1;
com.braze.ui.inappmessage.utils.InAppMessageWebViewClient	setWebViewClientStateListener	public	11	other	iput-object v8, v7, v9852, Lcom/braze/ui/inappmessage/utils/InAppMessageWebViewClient;->webViewClientStateListener:Lcom/braze/ui/inappmessage/listeners/IWebViewClientStateListener;
com.braze.ui.inappmessage.utils.InAppMessageWebViewClient	shouldInterceptRequest	public	0	other	.registers 3
com.braze.ui.inappmessage.utils.InAppMessageWebViewClient	shouldInterceptRequest	public	1	other	iget-object v0, v0, v9844, Lcom/braze/ui/inappmessage/utils/InAppMessageWebViewClient;->assetLoader:Lf1/c;
com.braze.ui.inappmessage.utils.InAppMessageWebViewClient	shouldInterceptRequest	public	2	inv	interface|None|v2|Landroid/webkit/WebResourceRequest;|getUrl||Landroid/net/Uri;
com.braze.ui.inappmessage.utils.InAppMessageWebViewClient	shouldInterceptRequest	public	3	inv	virtual|None|v0, v1|Lf1/c;|a|Landroid/net/Uri;|Landroid/webkit/WebResourceResponse;
com.braze.ui.inappmessage.utils.InAppMessageWebViewClient	shouldOverrideUrlLoading	public	0	other	.registers 4
com.braze.ui.inappmessage.utils.InAppMessageWebViewClient	shouldOverrideUrlLoading	public	1	cstr	0|view
com.braze.ui.inappmessage.utils.InAppMessageWebViewClient	shouldOverrideUrlLoading	public	2	inv	static|None|v2, v0|Lkotlin/jvm/internal/Intrinsics;|checkNotNullParameter|Landroid/app/KeyguardManager;La3/b;|V
com.braze.ui.inappmessage.utils.InAppMessageWebViewClient	shouldOverrideUrlLoading	public	3	cstr	2|request
com.braze.ui.inappmessage.utils.InAppMessageWebViewClient	shouldOverrideUrlLoading	public	4	inv	static|None|v3, v2|Lkotlin/jvm/internal/Intrinsics;|checkNotNullParameter|Landroid/app/KeyguardManager;La3/b;|V
com.braze.ui.inappmessage.utils.InAppMessageWebViewClient	shouldOverrideUrlLoading	public	5	inv	interface|None|v3|Landroid/webkit/WebResourceRequest;|getUrl||Landroid/net/Uri;
com.braze.ui.inappmessage.utils.InAppMessageWebViewClient	shouldOverrideUrlLoading	public	6	inv	virtual|None|v2|Landroid/net/Uri;|toString||Ljava/lang/String;
com.braze.ui.inappmessage.utils.InAppMessageWebViewClient	shouldOverrideUrlLoading	public	7	cstr	3|request.url.toString()
com.braze.ui.inappmessage.utils.InAppMessageWebViewClient	shouldOverrideUrlLoading	public	8	inv	static|None|v2, v3|Lkotlin/jvm/internal/Intrinsics;|checkNotNullExpressionValue|Landroid/app/KeyguardManager;La3/b;|V
com.braze.ui.inappmessage.utils.InAppMessageWebViewClient	shouldOverrideUrlLoading	public	9	inv	direct|None|v1, v2|Lcom/braze/ui/inappmessage/utils/InAppMessageWebViewClient;|handleUrlOverride|Ljava/lang/String;|Z
com.braze.ui.inappmessage.views.InAppMessageHtmlBaseView$finishWebViewDisplay$1	<clinit>		0	other	.registers 1
com.braze.ui.inappmessage.views.InAppMessageHtmlBaseView$finishWebViewDisplay$1	<clinit>		1	new	0|Lcom/braze/ui/inappmessage/views/InAppMessageHtmlBaseView$finishWebViewDisplay$1;
com.braze.ui.inappmessage.views.InAppMessageHtmlBaseView$finishWebViewDisplay$1	<clinit>		2	other	invoke-direct {v0}, Lcom/braze/ui/inappmessage/views/InAppMessageHtmlBaseView$finishWebViewDisplay$1;-><init>()V
com.braze.ui.inappmessage.views.InAppMessageHtmlBaseView$finishWebViewDisplay$1	<clinit>		3	other	sput-object v0, Lcom/braze/ui/inappmessage/views/InAppMessageHtmlBaseView$finishWebViewDisplay$1;->INSTANCE:Lcom/braze/ui/inappmessage/views/InAppMessageHtmlBaseView$finishWebViewDisplay$1;
com.braze.ui.inappmessage.views.InAppMessageHtmlBaseView$finishWebViewDisplay$1	<init>		0	other	.registers 2
com.braze.ui.inappmessage.views.InAppMessageHtmlBaseView$finishWebViewDisplay$1	<init>		1	other	invoke-direct {v1, v0}, Lkotlin/jvm/internal/i;-><init>(I)V
com.braze.ui.inappmessage.views.InAppMessageHtmlBaseView$finishWebViewDisplay$1	invoke	final,public	0	other	.registers 1
com.braze.ui.inappmessage.views.InAppMessageHtmlBaseView$finishWebViewDisplay$1	invoke	final,public	1	inv	virtual|None|v0|Lcom/braze/ui/inappmessage/views/InAppMessageHtmlBaseView$finishWebViewDisplay$1;|invoke||Ljava/lang/String;
com.braze.ui.inappmessage.views.InAppMessageHtmlBaseView$finishWebViewDisplay$1	invoke	public	0	other	.registers 1
com.braze.ui.inappmessage.views.InAppMessageHtmlBaseView$finishWebViewDisplay$1	invoke	public	1	cstr	0|Finishing WebView display
com.braze.ui.inappmessage.views.InAppMessageHtmlBaseView$messageWebView$1	<clinit>		0	other	.registers 1
com.braze.ui.inappmessage.views.InAppMessageHtmlBaseView$messageWebView$1	<clinit>		1	new	0|Lcom/braze/ui/inappmessage/views/InAppMessageHtmlBaseView$messageWebView$1;
com.braze.ui.inappmessage.views.InAppMessageHtmlBaseView$messageWebView$1	<clinit>		2	other	invoke-direct {v0}, Lcom/braze/ui/inappmessage/views/InAppMessageHtmlBaseView$messageWebView$1;-><init>()V
com.braze.ui.inappmessage.views.InAppMessageHtmlBaseView$messageWebView$1	<clinit>		3	other	sput-object v0, Lcom/braze/ui/inappmessage/views/InAppMessageHtmlBaseView$messageWebView$1;->INSTANCE:Lcom/braze/ui/inappmessage/views/InAppMessageHtmlBaseView$messageWebView$1;
com.braze.ui.inappmessage.views.InAppMessageHtmlBaseView$messageWebView$1	<init>		0	other	.registers 2
com.braze.ui.inappmessage.views.InAppMessageHtmlBaseView$messageWebView$1	<init>		1	other	invoke-direct {v1, v0}, Lkotlin/jvm/internal/i;-><init>(I)V
com.braze.ui.inappmessage.views.InAppMessageHtmlBaseView$messageWebView$1	invoke	final,public	0	other	.registers 1
com.braze.ui.inappmessage.views.InAppMessageHtmlBaseView$messageWebView$1	invoke	final,public	1	inv	virtual|None|v0|Lcom/braze/ui/inappmessage/views/InAppMessageHtmlBaseView$messageWebView$1;|invoke||Ljava/lang/String;
com.braze.ui.inappmessage.views.InAppMessageHtmlBaseView$messageWebView$1	invoke	public	0	other	.registers 1
com.braze.ui.inappmessage.views.InAppMessageHtmlBaseView$messageWebView$1	invoke	public	1	cstr	0|Cannot return the WebView for an already finished message
com.braze.ui.inappmessage.views.InAppMessageHtmlBaseView$messageWebView$2	<clinit>		0	other	.registers 1
com.braze.ui.inappmessage.views.InAppMessageHtmlBaseView$messageWebView$2	<clinit>		1	new	0|Lcom/braze/ui/inappmessage/views/InAppMessageHtmlBaseView$messageWebView$2;
com.braze.ui.inappmessage.views.InAppMessageHtmlBaseView$messageWebView$2	<clinit>		2	other	invoke-direct {v0}, Lcom/braze/ui/inappmessage/views/InAppMessageHtmlBaseView$messageWebView$2;-><init>()V
com.braze.ui.inappmessage.views.InAppMessageHtmlBaseView$messageWebView$2	<clinit>		3	other	sput-object v0, Lcom/braze/ui/inappmessage/views/InAppMessageHtmlBaseView$messageWebView$2;->INSTANCE:Lcom/braze/ui/inappmessage/views/InAppMessageHtmlBaseView$messageWebView$2;
com.braze.ui.inappmessage.views.InAppMessageHtmlBaseView$messageWebView$2	<init>		0	other	.registers 2
com.braze.ui.inappmessage.views.InAppMessageHtmlBaseView$messageWebView$2	<init>		1	other	invoke-direct {v1, v0}, Lkotlin/jvm/internal/i;-><init>(I)V
com.braze.ui.inappmessage.views.InAppMessageHtmlBaseView$messageWebView$2	invoke	final,public	0	other	.registers 1
com.braze.ui.inappmessage.views.InAppMessageHtmlBaseView$messageWebView$2	invoke	final,public	1	inv	virtual|None|v0|Lcom/braze/ui/inappmessage/views/InAppMessageHtmlBaseView$messageWebView$2;|invoke||Ljava/lang/String;
com.braze.ui.inappmessage.views.InAppMessageHtmlBaseView$messageWebView$2	invoke	public	0	other	.registers 1
com.braze.ui.inappmessage.views.InAppMessageHtmlBaseView$messageWebView$2	invoke	public	1	cstr	0|Cannot find WebView. getWebViewViewId() returned 0.
com.braze.ui.inappmessage.views.InAppMessageHtmlBaseView$messageWebView$3	<init>		0	other	.registers 2
com.braze.ui.inappmessage.views.InAppMessageHtmlBaseView$messageWebView$3	<init>		1	other	invoke-direct {v0, v1}, Lkotlin/jvm/internal/i;-><init>(I)V
com.braze.ui.inappmessage.views.InAppMessageHtmlBaseView$messageWebView$3	invoke	final,public	0	other	.registers 1
com.braze.ui.inappmessage.views.InAppMessageHtmlBaseView$messageWebView$3	invoke	final,public	1	inv	virtual|None|v0|Lcom/braze/ui/inappmessage/views/InAppMessageHtmlBaseView$messageWebView$3;|invoke||Ljava/lang/String;
com.braze.ui.inappmessage.views.InAppMessageHtmlBaseView$messageWebView$3	invoke	public	0	other	.registers 3
com.braze.ui.inappmessage.views.InAppMessageHtmlBaseView$messageWebView$3	invoke	public	1	new	0|Ljava/lang/StringBuilder;
com.braze.ui.inappmessage.views.InAppMessageHtmlBaseView$messageWebView$3	invoke	public	2	cstr	1|findViewById for 
com.braze.ui.inappmessage.views.InAppMessageHtmlBaseView$messageWebView$3	invoke	public	3	other	invoke-direct {v0, v1}, Ljava/lang/StringBuilder;-><init>(Ljava/lang/String;)V
com.braze.ui.inappmessage.views.InAppMessageHtmlBaseView$messageWebView$3	invoke	public	4	cstr	1| returned null. Returning null for WebView.
com.braze.ui.inappmessage.views.InAppMessageHtmlBaseView$messageWebView$3	invoke	public	5	inv	static|None|v0, v2, v1|Landroidx/fragment/app/z0;|j|BBB|Ljava/lang/String;
com.braze.ui.inappmessage.views.InAppMessageHtmlBaseView$messageWebView$4	<clinit>		0	other	.registers 1
com.braze.ui.inappmessage.views.InAppMessageHtmlBaseView$messageWebView$4	<clinit>		1	new	0|Lcom/braze/ui/inappmessage/views/InAppMessageHtmlBaseView$messageWebView$4;
com.braze.ui.inappmessage.views.InAppMessageHtmlBaseView$messageWebView$4	<clinit>		2	other	invoke-direct {v0}, Lcom/braze/ui/inappmessage/views/InAppMessageHtmlBaseView$messageWebView$4;-><init>()V
com.braze.ui.inappmessage.views.InAppMessageHtmlBaseView$messageWebView$4	<clinit>		3	other	sput-object v0, Lcom/braze/ui/inappmessage/views/InAppMessageHtmlBaseView$messageWebView$4;->INSTANCE:Lcom/braze/ui/inappmessage/views/InAppMessageHtmlBaseView$messageWebView$4;
com.braze.ui.inappmessage.views.InAppMessageHtmlBaseView$messageWebView$4	<init>		0	other	.registers 2
com.braze.ui.inappmessage.views.InAppMessageHtmlBaseView$messageWebView$4	<init>		1	other	invoke-direct {v1, v0}, Lkotlin/jvm/internal/i;-><init>(I)V
com.braze.ui.inappmessage.views.InAppMessageHtmlBaseView$messageWebView$4	invoke	final,public	0	other	.registers 1
com.braze.ui.inappmessage.views.InAppMessageHtmlBaseView$messageWebView$4	invoke	final,public	1	inv	virtual|None|v0|Lcom/braze/ui/inappmessage/views/InAppMessageHtmlBaseView$messageWebView$4;|invoke||Ljava/lang/String;
com.braze.ui.inappmessage.views.InAppMessageHtmlBaseView$messageWebView$4	invoke	public	0	other	.registers 1
com.braze.ui.inappmessage.views.InAppMessageHtmlBaseView$messageWebView$4	invoke	public	1	cstr	0|Failed to set dark mode WebView settings
com.braze.ui.inappmessage.views.InAppMessageHtmlBaseView$messageWebView$5	<clinit>		0	other	.registers 1
com.braze.ui.inappmessage.views.InAppMessageHtmlBaseView$messageWebView$5	<clinit>		1	new	0|Lcom/braze/ui/inappmessage/views/InAppMessageHtmlBaseView$messageWebView$5;
com.braze.ui.inappmessage.views.InAppMessageHtmlBaseView$messageWebView$5	<clinit>		2	other	invoke-direct {v0}, Lcom/braze/ui/inappmessage/views/InAppMessageHtmlBaseView$messageWebView$5;-><init>()V
com.braze.ui.inappmessage.views.InAppMessageHtmlBaseView$messageWebView$5	<clinit>		3	other	sput-object v0, Lcom/braze/ui/inappmessage/views/InAppMessageHtmlBaseView$messageWebView$5;->INSTANCE:Lcom/braze/ui/inappmessage/views/InAppMessageHtmlBaseView$messageWebView$5;
com.braze.ui.inappmessage.views.InAppMessageHtmlBaseView$messageWebView$5	<init>		0	other	.registers 2
com.braze.ui.inappmessage.views.InAppMessageHtmlBaseView$messageWebView$5	<init>		1	other	invoke-direct {v1, v0}, Lkotlin/jvm/internal/i;-><init>(I)V
com.braze.ui.inappmessage.views.InAppMessageHtmlBaseView$messageWebView$5	invoke	final,public	0	other	.registers 1
com.braze.ui.inappmessage.views.InAppMessageHtmlBaseView$messageWebView$5	invoke	final,public	1	inv	virtual|None|v0|Lcom/braze/ui/inappmessage/views/InAppMessageHtmlBaseView$messageWebView$5;|invoke||Ljava/lang/String;
com.braze.ui.inappmessage.views.InAppMessageHtmlBaseView$messageWebView$5	invoke	public	0	other	.registers 1
com.braze.ui.inappmessage.views.InAppMessageHtmlBaseView$messageWebView$5	invoke	public	1	cstr	0|HtmlInAppMessageHtmlLinkTarget enabled
com.braze.ui.inappmessage.views.InAppMessageHtmlBaseView$messageWebView$6	<clinit>		0	other	.registers 1
com.braze.ui.inappmessage.views.InAppMessageHtmlBaseView$messageWebView$6	<clinit>		1	new	0|Lcom/braze/ui/inappmessage/views/InAppMessageHtmlBaseView$messageWebView$6;
com.braze.ui.inappmessage.views.InAppMessageHtmlBaseView$messageWebView$6	<clinit>		2	other	invoke-direct {v0}, Lcom/braze/ui/inappmessage/views/InAppMessageHtmlBaseView$messageWebView$6;-><init>()V
com.braze.ui.inappmessage.views.InAppMessageHtmlBaseView$messageWebView$6	<clinit>		3	other	sput-object v0, Lcom/braze/ui/inappmessage/views/InAppMessageHtmlBaseView$messageWebView$6;->INSTANCE:Lcom/braze/ui/inappmessage/views/InAppMessageHtmlBaseView$messageWebView$6;
com.braze.ui.inappmessage.views.InAppMessageHtmlBaseView$messageWebView$6	<init>		0	other	.registers 2
com.braze.ui.inappmessage.views.InAppMessageHtmlBaseView$messageWebView$6	<init>		1	other	invoke-direct {v1, v0}, Lkotlin/jvm/internal/i;-><init>(I)V
com.braze.ui.inappmessage.views.InAppMessageHtmlBaseView$messageWebView$6	invoke	final,public	0	other	.registers 1
com.braze.ui.inappmessage.views.InAppMessageHtmlBaseView$messageWebView$6	invoke	final,public	1	inv	virtual|None|v0|Lcom/braze/ui/inappmessage/views/InAppMessageHtmlBaseView$messageWebView$6;|invoke||Ljava/lang/String;
com.braze.ui.inappmessage.views.InAppMessageHtmlBaseView$messageWebView$6	invoke	public	0	other	.registers 1
com.braze.ui.inappmessage.views.InAppMessageHtmlBaseView$messageWebView$6	invoke	public	1	cstr	0|HtmlInAppMessageHtmlLinkTarget not enabled
com.braze.ui.inappmessage.views.InAppMessageHtmlBaseView$messageWebView$7$onConsoleMessage$1	<init>		0	other	.registers 2
com.braze.ui.inappmessage.views.InAppMessageHtmlBaseView$messageWebView$7$onConsoleMessage$1	<init>		1	other	iput-object v1, v0, v9872, Lcom/braze/ui/inappmessage/views/InAppMessageHtmlBaseView$messageWebView$7$onConsoleMessage$1;->$cm:Landroid/webkit/ConsoleMessage;
com.braze.ui.inappmessage.views.InAppMessageHtmlBaseView$messageWebView$7$onConsoleMessage$1	<init>		2	other	invoke-direct {v0, v1}, Lkotlin/jvm/internal/i;-><init>(I)V
com.braze.ui.inappmessage.views.InAppMessageHtmlBaseView$messageWebView$7$onConsoleMessage$1	invoke	final,public	0	other	.registers 1
com.braze.ui.inappmessage.views.InAppMessageHtmlBaseView$messageWebView$7$onConsoleMessage$1	invoke	final,public	1	inv	virtual|None|v0|Lcom/braze/ui/inappmessage/views/InAppMessageHtmlBaseView$messageWebView$7$onConsoleMessage$1;|invoke||Ljava/lang/String;
com.braze.ui.inappmessage.views.InAppMessageHtmlBaseView$messageWebView$7$onConsoleMessage$1	invoke	public	0	other	.registers 3
com.braze.ui.inappmessage.views.InAppMessageHtmlBaseView$messageWebView$7$onConsoleMessage$1	invoke	public	1	new	0|Ljava/lang/StringBuilder;
com.braze.ui.inappmessage.views.InAppMessageHtmlBaseView$messageWebView$7$onConsoleMessage$1	invoke	public	2	cstr	1|Braze HTML In-app Message log. Line: 
com.braze.ui.inappmessage.views.InAppMessageHtmlBaseView$messageWebView$7$onConsoleMessage$1	invoke	public	3	other	invoke-direct {v0, v1}, Ljava/lang/StringBuilder;-><init>(Ljava/lang/String;)V
com.braze.ui.inappmessage.views.InAppMessageHtmlBaseView$messageWebView$7$onConsoleMessage$1	invoke	public	4	other	iget-object v1, v2, v9872, Lcom/braze/ui/inappmessage/views/InAppMessageHtmlBaseView$messageWebView$7$onConsoleMessage$1;->$cm:Landroid/webkit/ConsoleMessage;
com.braze.ui.inappmessage.views.InAppMessageHtmlBaseView$messageWebView$7$onConsoleMessage$1	invoke	public	5	inv	virtual|None|v1|Landroid/webkit/ConsoleMessage;|lineNumber||I
com.braze.ui.inappmessage.views.InAppMessageHtmlBaseView$messageWebView$7$onConsoleMessage$1	invoke	public	6	inv	virtual|None|v0, v1|Ljava/lang/StringBuilder;|append|I|Ljava/lang/StringBuilder;
com.braze.ui.inappmessage.views.InAppMessageHtmlBaseView$messageWebView$7$onConsoleMessage$1	invoke	public	7	cstr	1|. SourceId: 
com.braze.ui.inappmessage.views.InAppMessageHtmlBaseView$messageWebView$7$onConsoleMessage$1	invoke	public	8	inv	virtual|None|v0, v1|Ljava/lang/StringBuilder;|append|Ljava/lang/String;|Ljava/lang/StringBuilder;
com.braze.ui.inappmessage.views.InAppMessageHtmlBaseView$messageWebView$7$onConsoleMessage$1	invoke	public	9	other	iget-object v1, v2, v9872, Lcom/braze/ui/inappmessage/views/InAppMessageHtmlBaseView$messageWebView$7$onConsoleMessage$1;->$cm:Landroid/webkit/ConsoleMessage;
com.braze.ui.inappmessage.views.InAppMessageHtmlBaseView$messageWebView$7$onConsoleMessage$1	invoke	public	10	inv	virtual|None|v1|Landroid/webkit/ConsoleMessage;|sourceId||Ljava/lang/String;
com.braze.ui.inappmessage.views.InAppMessageHtmlBaseView$messageWebView$7$onConsoleMessage$1	invoke	public	11	inv	virtual|None|v0, v1|Ljava/lang/StringBuilder;|append|Ljava/lang/String;|Ljava/lang/StringBuilder;
com.braze.ui.inappmessage.views.InAppMessageHtmlBaseView$messageWebView$7$onConsoleMessage$1	invoke	public	12	cstr	1|. Log Level: 
com.braze.ui.inappmessage.views.InAppMessageHtmlBaseView$messageWebView$7$onConsoleMessage$1	invoke	public	13	inv	virtual|None|v0, v1|Ljava/lang/StringBuilder;|append|Ljava/lang/String;|Ljava/lang/StringBuilder;
com.braze.ui.inappmessage.views.InAppMessageHtmlBaseView$messageWebView$7$onConsoleMessage$1	invoke	public	14	other	iget-object v1, v2, v9872, Lcom/braze/ui/inappmessage/views/InAppMessageHtmlBaseView$messageWebView$7$onConsoleMessage$1;->$cm:Landroid/webkit/ConsoleMessage;
com.braze.ui.inappmessage.views.InAppMessageHtmlBaseView$messageWebView$7$onConsoleMessage$1	invoke	public	15	inv	virtual|None|v1|Landroid/webkit/ConsoleMessage;|messageLevel||Landroid/webkit/ConsoleMessage$MessageLevel;
com.braze.ui.inappmessage.views.InAppMessageHtmlBaseView$messageWebView$7$onConsoleMessage$1	invoke	public	16	inv	virtual|None|v0, v1|Ljava/lang/StringBuilder;|append|Ljava/lang/Object;|Ljava/lang/StringBuilder;
com.braze.ui.inappmessage.views.InAppMessageHtmlBaseView$messageWebView$7$onConsoleMessage$1	invoke	public	17	cstr	1|. Message: 
com.braze.ui.inappmessage.views.InAppMessageHtmlBaseView$messageWebView$7$onConsoleMessage$1	invoke	public	18	inv	virtual|None|v0, v1|Ljava/lang/StringBuilder;|append|Ljava/lang/String;|Ljava/lang/StringBuilder;
com.braze.ui.inappmessage.views.InAppMessageHtmlBaseView$messageWebView$7$onConsoleMessage$1	invoke	public	19	other	iget-object v2, v2, v9872, Lcom/braze/ui/inappmessage/views/InAppMessageHtmlBaseView$messageWebView$7$onConsoleMessage$1;->$cm:Landroid/webkit/ConsoleMessage;
com.braze.ui.inappmessage.views.InAppMessageHtmlBaseView$messageWebView$7$onConsoleMessage$1	invoke	public	20	inv	virtual|None|v2|Landroid/webkit/ConsoleMessage;|message||Ljava/lang/String;
com.braze.ui.inappmessage.views.InAppMessageHtmlBaseView$messageWebView$7$onConsoleMessage$1	invoke	public	21	inv	virtual|None|v0, v2|Ljava/lang/StringBuilder;|append|Ljava/lang/String;|Ljava/lang/StringBuilder;
com.braze.ui.inappmessage.views.InAppMessageHtmlBaseView$messageWebView$7$onConsoleMessage$1	invoke	public	22	inv	virtual|None|v0|Ljava/lang/StringBuilder;|toString||Ljava/lang/String;
com.braze.ui.inappmessage.views.InAppMessageHtmlBaseView$messageWebView$7$onCreateWindow$1	<clinit>		0	other	.registers 1
com.braze.ui.inappmessage.views.InAppMessageHtmlBaseView$messageWebView$7$onCreateWindow$1	<clinit>		1	new	0|Lcom/braze/ui/inappmessage/views/InAppMessageHtmlBaseView$messageWebView$7$onCreateWindow$1;
com.braze.ui.inappmessage.views.InAppMessageHtmlBaseView$messageWebView$7$onCreateWindow$1	<clinit>		2	other	invoke-direct {v0}, Lcom/braze/ui/inappmessage/views/InAppMessageHtmlBaseView$messageWebView$7$onCreateWindow$1;-><init>()V
com.braze.ui.inappmessage.views.InAppMessageHtmlBaseView$messageWebView$7$onCreateWindow$1	<clinit>		3	other	sput-object v0, Lcom/braze/ui/inappmessage/views/InAppMessageHtmlBaseView$messageWebView$7$onCreateWindow$1;->INSTANCE:Lcom/braze/ui/inappmessage/views/InAppMessageHtmlBaseView$messageWebView$7$onCreateWindow$1;
com.braze.ui.inappmessage.views.InAppMessageHtmlBaseView$messageWebView$7$onCreateWindow$1	<init>		0	other	.registers 2
com.braze.ui.inappmessage.views.InAppMessageHtmlBaseView$messageWebView$7$onCreateWindow$1	<init>		1	other	invoke-direct {v1, v0}, Lkotlin/jvm/internal/i;-><init>(I)V
com.braze.ui.inappmessage.views.InAppMessageHtmlBaseView$messageWebView$7$onCreateWindow$1	invoke	final,public	0	other	.registers 1
com.braze.ui.inappmessage.views.InAppMessageHtmlBaseView$messageWebView$7$onCreateWindow$1	invoke	final,public	1	inv	virtual|None|v0|Lcom/braze/ui/inappmessage/views/InAppMessageHtmlBaseView$messageWebView$7$onCreateWindow$1;|invoke||Ljava/lang/String;
com.braze.ui.inappmessage.views.InAppMessageHtmlBaseView$messageWebView$7$onCreateWindow$1	invoke	public	0	other	.registers 1
com.braze.ui.inappmessage.views.InAppMessageHtmlBaseView$messageWebView$7$onCreateWindow$1	invoke	public	1	cstr	0|linkTargetSupport not enabled, passing to super.onCreateWindow()
com.braze.ui.inappmessage.views.InAppMessageHtmlBaseView$messageWebView$7$onCreateWindow$2	<clinit>		0	other	.registers 1
com.braze.ui.inappmessage.views.InAppMessageHtmlBaseView$messageWebView$7$onCreateWindow$2	<clinit>		1	new	0|Lcom/braze/ui/inappmessage/views/InAppMessageHtmlBaseView$messageWebView$7$onCreateWindow$2;
com.braze.ui.inappmessage.views.InAppMessageHtmlBaseView$messageWebView$7$onCreateWindow$2	<clinit>		2	other	invoke-direct {v0}, Lcom/braze/ui/inappmessage/views/InAppMessageHtmlBaseView$messageWebView$7$onCreateWindow$2;-><init>()V
com.braze.ui.inappmessage.views.InAppMessageHtmlBaseView$messageWebView$7$onCreateWindow$2	<clinit>		3	other	sput-object v0, Lcom/braze/ui/inappmessage/views/InAppMessageHtmlBaseView$messageWebView$7$onCreateWindow$2;->INSTANCE:Lcom/braze/ui/inappmessage/views/InAppMessageHtmlBaseView$messageWebView$7$onCreateWindow$2;
com.braze.ui.inappmessage.views.InAppMessageHtmlBaseView$messageWebView$7$onCreateWindow$2	<init>		0	other	.registers 2
com.braze.ui.inappmessage.views.InAppMessageHtmlBaseView$messageWebView$7$onCreateWindow$2	<init>		1	other	invoke-direct {v1, v0}, Lkotlin/jvm/internal/i;-><init>(I)V
com.braze.ui.inappmessage.views.InAppMessageHtmlBaseView$messageWebView$7$onCreateWindow$2	invoke	final,public	0	other	.registers 1
com.braze.ui.inappmessage.views.InAppMessageHtmlBaseView$messageWebView$7$onCreateWindow$2	invoke	final,public	1	inv	virtual|None|v0|Lcom/braze/ui/inappmessage/views/InAppMessageHtmlBaseView$messageWebView$7$onCreateWindow$2;|invoke||Ljava/lang/String;
com.braze.ui.inappmessage.views.InAppMessageHtmlBaseView$messageWebView$7$onCreateWindow$2	invoke	public	0	other	.registers 1
com.braze.ui.inappmessage.views.InAppMessageHtmlBaseView$messageWebView$7$onCreateWindow$2	invoke	public	1	cstr	0|onCreateWindow webView is null, not opening link
com.braze.ui.inappmessage.views.InAppMessageHtmlBaseView$messageWebView$7$onCreateWindow$3	<init>		0	other	.registers 2
com.braze.ui.inappmessage.views.InAppMessageHtmlBaseView$messageWebView$7$onCreateWindow$3	<init>		1	other	iput-object v1, v0, v9875, Lcom/braze/ui/inappmessage/views/InAppMessageHtmlBaseView$messageWebView$7$onCreateWindow$3;->$result:Landroid/webkit/WebView$HitTestResult;
com.braze.ui.inappmessage.views.InAppMessageHtmlBaseView$messageWebView$7$onCreateWindow$3	<init>		2	other	invoke-direct {v0, v1}, Lkotlin/jvm/internal/i;-><init>(I)V
com.braze.ui.inappmessage.views.InAppMessageHtmlBaseView$messageWebView$7$onCreateWindow$3	invoke	final,public	0	other	.registers 1
com.braze.ui.inappmessage.views.InAppMessageHtmlBaseView$messageWebView$7$onCreateWindow$3	invoke	final,public	1	inv	virtual|None|v0|Lcom/braze/ui/inappmessage/views/InAppMessageHtmlBaseView$messageWebView$7$onCreateWindow$3;|invoke||Ljava/lang/String;
com.braze.ui.inappmessage.views.InAppMessageHtmlBaseView$messageWebView$7$onCreateWindow$3	invoke	public	0	other	.registers 3
com.braze.ui.inappmessage.views.InAppMessageHtmlBaseView$messageWebView$7$onCreateWindow$3	invoke	public	1	new	0|Ljava/lang/StringBuilder;
com.braze.ui.inappmessage.views.InAppMessageHtmlBaseView$messageWebView$7$onCreateWindow$3	invoke	public	2	cstr	1|onCreateWindow HitTestResult is 
com.braze.ui.inappmessage.views.InAppMessageHtmlBaseView$messageWebView$7$onCreateWindow$3	invoke	public	3	other	invoke-direct {v0, v1}, Ljava/lang/StringBuilder;-><init>(Ljava/lang/String;)V
com.braze.ui.inappmessage.views.InAppMessageHtmlBaseView$messageWebView$7$onCreateWindow$3	invoke	public	4	other	iget-object v2, v2, v9875, Lcom/braze/ui/inappmessage/views/InAppMessageHtmlBaseView$messageWebView$7$onCreateWindow$3;->$result:Landroid/webkit/WebView$HitTestResult;
com.braze.ui.inappmessage.views.InAppMessageHtmlBaseView$messageWebView$7$onCreateWindow$3	invoke	public	5	inv	virtual|None|v0, v2|Ljava/lang/StringBuilder;|append|Ljava/lang/Object;|Ljava/lang/StringBuilder;
com.braze.ui.inappmessage.views.InAppMessageHtmlBaseView$messageWebView$7$onCreateWindow$3	invoke	public	6	inv	virtual|None|v0|Ljava/lang/StringBuilder;|toString||Ljava/lang/String;
com.braze.ui.inappmessage.views.InAppMessageHtmlBaseView$messageWebView$7$onCreateWindow$4	<init>		0	other	.registers 2
com.braze.ui.inappmessage.views.InAppMessageHtmlBaseView$messageWebView$7$onCreateWindow$4	<init>		1	other	iput-object v1, v0, v9876, Lcom/braze/ui/inappmessage/views/InAppMessageHtmlBaseView$messageWebView$7$onCreateWindow$4;->$result:Landroid/webkit/WebView$HitTestResult;
com.braze.ui.inappmessage.views.InAppMessageHtmlBaseView$messageWebView$7$onCreateWindow$4	<init>		2	other	invoke-direct {v0, v1}, Lkotlin/jvm/internal/i;-><init>(I)V
com.braze.ui.inappmessage.views.InAppMessageHtmlBaseView$messageWebView$7$onCreateWindow$4	invoke	final,public	0	other	.registers 1
com.braze.ui.inappmessage.views.InAppMessageHtmlBaseView$messageWebView$7$onCreateWindow$4	invoke	final,public	1	inv	virtual|None|v0|Lcom/braze/ui/inappmessage/views/InAppMessageHtmlBaseView$messageWebView$7$onCreateWindow$4;|invoke||Ljava/lang/String;
com.braze.ui.inappmessage.views.InAppMessageHtmlBaseView$messageWebView$7$onCreateWindow$4	invoke	public	0	other	.registers 3
com.braze.ui.inappmessage.views.InAppMessageHtmlBaseView$messageWebView$7$onCreateWindow$4	invoke	public	1	new	0|Ljava/lang/StringBuilder;
com.braze.ui.inappmessage.views.InAppMessageHtmlBaseView$messageWebView$7$onCreateWindow$4	invoke	public	2	cstr	1|onCreateWindow: hitTestResult type was 
com.braze.ui.inappmessage.views.InAppMessageHtmlBaseView$messageWebView$7$onCreateWindow$4	invoke	public	3	other	invoke-direct {v0, v1}, Ljava/lang/StringBuilder;-><init>(Ljava/lang/String;)V
com.braze.ui.inappmessage.views.InAppMessageHtmlBaseView$messageWebView$7$onCreateWindow$4	invoke	public	4	other	iget-object v2, v2, v9876, Lcom/braze/ui/inappmessage/views/InAppMessageHtmlBaseView$messageWebView$7$onCreateWindow$4;->$result:Landroid/webkit/WebView$HitTestResult;
com.braze.ui.inappmessage.views.InAppMessageHtmlBaseView$messageWebView$7$onCreateWindow$4	invoke	public	5	inv	virtual|None|v2|Landroid/webkit/WebView$HitTestResult;|getType||I
com.braze.ui.inappmessage.views.InAppMessageHtmlBaseView$messageWebView$7$onCreateWindow$4	invoke	public	6	inv	virtual|None|v0, v2|Ljava/lang/StringBuilder;|append|I|Ljava/lang/StringBuilder;
com.braze.ui.inappmessage.views.InAppMessageHtmlBaseView$messageWebView$7$onCreateWindow$4	invoke	public	7	cstr	2|. Not doing anything.
com.braze.ui.inappmessage.views.InAppMessageHtmlBaseView$messageWebView$7$onCreateWindow$4	invoke	public	8	inv	virtual|None|v0, v2|Ljava/lang/StringBuilder;|append|Ljava/lang/String;|Ljava/lang/StringBuilder;
com.braze.ui.inappmessage.views.InAppMessageHtmlBaseView$messageWebView$7$onCreateWindow$4	invoke	public	9	inv	virtual|None|v0|Ljava/lang/StringBuilder;|toString||Ljava/lang/String;
com.braze.ui.inappmessage.views.InAppMessageHtmlBaseView$messageWebView$7	<init>		0	other	.registers 3
com.braze.ui.inappmessage.views.InAppMessageHtmlBaseView$messageWebView$7	<init>		1	other	iput-object v1, v0, v9878, Lcom/braze/ui/inappmessage/views/InAppMessageHtmlBaseView$messageWebView$7;->this$0:Lcom/braze/ui/inappmessage/views/InAppMessageHtmlBaseView;
com.braze.ui.inappmessage.views.InAppMessageHtmlBaseView$messageWebView$7	<init>		2	other	invoke-direct {v0}, Landroid/webkit/WebChromeClient;-><init>()V
com.braze.ui.inappmessage.views.InAppMessageHtmlBaseView$messageWebView$7	getDefaultVideoPoster	public	0	other	.registers 2
com.braze.ui.inappmessage.views.InAppMessageHtmlBaseView$messageWebView$7	getDefaultVideoPoster	public	1	sget	0|Landroid/graphics/Bitmap$Config;|ARGB_8888|Landroid/graphics/Bitmap$Config;
com.braze.ui.inappmessage.views.InAppMessageHtmlBaseView$messageWebView$7	getDefaultVideoPoster	public	2	inv	static|None|v1, v1, v0|Landroid/graphics/Bitmap;|createBitmap|BBB|Landroid/graphics/Bitmap;
com.braze.ui.inappmessage.views.InAppMessageHtmlBaseView$messageWebView$7	getDefaultVideoPoster	public	3	cstr	0|createBitmap(1, 1, Bitmap.Config.ARGB_8888)
com.braze.ui.inappmessage.views.InAppMessageHtmlBaseView$messageWebView$7	getDefaultVideoPoster	public	4	inv	static|None|v1, v0|Lkotlin/jvm/internal/Intrinsics;|checkNotNullExpressionValue|Landroid/app/KeyguardManager;La3/b;|V
com.braze.ui.inappmessage.views.InAppMessageHtmlBaseView$messageWebView$7	onConsoleMessage	public	0	other	.registers 10
com.braze.ui.inappmessage.views.InAppMessageHtmlBaseView$messageWebView$7	onConsoleMessage	public	1	cstr	0|cm
com.braze.ui.inappmessage.views.InAppMessageHtmlBaseView$messageWebView$7	onConsoleMessage	public	2	inv	static|None|v9, v0|Lkotlin/jvm/internal/Intrinsics;|checkNotNullParameter|Landroid/app/KeyguardManager;La3/b;|V
com.braze.ui.inappmessage.views.InAppMessageHtmlBaseView$messageWebView$7	onConsoleMessage	public	3	sget	1|Lcom/braze/support/BrazeLogger;|INSTANCE|Lcom/braze/support/BrazeLogger;
com.braze.ui.inappmessage.views.InAppMessageHtmlBaseView$messageWebView$7	onConsoleMessage	public	4	other	iget-object v2, v8, v9878, Lcom/braze/ui/inappmessage/views/InAppMessageHtmlBaseView$messageWebView$7;->this$0:Lcom/braze/ui/inappmessage/views/InAppMessageHtmlBaseView;
com.braze.ui.inappmessage.views.InAppMessageHtmlBaseView$messageWebView$7	onConsoleMessage	public	5	new	5|Lcom/braze/ui/inappmessage/views/InAppMessageHtmlBaseView$messageWebView$7$onConsoleMessage$1;
com.braze.ui.inappmessage.views.InAppMessageHtmlBaseView$messageWebView$7	onConsoleMessage	public	6	other	invoke-direct {v5, v9}, Lcom/braze/ui/inappmessage/views/InAppMessageHtmlBaseView$messageWebView$7$onConsoleMessage$1;-><init>(Landroid/webkit/ConsoleMessage;)V
com.braze.ui.inappmessage.views.InAppMessageHtmlBaseView$messageWebView$7	onConsoleMessage	public	7	inv	static|/range|v1, v2, v3, v4, v5, v6, v7|Lcom/braze/support/BrazeLogger;|brazelog$default|BBBLa/a;La0/e;Landroid/app/KeyguardManager;La3/b;|V
com.braze.ui.inappmessage.views.InAppMessageHtmlBaseView$messageWebView$7	onCreateWindow	public	0	other	.registers 13
com.braze.ui.inappmessage.views.InAppMessageHtmlBaseView$messageWebView$7	onCreateWindow	public	1	sget	1|Lcom/braze/support/BrazeLogger;|INSTANCE|Lcom/braze/support/BrazeLogger;
com.braze.ui.inappmessage.views.InAppMessageHtmlBaseView$messageWebView$7	onCreateWindow	public	2	sget	3|Lcom/braze/support/BrazeLogger$Priority;|V|Lcom/braze/support/BrazeLogger$Priority;
com.braze.ui.inappmessage.views.InAppMessageHtmlBaseView$messageWebView$7	onCreateWindow	public	3	sget	5|Lcom/braze/ui/inappmessage/views/InAppMessageHtmlBaseView$messageWebView$7$onCreateWindow$1;|INSTANCE|Lcom/braze/ui/inappmessage/views/InAppMessageHtmlBaseView$messageWebView$7$onCreateWindow$1;
com.braze.ui.inappmessage.views.InAppMessageHtmlBaseView$messageWebView$7	onCreateWindow	public	4	inv	static|/range|v1, v2, v3, v4, v5, v6, v7|Lcom/braze/support/BrazeLogger;|brazelog$default|BBBLa/a;La0/e;Landroid/app/KeyguardManager;La3/b;|V
com.braze.ui.inappmessage.views.InAppMessageHtmlBaseView$messageWebView$7	onCreateWindow	public	5	inv	super|None|v8, v9, v10, v11, v12|Landroid/webkit/WebChromeClient;|onCreateWindow|BBBLa2/a;|Z
com.braze.ui.inappmessage.views.InAppMessageHtmlBaseView$messageWebView$7	onCreateWindow	public	6	sget	0|Lcom/braze/support/BrazeLogger;|INSTANCE|Lcom/braze/support/BrazeLogger;
com.braze.ui.inappmessage.views.InAppMessageHtmlBaseView$messageWebView$7	onCreateWindow	public	7	sget	2|Lcom/braze/support/BrazeLogger$Priority;|V|Lcom/braze/support/BrazeLogger$Priority;
com.braze.ui.inappmessage.views.InAppMessageHtmlBaseView$messageWebView$7	onCreateWindow	public	8	sget	4|Lcom/braze/ui/inappmessage/views/InAppMessageHtmlBaseView$messageWebView$7$onCreateWindow$2;|INSTANCE|Lcom/braze/ui/inappmessage/views/InAppMessageHtmlBaseView$messageWebView$7$onCreateWindow$2;
com.braze.ui.inappmessage.views.InAppMessageHtmlBaseView$messageWebView$7	onCreateWindow	public	9	inv	static|/range|v0, v1, v2, v3, v4, v5, v6|Lcom/braze/support/BrazeLogger;|brazelog$default|BBBLa/a;La0/e;Landroid/app/KeyguardManager;La3/b;|V
com.braze.ui.inappmessage.views.InAppMessageHtmlBaseView$messageWebView$7	onCreateWindow	public	10	inv	virtual|None|v9|Landroid/webkit/WebView;|getHitTestResult||Landroid/webkit/WebView$HitTestResult;
com.braze.ui.inappmessage.views.InAppMessageHtmlBaseView$messageWebView$7	onCreateWindow	public	11	cstr	11|view.hitTestResult
com.braze.ui.inappmessage.views.InAppMessageHtmlBaseView$messageWebView$7	onCreateWindow	public	12	inv	static|None|v9, v11|Lkotlin/jvm/internal/Intrinsics;|checkNotNullExpressionValue|Landroid/app/KeyguardManager;La3/b;|V
com.braze.ui.inappmessage.views.InAppMessageHtmlBaseView$messageWebView$7	onCreateWindow	public	13	sget	11|Lcom/braze/support/BrazeLogger;|INSTANCE|Lcom/braze/support/BrazeLogger;
com.braze.ui.inappmessage.views.InAppMessageHtmlBaseView$messageWebView$7	onCreateWindow	public	14	sget	12|Lcom/braze/support/BrazeLogger$Priority;|V|Lcom/braze/support/BrazeLogger$Priority;
com.braze.ui.inappmessage.views.InAppMessageHtmlBaseView$messageWebView$7	onCreateWindow	public	15	new	4|Lcom/braze/ui/inappmessage/views/InAppMessageHtmlBaseView$messageWebView$7$onCreateWindow$3;
com.braze.ui.inappmessage.views.InAppMessageHtmlBaseView$messageWebView$7	onCreateWindow	public	16	other	invoke-direct {v4, v9}, Lcom/braze/ui/inappmessage/views/InAppMessageHtmlBaseView$messageWebView$7$onCreateWindow$3;-><init>(Landroid/webkit/WebView$HitTestResult;)V
com.braze.ui.inappmessage.views.InAppMessageHtmlBaseView$messageWebView$7	onCreateWindow	public	17	inv	static|/range|v0, v1, v2, v3, v4, v5, v6|Lcom/braze/support/BrazeLogger;|brazelog$default|BBBLa/a;La0/e;Landroid/app/KeyguardManager;La3/b;|V
com.braze.ui.inappmessage.views.InAppMessageHtmlBaseView$messageWebView$7	onCreateWindow	public	18	inv	virtual|None|v9|Landroid/webkit/WebView$HitTestResult;|getType||I
com.braze.ui.inappmessage.views.InAppMessageHtmlBaseView$messageWebView$7	onCreateWindow	public	19	cstr	2|android.intent.action.VIEW
com.braze.ui.inappmessage.views.InAppMessageHtmlBaseView$messageWebView$7	onCreateWindow	public	20	new	4|Lcom/braze/ui/inappmessage/views/InAppMessageHtmlBaseView$messageWebView$7$onCreateWindow$4;
com.braze.ui.inappmessage.views.InAppMessageHtmlBaseView$messageWebView$7	onCreateWindow	public	21	other	invoke-direct {v4, v9}, Lcom/braze/ui/inappmessage/views/InAppMessageHtmlBaseView$messageWebView$7$onCreateWindow$4;-><init>(Landroid/webkit/WebView$HitTestResult;)V
com.braze.ui.inappmessage.views.InAppMessageHtmlBaseView$messageWebView$7	onCreateWindow	public	22	inv	virtual|None|v9|Landroid/webkit/WebView$HitTestResult;|getExtra||Ljava/lang/String;
com.braze.ui.inappmessage.views.InAppMessageHtmlBaseView$messageWebView$7	onCreateWindow	public	23	new	11|Landroid/content/Intent;
com.braze.ui.inappmessage.views.InAppMessageHtmlBaseView$messageWebView$7	onCreateWindow	public	24	inv	static|None|v9|Landroid/net/Uri;|parse|Ljava/lang/String;|Landroid/net/Uri;
com.braze.ui.inappmessage.views.InAppMessageHtmlBaseView$messageWebView$7	onCreateWindow	public	25	other	invoke-direct {v11, v2, v9}, Landroid/content/Intent;-><init>(Landroid/app/NotificationChannel;La3/b;)V
com.braze.ui.inappmessage.views.InAppMessageHtmlBaseView$messageWebView$7	onCreateWindow	public	26	new	11|Ljava/lang/StringBuilder;
com.braze.ui.inappmessage.views.InAppMessageHtmlBaseView$messageWebView$7	onCreateWindow	public	27	cstr	12|mailto:
com.braze.ui.inappmessage.views.InAppMessageHtmlBaseView$messageWebView$7	onCreateWindow	public	28	other	invoke-direct {v11, v12}, Ljava/lang/StringBuilder;-><init>(Ljava/lang/String;)V
com.braze.ui.inappmessage.views.InAppMessageHtmlBaseView$messageWebView$7	onCreateWindow	public	29	inv	virtual|None|v9|Landroid/webkit/WebView$HitTestResult;|getExtra||Ljava/lang/String;
com.braze.ui.inappmessage.views.InAppMessageHtmlBaseView$messageWebView$7	onCreateWindow	public	30	inv	virtual|None|v11, v9|Ljava/lang/StringBuilder;|append|Ljava/lang/String;|Ljava/lang/StringBuilder;
com.braze.ui.inappmessage.views.InAppMessageHtmlBaseView$messageWebView$7	onCreateWindow	public	31	inv	virtual|None|v11|Ljava/lang/StringBuilder;|toString||Ljava/lang/String;
com.braze.ui.inappmessage.views.InAppMessageHtmlBaseView$messageWebView$7	onCreateWindow	public	32	new	11|Landroid/content/Intent;
com.braze.ui.inappmessage.views.InAppMessageHtmlBaseView$messageWebView$7	onCreateWindow	public	33	inv	static|None|v9|Landroid/net/Uri;|parse|Ljava/lang/String;|Landroid/net/Uri;
com.braze.ui.inappmessage.views.InAppMessageHtmlBaseView$messageWebView$7	onCreateWindow	public	34	other	invoke-direct {v11, v2, v9}, Landroid/content/Intent;-><init>(Landroid/app/NotificationChannel;La3/b;)V
com.braze.ui.inappmessage.views.InAppMessageHtmlBaseView$messageWebView$7	onCreateWindow	public	35	new	11|Ljava/lang/StringBuilder;
com.braze.ui.inappmessage.views.InAppMessageHtmlBaseView$messageWebView$7	onCreateWindow	public	36	cstr	12|tel:
com.braze.ui.inappmessage.views.InAppMessageHtmlBaseView$messageWebView$7	onCreateWindow	public	37	other	invoke-direct {v11, v12}, Ljava/lang/StringBuilder;-><init>(Ljava/lang/String;)V
com.braze.ui.inappmessage.views.InAppMessageHtmlBaseView$messageWebView$7	onCreateWindow	public	38	inv	virtual|None|v9|Landroid/webkit/WebView$HitTestResult;|getExtra||Ljava/lang/String;
com.braze.ui.inappmessage.views.InAppMessageHtmlBaseView$messageWebView$7	onCreateWindow	public	39	inv	virtual|None|v11, v9|Ljava/lang/StringBuilder;|append|Ljava/lang/String;|Ljava/lang/StringBuilder;
com.braze.ui.inappmessage.views.InAppMessageHtmlBaseView$messageWebView$7	onCreateWindow	public	40	inv	virtual|None|v11|Ljava/lang/StringBuilder;|toString||Ljava/lang/String;
com.braze.ui.inappmessage.views.InAppMessageHtmlBaseView$messageWebView$7	onCreateWindow	public	41	new	11|Landroid/content/Intent;
com.braze.ui.inappmessage.views.InAppMessageHtmlBaseView$messageWebView$7	onCreateWindow	public	42	inv	static|None|v9|Landroid/net/Uri;|parse|Ljava/lang/String;|Landroid/net/Uri;
com.braze.ui.inappmessage.views.InAppMessageHtmlBaseView$messageWebView$7	onCreateWindow	public	43	other	invoke-direct {v11, v2, v9}, Landroid/content/Intent;-><init>(Landroid/app/NotificationChannel;La3/b;)V
com.braze.ui.inappmessage.views.InAppMessageHtmlBaseView$messageWebView$7	onCreateWindow	public	44	other	iget-object v8, v8, v9878, Lcom/braze/ui/inappmessage/views/InAppMessageHtmlBaseView$messageWebView$7;->this$0:Lcom/braze/ui/inappmessage/views/InAppMessageHtmlBaseView;
com.braze.ui.inappmessage.views.InAppMessageHtmlBaseView$messageWebView$7	onCreateWindow	public	45	inv	virtual|None|v8|Landroid/view/View;|getContext||Landroid/content/Context;
com.braze.ui.inappmessage.views.InAppMessageHtmlBaseView$messageWebView$7	onCreateWindow	public	46	inv	virtual|None|v8, v11|Landroid/content/Context;|startActivity|Landroid/content/Intent;|V
com.braze.ui.inappmessage.views.InAppMessageHtmlBaseView$setWebViewContent$1	<clinit>		0	other	.registers 1
com.braze.ui.inappmessage.views.InAppMessageHtmlBaseView$setWebViewContent$1	<clinit>		1	new	0|Lcom/braze/ui/inappmessage/views/InAppMessageHtmlBaseView$setWebViewContent$1;
com.braze.ui.inappmessage.views.InAppMessageHtmlBaseView$setWebViewContent$1	<clinit>		2	other	invoke-direct {v0}, Lcom/braze/ui/inappmessage/views/InAppMessageHtmlBaseView$setWebViewContent$1;-><init>()V
com.braze.ui.inappmessage.views.InAppMessageHtmlBaseView$setWebViewContent$1	<clinit>		3	other	sput-object v0, Lcom/braze/ui/inappmessage/views/InAppMessageHtmlBaseView$setWebViewContent$1;->INSTANCE:Lcom/braze/ui/inappmessage/views/InAppMessageHtmlBaseView$setWebViewContent$1;
com.braze.ui.inappmessage.views.InAppMessageHtmlBaseView$setWebViewContent$1	<init>		0	other	.registers 2
com.braze.ui.inappmessage.views.InAppMessageHtmlBaseView$setWebViewContent$1	<init>		1	other	invoke-direct {v1, v0}, Lkotlin/jvm/internal/i;-><init>(I)V
com.braze.ui.inappmessage.views.InAppMessageHtmlBaseView$setWebViewContent$1	invoke	final,public	0	other	.registers 1
com.braze.ui.inappmessage.views.InAppMessageHtmlBaseView$setWebViewContent$1	invoke	final,public	1	inv	virtual|None|v0|Lcom/braze/ui/inappmessage/views/InAppMessageHtmlBaseView$setWebViewContent$1;|invoke||Ljava/lang/String;
com.braze.ui.inappmessage.views.InAppMessageHtmlBaseView$setWebViewContent$1	invoke	public	0	other	.registers 1
com.braze.ui.inappmessage.views.InAppMessageHtmlBaseView$setWebViewContent$1	invoke	public	1	cstr	0|Cannot load WebView. htmlBody was null.
com.braze.ui.inappmessage.views.InAppMessageWebView	<init>		0	other	.registers 4
com.braze.ui.inappmessage.views.InAppMessageWebView	<init>		1	cstr	0|context
com.braze.ui.inappmessage.views.InAppMessageWebView	<init>		2	inv	static|None|v2, v0|Lkotlin/jvm/internal/Intrinsics;|checkNotNullParameter|Landroid/app/KeyguardManager;La3/b;|V
com.braze.ui.inappmessage.views.InAppMessageWebView	<init>		3	other	invoke-direct {v1, v2, v3}, Landroid/webkit/WebView;-><init>(BB)V
com.braze.ui.inappmessage.views.InAppMessageWebView	dispatchKeyEvent	public	0	other	.registers 4
com.braze.ui.inappmessage.views.InAppMessageWebView	dispatchKeyEvent	public	1	cstr	0|event
com.braze.ui.inappmessage.views.InAppMessageWebView	dispatchKeyEvent	public	2	inv	static|None|v3, v0|Lkotlin/jvm/internal/Intrinsics;|checkNotNullParameter|Landroid/app/KeyguardManager;La3/b;|V
com.braze.ui.inappmessage.views.InAppMessageWebView	dispatchKeyEvent	public	3	inv	virtual|None|v2|Landroid/view/View;|isInTouchMode||Z
com.braze.ui.inappmessage.views.InAppMessageWebView	dispatchKeyEvent	public	4	inv	virtual|None|v3|Landroid/view/KeyEvent;|getKeyCode||I
com.braze.ui.inappmessage.views.InAppMessageWebView	dispatchKeyEvent	public	5	sget	0|Lcom/braze/ui/inappmessage/BrazeInAppMessageManager;|Companion|Lcom/braze/ui/inappmessage/BrazeInAppMessageManager$Companion;
com.braze.ui.inappmessage.views.InAppMessageWebView	dispatchKeyEvent	public	6	inv	virtual|None|v0|Lcom/braze/ui/inappmessage/BrazeInAppMessageManager$Companion;|getInstance||Lcom/braze/ui/inappmessage/BrazeInAppMessageManager;
com.braze.ui.inappmessage.views.InAppMessageWebView	dispatchKeyEvent	public	7	inv	virtual|None|v0|Lcom/braze/ui/inappmessage/InAppMessageManagerBase;|getDoesBackButtonDismissInAppMessageView||Z
com.braze.ui.inappmessage.views.InAppMessageWebView	dispatchKeyEvent	public	8	inv	static|None||Lcom/braze/ui/inappmessage/utils/InAppMessageViewUtils;|closeInAppMessageOnKeycodeBack||V
com.braze.ui.inappmessage.views.InAppMessageWebView	dispatchKeyEvent	public	9	inv	super|None|v2, v3|Landroid/webkit/WebView;|dispatchKeyEvent|Landroid/view/KeyEvent;|Z
com.braze.ui.inappmessage.views.InAppMessageWebView	onKeyDown	public	0	other	.registers 4
com.braze.ui.inappmessage.views.InAppMessageWebView	onKeyDown	public	1	cstr	0|event
com.braze.ui.inappmessage.views.InAppMessageWebView	onKeyDown	public	2	inv	static|None|v3, v0|Lkotlin/jvm/internal/Intrinsics;|checkNotNullParameter|Landroid/app/KeyguardManager;La3/b;|V
com.braze.ui.inappmessage.views.InAppMessageWebView	onKeyDown	public	3	sget	0|Lcom/braze/ui/inappmessage/BrazeInAppMessageManager;|Companion|Lcom/braze/ui/inappmessage/BrazeInAppMessageManager$Companion;
com.braze.ui.inappmessage.views.InAppMessageWebView	onKeyDown	public	4	inv	virtual|None|v0|Lcom/braze/ui/inappmessage/BrazeInAppMessageManager$Companion;|getInstance||Lcom/braze/ui/inappmessage/BrazeInAppMessageManager;
com.braze.ui.inappmessage.views.InAppMessageWebView	onKeyDown	public	5	inv	virtual|None|v0|Lcom/braze/ui/inappmessage/InAppMessageManagerBase;|getDoesBackButtonDismissInAppMessageView||Z
com.braze.ui.inappmessage.views.InAppMessageWebView	onKeyDown	public	6	inv	static|None||Lcom/braze/ui/inappmessage/utils/InAppMessageViewUtils;|closeInAppMessageOnKeycodeBack||V
com.braze.ui.inappmessage.views.InAppMessageWebView	onKeyDown	public	7	inv	super|None|v1, v2, v3|Landroid/webkit/WebView;|onKeyDown|BB|Z
com.helpshift.views.HSWebView	<init>		0	other	.registers 4
com.helpshift.views.HSWebView	<init>		1	other	invoke-direct {v1, v2, v3}, Landroid/webkit/WebView;-><init>(BB)V
com.helpshift.views.HSWebView	<init>		2	inv	virtual|None|v1|Landroid/view/View;|isInEditMode||Z
com.helpshift.views.HSWebView	<init>		3	inv	virtual|None|v1|Landroid/webkit/WebView;|getSettings||Landroid/webkit/WebSettings;
com.helpshift.views.HSWebView	<init>		4	inv	virtual|None|v2, v3|Landroid/webkit/WebSettings;|setJavaScriptEnabled|Z|V
com.helpshift.views.HSWebView	<init>		5	inv	virtual|None|v2, v3|Landroid/webkit/WebSettings;|setJavaScriptCanOpenWindowsAutomatically|Z|V
com.helpshift.views.HSWebView	<init>		6	inv	virtual|None|v2, v3|Landroid/webkit/WebSettings;|setSupportMultipleWindows|Z|V
com.helpshift.views.HSWebView	<init>		7	inv	virtual|None|v2, v3|Landroid/webkit/WebSettings;|setDomStorageEnabled|Z|V
com.helpshift.views.HSWebView	<init>		8	inv	virtual|None|v2, v0|Landroid/webkit/WebSettings;|setMixedContentMode|I|V
com.helpshift.views.HSWebView	<init>		9	inv	virtual|None|v2, v0|Landroid/webkit/WebSettings;|setCacheMode|I|V
com.helpshift.views.HSWebView	<init>		10	inv	virtual|None|v2, v3|Landroid/webkit/WebSettings;|setAllowFileAccess|Z|V
com.helpshift.views.HSWebView	<init>		11	inv	virtual|None|v1, v0, v2|Landroid/view/View;|setLayerType|BB|V
y1.a$a	<clinit>		0	other	.registers 3
y1.a$a	<clinit>		1	new	0|Ljava/util/TreeMap;
y1.a$a	<clinit>		2	other	invoke-direct {v0}, Ljava/util/TreeMap;-><init>()V
y1.a$a	<clinit>		3	other	sput-object v0, Ly1/a$a;->a:Ljava/util/TreeMap;
y1.a$a	<clinit>		4	inv	static|None|v1|Ljava/lang/Integer;|valueOf|I|Ljava/lang/Integer;
y1.a$a	<clinit>		5	cstr	2|libvmpc.so
y1.a$a	<clinit>		6	inv	virtual|None|v0, v2, v1|Ljava/util/TreeMap;|put|Landroid/app/KeyguardManager;La3/b;|Ljava/lang/Object;
y1.a$a	<clinit>		7	inv	static|None|v1|Ljava/lang/Integer;|valueOf|I|Ljava/lang/Integer;
y1.a$a	<clinit>		8	cstr	2|libtensorflowlite_jni.so
y1.a$a	<clinit>		9	inv	virtual|None|v0, v2, v1|Ljava/util/TreeMap;|put|Landroid/app/KeyguardManager;La3/b;|Ljava/lang/Object;
y1.a$a	<clinit>		10	inv	static|None|v1|Ljava/lang/Integer;|valueOf|I|Ljava/lang/Integer;
y1.a$a	<clinit>		11	cstr	2|libgame.so
y1.a$a	<clinit>		12	inv	virtual|None|v0, v2, v1|Ljava/util/TreeMap;|put|Landroid/app/KeyguardManager;La3/b;|Ljava/lang/Object;
y1.a0	<init>		0	other	.registers 2
y1.a0	<init>		1	other	iput-object v1, v0, v17116, Ly1/a0;->a:Lcom/activision/game/MainActivity;
y1.a0	<init>		2	other	invoke-direct {v0}, Ljava/lang/Object;-><init>()V
y1.a0	onDisplayAdded	public	0	other	.registers 2
y1.a0	onDisplayChanged	public	0	other	.registers 5
y1.a0	onDisplayChanged	public	1	sget	0|Lcom/activision/game/MainActivity;|F|Ljava/util/HashMap;
y1.a0	onDisplayChanged	public	2	other	iget-object v3, v3, v17116, Ly1/a0;->a:Lcom/activision/game/MainActivity;
y1.a0	onDisplayChanged	public	3	inv	virtual|None|v3|Landroid/app/Activity;|getWindowManager||Landroid/view/WindowManager;
y1.a0	onDisplayChanged	public	4	inv	interface|None|v1|Landroid/view/WindowManager;|getDefaultDisplay||Landroid/view/Display;
y1.a0	onDisplayChanged	public	5	inv	virtual|None|v3|Lcom/activision/game/MainActivity;|getDisplay||Landroid/view/Display;
y1.a0	onDisplayChanged	public	6	inv	virtual|None|v1|Landroid/view/Display;|getDisplayId||I
y1.a0	onDisplayChanged	public	7	inv	virtual|None|v1|Landroid/view/Display;|getRotation||I
y1.a0	onDisplayChanged	public	8	sget	0|Landroid/os/Build;|MODEL|Ljava/lang/String;
y1.a0	onDisplayChanged	public	9	cstr	1|SM-
y1.a0	onDisplayChanged	public	10	inv	virtual|None|v0, v1|Ljava/lang/String;|startsWith|Ljava/lang/String;|Z
y1.a0	onDisplayChanged	public	11	inv	static|None|v3, v4|Lcom/activision/game/MainActivity;|k|BB|V
y1.a0	onDisplayRemoved	public	0	other	.registers 2
y1.a	a	public,static	0	other	.registers 2
y1.a	a	public,static	1	sget	0|Landroid/os/Build;|SUPPORTED_ABIS|Ljava/lang/String;
y1.b0	<init>		0	other	.registers 2
y1.b0	<init>		1	other	iput-object v1, v0, v17118, Ly1/b0;->a:Lcom/activision/game/MainActivity;
y1.b0	<init>		2	other	invoke-direct {v0}, Ljava/lang/Object;-><init>()V
y1.b0	onAccuracyChanged	public	0	other	.registers 3
y1.b0	onSensorChanged	public	0	other	.registers 4
y1.b0	onSensorChanged	public	1	other	iget-object v0, v3, v199, Landroid/hardware/SensorEvent;->sensor:Landroid/hardware/Sensor;
y1.b0	onSensorChanged	public	2	inv	virtual|None|v0|Landroid/hardware/Sensor;|getType||I
y1.b0	onSensorChanged	public	3	other	iget-object v3, v3, v201, Landroid/hardware/SensorEvent;->values:[F
y1.b0	onSensorChanged	public	4	other	iget-object v2, v2, v17118, Ly1/b0;->a:Lcom/activision/game/MainActivity;
y1.b	<init>		0	other	.registers 3
y1.b	<init>		1	other	iput-object v1, v0, v17120, Ly1/b;->b:Landroid/app/Dialog;
y1.b	<init>		2	other	invoke-direct {v0}, Ljava/lang/Object;-><init>()V
y1.b	onSystemUiVisibilityChange	public	0	other	.registers 3
y1.b	onSystemUiVisibilityChange	public	1	other	iget-object v1, v1, v17120, Ly1/b;->b:Landroid/app/Dialog;
y1.b	onSystemUiVisibilityChange	public	2	ccast	1|Ly1/c;
y1.b	onSystemUiVisibilityChange	public	3	inv	virtual|None|v1|Landroid/app/Dialog;|getWindow||Landroid/view/Window;
y1.b	onSystemUiVisibilityChange	public	4	inv	virtual|None|v1|Landroid/view/Window;|getDecorView||Landroid/view/View;
y1.b	onSystemUiVisibilityChange	public	5	inv	virtual|None|v1, v2|Landroid/view/View;|setSystemUiVisibility|I|V
y1.b	onSystemUiVisibilityChange	public	6	ccast	1|Lcom/activision/game/WebViewDialog;
y1.b	onSystemUiVisibilityChange	public	7	inv	virtual|None|v1|Landroid/app/Dialog;|getWindow||Landroid/view/Window;
y1.b	onSystemUiVisibilityChange	public	8	inv	virtual|None|v1|Landroid/view/Window;|getDecorView||Landroid/view/View;
y1.b	onSystemUiVisibilityChange	public	9	inv	virtual|None|v1, v2|Landroid/view/View;|setSystemUiVisibility|I|V
y1.c0	<init>		0	other	.registers 1
y1.c0	<init>		1	other	invoke-direct {v0}, Landroid/content/BroadcastReceiver;-><init>()V
y1.c0	onReceive	public	0	other	.registers 3
y1.c0	onReceive	public	1	sget	0|Lcom/activision/game/GameApplication;|c|Landroid/content/Context;
y1.c0	onReceive	public	2	cstr	1|connectivity
y1.c0	onReceive	public	3	inv	virtual|None|v0, v1|Landroid/content/Context;|getSystemService|Ljava/lang/String;|Ljava/lang/Object;
y1.c0	onReceive	public	4	ccast	0|Landroid/net/ConnectivityManager;
y1.c0	onReceive	public	5	inv	virtual|None|v0|Landroid/net/ConnectivityManager;|getRestrictBackgroundStatus||I
y1.c0	onReceive	public	6	inv	static|None|v0|Lcom/activision/game/NetworkStateManager;|nativeBackgroundRestrictionStateChanged|I|V
y1.c	<init>		0	other	.registers 2
y1.c	<init>		1	other	invoke-direct {v0, v1}, Landroid/app/Dialog;-><init>(Landroid/content/Context;)V
y1.c	onCreate	public	0	other	.registers 8
y1.c	onCreate	public	1	inv	super|None|v6, v7|Landroid/app/Dialog;|onCreate|Landroid/os/Bundle;|V
y1.c	onCreate	public	2	inv	virtual|None|v6, v7|Landroid/app/Dialog;|setCancelable|Z|V
y1.c	onCreate	public	3	inv	virtual|None|v6, v7|Landroid/app/Dialog;|setCanceledOnTouchOutside|Z|V
y1.c	onCreate	public	4	new	0|Landroid/widget/LinearLayout;
y1.c	onCreate	public	5	inv	virtual|None|v6|Landroid/app/Dialog;|getContext||Landroid/content/Context;
y1.c	onCreate	public	6	other	invoke-direct {v0, v1}, Landroid/widget/LinearLayout;-><init>(Landroid/content/Context;)V
y1.c	onCreate	public	7	new	1|Landroid/widget/LinearLayout$LayoutParams;
y1.c	onCreate	public	8	other	invoke-direct {v1, v2, v2}, Landroid/widget/LinearLayout$LayoutParams;-><init>(BB)V
y1.c	onCreate	public	9	inv	virtual|None|v0, v1|Landroid/view/View;|setLayoutParams|Landroid/view/ViewGroup$LayoutParams;|V
y1.c	onCreate	public	10	new	1|Landroid/widget/LinearLayout$LayoutParams;
y1.c	onCreate	public	11	other	invoke-direct {v1, v2, v2}, Landroid/widget/LinearLayout$LayoutParams;-><init>(BB)V
y1.c	onCreate	public	12	inv	virtual|None|v1, v2, v7, v3, v3|Landroid/view/ViewGroup$MarginLayoutParams;|setMargins|BBBI|V
y1.c	onCreate	public	13	new	2|Landroid/widget/TextView;
y1.c	onCreate	public	14	inv	virtual|None|v6|Landroid/app/Dialog;|getContext||Landroid/content/Context;
y1.c	onCreate	public	15	other	invoke-direct {v2, v3}, Landroid/widget/TextView;-><init>(Landroid/content/Context;)V
y1.c	onCreate	public	16	inv	virtual|None|v2, v3|Landroid/widget/TextView;|setTextColor|I|V
y1.c	onCreate	public	17	inv	virtual|None|v2, v3|Landroid/widget/TextView;|setTextSize|F|V
y1.c	onCreate	public	18	inv	virtual|None|v2, v4, v5, v5, v3|Landroid/widget/TextView;|setShadowLayer|BBBF|V
y1.c	onCreate	public	19	inv	virtual|None|v2, v1|Landroid/view/View;|setLayoutParams|Landroid/view/ViewGroup$LayoutParams;|V
y1.c	onCreate	public	20	inv	virtual|None|v0, v2|Landroid/view/ViewGroup;|addView|Landroid/view/View;|V
y1.c	onCreate	public	21	other	iput-object v2, v6, v17121, Ly1/c;->b:Landroid/widget/TextView;
y1.c	onCreate	public	22	inv	virtual|None|v6|Landroid/app/Dialog;|getWindow||Landroid/view/Window;
y1.c	onCreate	public	23	inv	virtual|None|v1|Landroid/view/Window;|getDecorView||Landroid/view/View;
y1.c	onCreate	public	24	inv	virtual|None|v1, v2|Landroid/view/View;|setSystemUiVisibility|I|V
y1.c	onCreate	public	25	new	2|Ly1/b;
y1.c	onCreate	public	26	other	invoke-direct {v2, v6, v7}, Ly1/b;-><init>(BB)V
y1.c	onCreate	public	27	inv	virtual|None|v1, v2|Landroid/view/View;|setOnSystemUiVisibilityChangeListener|Landroid/view/View$OnSystemUiVisibilityChangeListener;|V
y1.c	onCreate	public	28	inv	virtual|None|v6, v0|Landroid/app/Dialog;|setContentView|Landroid/view/View;|V
y1.c	show	public	0	other	.registers 3
y1.c	show	public	1	inv	super|None|v2|Landroid/app/Dialog;|show||V
y1.c	show	public	2	inv	virtual|None|v2|Landroid/app/Dialog;|getWindow||Landroid/view/Window;
y1.c	show	public	3	inv	virtual|None|v0|Landroid/view/Window;|getAttributes||Landroid/view/WindowManager$LayoutParams;
y1.c	show	public	4	inv	virtual|None|v2|Landroid/app/Dialog;|getWindow||Landroid/view/Window;
y1.c	show	public	5	inv	virtual|None|v2, v0|Landroid/view/Window;|setBackgroundDrawableResource|I|V
y1.d0	<init>		0	other	.registers 3
y1.d0	<init>		1	other	invoke-direct {v0}, Ljava/lang/Object;-><init>()V
y1.d0	<init>		2	other	iput-object v1, v0, v17122, Ly1/d0;->a:Lcom/activision/game/ScreenshotManager;
y1.d0	<init>		3	other	iput-object v2, v0, v17123, Ly1/d0;->b:Landroid/graphics/Bitmap;
y1.d0	onPixelCopyFinished	public	0	other	.registers 3
y1.d0	onPixelCopyFinished	public	1	other	iget-object v0, v1, v17122, Ly1/d0;->a:Lcom/activision/game/ScreenshotManager;
y1.d0	onPixelCopyFinished	public	2	other	iget-object v1, v1, v17123, Ly1/d0;->b:Landroid/graphics/Bitmap;
y1.d0	onPixelCopyFinished	public	3	inv	static|None|v0, v1, v2|Lcom/activision/game/ScreenshotManager;|a|BBB|V
y1.d	<init>		0	other	.registers 6
y1.d	<init>		1	other	invoke-direct {v0}, Ljava/lang/Object;-><init>()V
y1.d	<init>		2	other	iput-object v3, v0, v17124, Ly1/d;->a:Ljava/lang/String;
y1.d	<init>		3	other	iput-object v4, v0, v17125, Ly1/d;->b:Ljava/lang/String;
y1.d	<init>		4	other	iput-object v5, v0, v17126, Ly1/d;->c:Ljava/lang/String;
y1.e$a	<init>		0	other	.registers 2
y1.e$a	<init>		1	other	iput-object v1, v0, v17128, Ly1/e$a;->a:Ly1/e;
y1.e$a	<init>		2	other	invoke-direct {v0}, Landroid/telephony/PhoneStateListener;-><init>()V
y1.e$a	onSignalStrengthsChanged	public	0	other	.registers 6
y1.e$a	onSignalStrengthsChanged	public	1	other	iget-object v4, v4, v17128, Ly1/e$a;->a:Ly1/e;
y1.e$a	onSignalStrengthsChanged	public	2	inv	virtual|None|v4|Ljava/lang/Object;|getClass||Ljava/lang/Class;
y1.e$a	onSignalStrengthsChanged	public	3	inv	virtual|None|v5|Landroid/telephony/SignalStrength;|getLevel||I
y1.e$a	onSignalStrengthsChanged	public	4	inv	static|None||Lcom/activision/game/NetworkStateManager;|a||Z
y1.e$a	onSignalStrengthsChanged	public	5	inv	static|None||Lcom/activision/game/NetworkStateManager;|b||Z
y1.e$a	onSignalStrengthsChanged	public	6	inv	static|None|v2, v3, v0, v1|Lcom/activision/game/NetworkStateManager;|nativeMobileDataStateChanged|BBBLcom/braze/ui/R$drawable;|V
y1.e$b	<init>		0	other	.registers 2
y1.e$b	<init>		1	other	iput-object v1, v0, v17129, Ly1/e$b;->a:Ly1/e;
y1.e$b	<init>		2	other	invoke-direct {v0}, Landroid/telephony/TelephonyCallback;-><init>()V
y1.e$b	onSignalStrengthsChanged	public	0	other	.registers 6
y1.e$b	onSignalStrengthsChanged	public	1	other	iget-object v4, v4, v17129, Ly1/e$b;->a:Ly1/e;
y1.e$b	onSignalStrengthsChanged	public	2	inv	virtual|None|v4|Ljava/lang/Object;|getClass||Ljava/lang/Class;
y1.e$b	onSignalStrengthsChanged	public	3	inv	virtual|None|v5|Landroid/telephony/SignalStrength;|getLevel||I
y1.e$b	onSignalStrengthsChanged	public	4	inv	static|None||Lcom/activision/game/NetworkStateManager;|a||Z
y1.e$b	onSignalStrengthsChanged	public	5	inv	static|None||Lcom/activision/game/NetworkStateManager;|b||Z
y1.e$b	onSignalStrengthsChanged	public	6	inv	static|None|v2, v3, v0, v1|Lcom/activision/game/NetworkStateManager;|nativeMobileDataStateChanged|BBBLcom/braze/ui/R$drawable;|V
y1.e0	<init>		0	other	.registers 1
y1.e0	<init>		1	other	invoke-direct {v0}, Landroid/net/ConnectivityManager$NetworkCallback;-><init>()V
y1.e0	onAvailable	public	0	other	.registers 2
y1.e0	onAvailable	public	1	inv	super|None|v0, v1|Landroid/net/ConnectivityManager$NetworkCallback;|onAvailable|Landroid/net/Network;|V
y1.e0	onAvailable	public	2	inv	static|None|v0|Lcom/activision/game/NetworkStateManager;|nativeVPNStateChanged|Z|V
y1.e0	onLost	public	0	other	.registers 2
y1.e0	onLost	public	1	inv	super|None|v0, v1|Landroid/net/ConnectivityManager$NetworkCallback;|onLost|Landroid/net/Network;|V
y1.e0	onLost	public	2	inv	static|None|v0|Lcom/activision/game/NetworkStateManager;|nativeVPNStateChanged|Z|V
y1.e	<init>		0	other	.registers 4
y1.e	<init>		1	other	invoke-direct {v3}, Landroid/net/ConnectivityManager$NetworkCallback;-><init>()V
y1.e	<init>		2	sget	0|Lcom/activision/game/GameApplication;|c|Landroid/content/Context;
y1.e	<init>		3	cstr	1|phone
y1.e	<init>		4	inv	virtual|None|v0, v1|Landroid/content/Context;|getSystemService|Ljava/lang/String;|Ljava/lang/Object;
y1.e	<init>		5	ccast	0|Landroid/telephony/TelephonyManager;
y1.e	<init>		6	sget	1|Lcom/activision/game/GameApplication;|c|Landroid/content/Context;
y1.e	<init>		7	inv	virtual|None|v1|Landroid/content/Context;|getMainExecutor||Ljava/util/concurrent/Executor;
y1.e	<init>		8	new	2|Ly1/e$b;
y1.e	<init>		9	other	invoke-direct {v2, v3}, Ly1/e$b;-><init>(Ly1/e;)V
y1.e	<init>		10	inv	static|None|v0, v1, v2|Landroidx/core/app/q;|m|BBB|V
y1.e	<init>		11	new	1|Ly1/e$a;
y1.e	<init>		12	other	invoke-direct {v1, v3}, Ly1/e$a;-><init>(Ly1/e;)V
y1.e	<init>		13	inv	virtual|None|v0, v1, v3|Landroid/telephony/TelephonyManager;|listen|BB|V
y1.e	onAvailable	public	0	other	.registers 6
y1.e	onAvailable	public	1	inv	super|None|v4, v5|Landroid/net/ConnectivityManager$NetworkCallback;|onAvailable|Landroid/net/Network;|V
y1.e	onAvailable	public	2	inv	static|None||Lcom/activision/game/NetworkStateManager;|a||Z
y1.e	onAvailable	public	3	inv	static|None||Lcom/activision/game/NetworkStateManager;|b||Z
y1.e	onAvailable	public	4	sget	2|Lcom/activision/game/GameApplication;|c|Landroid/content/Context;
y1.e	onAvailable	public	5	cstr	3|phone
y1.e	onAvailable	public	6	inv	virtual|None|v2, v3|Landroid/content/Context;|getSystemService|Ljava/lang/String;|Ljava/lang/Object;
y1.e	onAvailable	public	7	ccast	2|Landroid/telephony/TelephonyManager;
y1.e	onAvailable	public	8	inv	virtual|None|v2|Landroid/telephony/TelephonyManager;|getSignalStrength||Landroid/telephony/SignalStrength;
y1.e	onAvailable	public	9	inv	virtual|None|v2|Landroid/telephony/SignalStrength;|getLevel||I
y1.e	onAvailable	public	10	inv	static|None|v1, v2, v5, v0|Lcom/activision/game/NetworkStateManager;|nativeMobileDataStateChanged|BBBLcom/braze/ui/R$drawable;|V
y1.e	onLost	public	0	other	.registers 4
y1.e	onLost	public	1	inv	super|None|v2, v3|Landroid/net/ConnectivityManager$NetworkCallback;|onLost|Landroid/net/Network;|V
y1.e	onLost	public	2	inv	static|None||Lcom/activision/game/NetworkStateManager;|a||Z
y1.e	onLost	public	3	inv	static|None||Lcom/activision/game/NetworkStateManager;|b||Z
y1.e	onLost	public	4	inv	static|None|v1, v1, v3, v0|Lcom/activision/game/NetworkStateManager;|nativeMobileDataStateChanged|BBBLcom/braze/ui/R$drawable;|V
y1.f0	<init>		0	other	.registers 4
y1.f0	<init>		1	other	invoke-direct {v2}, Ljava/lang/Object;-><init>()V
y1.f0	<init>		2	cstr	0|vibrator_manager
y1.f0	<init>		3	inv	virtual|None|v3, v0|Landroid/content/Context;|getSystemService|Ljava/lang/String;|Ljava/lang/Object;
y1.f0	<init>		4	ccast	3|Landroid/os/VibratorManager;
y1.f0	<init>		5	inv	static|None|v3|Landroidx/core/app/q;|h|Landroid/os/VibratorManager;|Landroid/os/Vibrator;
y1.f0	<init>		6	cstr	0|vibrator
y1.f0	<init>		7	inv	virtual|None|v3, v0|Landroid/content/Context;|getSystemService|Ljava/lang/String;|Ljava/lang/Object;
y1.f0	<init>		8	ccast	3|Landroid/os/Vibrator;
y1.f0	<init>		9	other	iput-object v3, v2, v17132, Ly1/f0;->a:Landroid/os/Vibrator;
y1.f	<init>		0	other	.registers 2
y1.f	<init>		1	other	invoke-direct {v1, v0, v0}, Lcom/braze/BrazeActivityLifecycleCallbackListener;-><init>(BB)V
y1.g0	<init>		0	other	.registers 1
y1.g0	<init>		1	other	invoke-direct {v0}, Ljava/lang/Object;-><init>()V
y1.g0	onLongClick	public	0	other	.registers 2
y1.g	<init>		0	other	.registers 2
y1.g	<init>		1	other	invoke-direct {v0}, Ljava/lang/Object;-><init>()V
y1.g	<init>		2	other	iput-object v1, v0, v17133, Ly1/g;->a:Lcom/activision/game/b;
y1.g	onEditorAction	public	0	other	.registers 4
y1.g	onEditorAction	public	1	other	iget-object v0, v0, v17133, Ly1/g;->a:Lcom/activision/game/b;
y1.g	onEditorAction	public	2	inv	virtual|None|v0|Ljava/lang/Object;|getClass||Ljava/lang/Class;
y1.g	onEditorAction	public	3	other	iget-object v1, v0, v4540, Lcom/activision/game/b;->c:Lcom/activision/game/b$b;
y1.g	onEditorAction	public	4	ccast	1|Landroidx/core/app/c;
y1.g	onEditorAction	public	5	other	iget-object v1, v1, v1140, Landroidx/core/app/c;->c:Ljava/lang/Object;
y1.g	onEditorAction	public	6	ccast	1|Lcom/activision/game/MainActivity;
y1.g	onEditorAction	public	7	other	iget-object v0, v0, v4539, Lcom/activision/game/b;->b:Lcom/activision/game/b$a;
y1.g	onEditorAction	public	8	inv	static|None|v1, v2, v0|Lcom/activision/game/MainActivity;|c|BBB|V
y1.h0	<init>		0	other	.registers 2
y1.h0	<init>		1	other	invoke-direct {v0}, Ljava/lang/Object;-><init>()V
y1.h0	<init>		2	other	iput-object v1, v0, v17134, Ly1/h0;->a:Lcom/activision/game/WebViewDialog;
y1.h0	onFocusChange	public	0	other	.registers 3
y1.h0	onFocusChange	public	1	other	iget-object v0, v0, v17134, Ly1/h0;->a:Lcom/activision/game/WebViewDialog;
y1.h0	onFocusChange	public	2	inv	virtual|None|v0|Landroid/app/Dialog;|getWindow||Landroid/view/Window;
y1.h0	onFocusChange	public	3	inv	virtual|None|v0|Landroid/view/Window;|getDecorView||Landroid/view/View;
y1.h0	onFocusChange	public	4	inv	virtual|None|v0, v1|Landroid/view/View;|setSystemUiVisibility|I|V
y1.h	<init>		0	other	.registers 3
y1.h	<init>		1	other	iput-object v2, v0, v17136, Ly1/h;->c:Ljava/lang/Object;
y1.h	<init>		2	other	invoke-direct {v0}, Ljava/lang/Object;-><init>()V
y1.h	onClick	public	0	other	.registers 3
y1.h	onClick	public	1	other	iget-object v1, v1, v17136, Ly1/h;->c:Ljava/lang/Object;
y1.h	onClick	public	2	ccast	1|Lcom/braze/ui/inappmessage/DefaultInAppMessageViewWrapper;
y1.h	onClick	public	3	inv	static|None|v1, v2|Lcom/braze/ui/inappmessage/DefaultInAppMessageViewWrapper;|e|Landroid/app/FragmentManager;La0/f;|V
y1.h	onClick	public	4	ccast	1|Lcom/activision/game/b;
y1.h	onClick	public	5	other	iget-object v2, v1, v4540, Lcom/activision/game/b;->c:Lcom/activision/game/b$b;
y1.h	onClick	public	6	ccast	2|Landroidx/core/app/c;
y1.h	onClick	public	7	other	iget-object v2, v2, v1140, Landroidx/core/app/c;->c:Ljava/lang/Object;
y1.h	onClick	public	8	ccast	2|Lcom/activision/game/MainActivity;
y1.h	onClick	public	9	other	iget-object v1, v1, v4539, Lcom/activision/game/b;->b:Lcom/activision/game/b$a;
y1.h	onClick	public	10	inv	static|None|v2, v0, v1|Lcom/activision/game/MainActivity;|c|BBB|V
y1.h	onClick	public	11	ccast	1|Lcom/braze/ui/inappmessage/factories/DefaultInAppMessageModalViewFactory;
y1.h	onClick	public	12	inv	static|None|v1, v2|Lcom/braze/ui/inappmessage/factories/DefaultInAppMessageModalViewFactory;|a|Landroid/app/RemoteInput$Builder;La0/f;|V
y1.i0	<init>		0	other	.registers 2
y1.i0	<init>		1	other	invoke-direct {v0}, Ljava/lang/Object;-><init>()V
y1.i0	get	public	0	other	.registers 2
y1.i0	get	public	1	inv	static|None|v0, v1|Landroidx/fragment/app/o;|c|BB|Ljava/lang/String;
y1.i0	get	public	2	cstr	1|The resource was blocked because it may trick the user into a billing agreement.
y1.i0	get	public	3	cstr	1|The resource was blocked because it contains unwanted software.
y1.i0	get	public	4	cstr	1|The resource was blocked because it contains deceptive content.
y1.i0	get	public	5	cstr	1|The resource was blocked because it contains malware.
y1.i0	get	public	6	cstr	1|The resource was blocked for an unknown reason.
y1.i0	get	public	7	cstr	1|Generic error
y1.i0	get	public	8	cstr	1|Server or proxy hostname lookup failed
y1.i0	get	public	9	cstr	1|Unsupported authentication scheme (not basic or digest)
y1.i0	get	public	10	cstr	1|User authentication failed on server
y1.i0	get	public	11	cstr	1|User authentication failed on proxy
y1.i0	get	public	12	cstr	1|Failed to connect to the server
y1.i0	get	public	13	cstr	1|Failed to read or write to the server
y1.i0	get	public	14	cstr	1|Connection timed out
y1.i0	get	public	15	cstr	1|Too many redirects
y1.i0	get	public	16	cstr	1|Unsupported URI scheme
y1.i0	get	public	17	cstr	1|Failed to perform SSL handshake
y1.i0	get	public	18	cstr	1|Malformed URL
y1.i0	get	public	19	cstr	1|Generic file error
y1.i0	get	public	20	cstr	1|File not found
y1.i0	get	public	21	cstr	1|Too many requests during this load
y1.i0	get	public	22	cstr	1|Resource load was canceled by Safe Browsing
y1.i	<init>		0	other	.registers 2
y1.i	<init>		1	other	invoke-direct {v0}, Ljava/lang/Object;-><init>()V
y1.i	<init>		2	other	iput-object v1, v0, v17138, Ly1/i;->b:Lcom/activision/game/b;
y1.i	onGlobalLayout	public	0	other	.registers 13
y1.i	onGlobalLayout	public	1	other	iget-object v12, v12, v17138, Ly1/i;->b:Lcom/activision/game/b;
y1.i	onGlobalLayout	public	2	inv	virtual|None|v12|Ljava/lang/Object;|getClass||Ljava/lang/Class;
y1.i	onGlobalLayout	public	3	new	0|Landroid/graphics/Rect;
y1.i	onGlobalLayout	public	4	other	invoke-direct {v0}, Landroid/graphics/Rect;-><init>()V
y1.i	onGlobalLayout	public	5	other	iget-object v1, v12, v4539, Lcom/activision/game/b;->b:Lcom/activision/game/b$a;
y1.i	onGlobalLayout	public	6	inv	virtual|None|v1|Landroid/view/View;|getRootView||Landroid/view/View;
y1.i	onGlobalLayout	public	7	inv	virtual|None|v2, v0|Landroid/view/View;|getWindowVisibleDisplayFrame|Landroid/graphics/Rect;|V
y1.i	onGlobalLayout	public	8	inv	virtual|None|v2, v4|Landroid/view/View;|getLocationOnScreen|[I|V
y1.i	onGlobalLayout	public	9	inv	virtual|None|v2|Landroid/view/View;|getHeight||I
y1.i	onGlobalLayout	public	10	inv	virtual|None|v0|Landroid/graphics/Rect;|height||I
y1.i	onGlobalLayout	public	11	inv	virtual|None|v1, v12|Landroid/view/View;|getLocationOnScreen|[I|V
y1.j0$a	<init>		0	other	.registers 2
y1.j0$a	<init>		1	other	iput-object v1, v0, v17139, Ly1/j0$a;->a:Ly1/j0;
y1.j0$a	<init>		2	other	invoke-direct {v0}, Landroid/content/BroadcastReceiver;-><init>()V
y1.j0$a	onReceive	public	0	other	.registers 5
y1.j0$a	onReceive	public	1	other	iget-object v2, v2, v17139, Ly1/j0$a;->a:Ly1/j0;
y1.j0$a	onReceive	public	2	inv	virtual|None|v2|Ljava/lang/Object;|getClass||Ljava/lang/Class;
y1.j0$a	onReceive	public	3	inv	static|None||Ly1/j0;|a||I
y1.j0$a	onReceive	public	4	inv	static|None||Lcom/activision/game/NetworkStateManager;|a||Z
y1.j0$a	onReceive	public	5	inv	static|None||Lcom/activision/game/NetworkStateManager;|b||Z
y1.j0$a	onReceive	public	6	inv	static|None|v1, v3, v4, v0|Lcom/activision/game/NetworkStateManager;|nativeWifiStateChanged|BBBLcom/braze/ui/R$drawable;|V
y1.j0	<init>		0	other	.registers 4
y1.j0	<init>		1	other	invoke-direct {v3}, Landroid/net/ConnectivityManager$NetworkCallback;-><init>()V
y1.j0	<init>		2	sget	0|Lcom/activision/game/GameApplication;|c|Landroid/content/Context;
y1.j0	<init>		3	new	1|Ly1/j0$a;
y1.j0	<init>		4	other	invoke-direct {v1, v3}, Ly1/j0$a;-><init>(Ly1/j0;)V
y1.j0	<init>		5	new	3|Landroid/content/IntentFilter;
y1.j0	<init>		6	cstr	2|android.net.wifi.RSSI_CHANGED
y1.j0	<init>		7	other	invoke-direct {v3, v2}, Landroid/content/IntentFilter;-><init>(Ljava/lang/String;)V
y1.j0	<init>		8	inv	virtual|None|v0, v1, v3|Landroid/content/Context;|registerReceiver|BB|Landroid/content/Intent;
y1.j0	a	public,static	0	other	.registers 4
y1.j0	a	public,static	1	sget	0|Lcom/activision/game/GameApplication;|c|Landroid/content/Context;
y1.j0	a	public,static	2	cstr	1|wifi
y1.j0	a	public,static	3	inv	virtual|None|v0, v1|Landroid/content/Context;|getSystemService|Ljava/lang/String;|Ljava/lang/Object;
y1.j0	a	public,static	4	ccast	0|Landroid/net/wifi/WifiManager;
y1.j0	a	public,static	5	inv	virtual|None|v0|Landroid/net/wifi/WifiManager;|getConnectionInfo||Landroid/net/wifi/WifiInfo;
y1.j0	a	public,static	6	inv	virtual|None|v1|Landroid/net/wifi/WifiInfo;|getRssi||I
y1.j0	a	public,static	7	inv	static|None|v0, v1|Landroid/net/wifi/WifiManager;|calculateSignalLevel|BB|I
y1.j0	a	public,static	8	inv	virtual|None|v1|Landroid/net/wifi/WifiInfo;|getRssi||I
y1.j0	a	public,static	9	inv	static|None|v0, v1|Landroidx/core/app/l;|c|BB|I
y1.j0	a	public,static	10	inv	static|None|v0|Landroidx/core/app/k;|c|Landroid/net/wifi/WifiManager;|I
y1.j0	onAvailable	public	0	other	.registers 5
y1.j0	onAvailable	public	1	inv	super|None|v3, v4|Landroid/net/ConnectivityManager$NetworkCallback;|onAvailable|Landroid/net/Network;|V
y1.j0	onAvailable	public	2	inv	static|None||Lcom/activision/game/NetworkStateManager;|a||Z
y1.j0	onAvailable	public	3	inv	static|None||Lcom/activision/game/NetworkStateManager;|b||Z
y1.j0	onAvailable	public	4	inv	static|None||Ly1/j0;|a||I
y1.j0	onAvailable	public	5	inv	static|None|v1, v2, v4, v0|Lcom/activision/game/NetworkStateManager;|nativeWifiStateChanged|BBBLcom/braze/ui/R$drawable;|V
y1.j0	onLost	public	0	other	.registers 4
y1.j0	onLost	public	1	inv	super|None|v2, v3|Landroid/net/ConnectivityManager$NetworkCallback;|onLost|Landroid/net/Network;|V
y1.j0	onLost	public	2	inv	static|None||Lcom/activision/game/NetworkStateManager;|a||Z
y1.j0	onLost	public	3	inv	static|None||Lcom/activision/game/NetworkStateManager;|b||Z
y1.j0	onLost	public	4	inv	static|None|v1, v1, v3, v0|Lcom/activision/game/NetworkStateManager;|nativeWifiStateChanged|BBBLcom/braze/ui/R$drawable;|V
y1.j	<init>		0	other	.registers 1
y1.j	<init>		1	other	invoke-direct {v0}, Landroid/net/ConnectivityManager$NetworkCallback;-><init>()V
y1.j	onAvailable	public	0	other	.registers 3
y1.j	onAvailable	public	1	inv	super|None|v1, v2|Landroid/net/ConnectivityManager$NetworkCallback;|onAvailable|Landroid/net/Network;|V
y1.j	onAvailable	public	2	inv	static|None||Lcom/activision/game/NetworkStateManager;|a||Z
y1.j	onAvailable	public	3	inv	static|None||Lcom/activision/game/NetworkStateManager;|b||Z
y1.j	onAvailable	public	4	inv	static|None|v0, v1, v2|Lcom/activision/game/NetworkStateManager;|nativeWiredStateChanged|BBB|V
y1.j	onLost	public	0	other	.registers 3
y1.j	onLost	public	1	inv	super|None|v1, v2|Landroid/net/ConnectivityManager$NetworkCallback;|onLost|Landroid/net/Network;|V
y1.j	onLost	public	2	inv	static|None||Lcom/activision/game/NetworkStateManager;|a||Z
y1.j	onLost	public	3	inv	static|None||Lcom/activision/game/NetworkStateManager;|b||Z
y1.j	onLost	public	4	inv	static|None|v0, v1, v2|Lcom/activision/game/NetworkStateManager;|nativeWiredStateChanged|BBB|V
y1.k	<init>		0	other	.registers 4
y1.k	<init>		1	other	iput-object v1, v0, v17143, Ly1/k;->c:Ljava/lang/Object;
y1.k	<init>		2	other	invoke-direct {v0}, Ljava/lang/Object;-><init>()V
y1.k	apply	public	0	other	.registers 8
y1.k	apply	public	1	other	iget-object v0, v6, v17143, Ly1/k;->c:Ljava/lang/Object;
y1.k	apply	public	2	ccast	0|Lw2/n;
y1.k	apply	public	3	ccast	7|Landroid/database/sqlite/SQLiteDatabase;
y1.k	apply	public	4	sget	1|Lw2/n;|g|Lm2/c;
y1.k	apply	public	5	inv	virtual|None|v0|Ljava/lang/Object;|getClass||Ljava/lang/Class;
y1.k	apply	public	6	inv	static|None|v4, v5|Ljava/lang/String;|valueOf|B|Ljava/lang/String;
y1.k	apply	public	7	cstr	6|SELECT COUNT(*), transport_name FROM events WHERE timestamp_ms < ? GROUP BY transport_name
y1.k	apply	public	8	inv	virtual|None|v7, v6, v2|Landroid/database/sqlite/SQLiteDatabase;|rawQuery|Landroid/app/NotificationChannel;La3/b;|Landroid/database/Cursor;
y1.k	apply	public	9	new	3|Lw2/l;
y1.k	apply	public	10	other	invoke-direct {v3, v0, v1}, Lw2/l;-><init>(BB)V
y1.k	apply	public	11	inv	static|None|v6, v3|Lw2/n;|p|Landroid/accounts/Account;Landroid/adservices/measurement/MeasurementManager;|Ljava/lang/Object;
y1.k	apply	public	12	cstr	6|events
y1.k	apply	public	13	cstr	0|timestamp_ms < ?
y1.k	apply	public	14	inv	virtual|None|v7, v6, v0, v2|Landroid/database/sqlite/SQLiteDatabase;|delete|Landroid/app/NotificationChannel;La3/b;Landroid/app/NotificationChannel;|I
y1.k	apply	public	15	inv	static|None|v6|Ljava/lang/Integer;|valueOf|I|Ljava/lang/Integer;
y1.k	b	public	0	other	.registers 6
y1.k	b	public	1	other	iget-object v0, v4, v17143, Ly1/k;->c:Ljava/lang/Object;
y1.k	b	public	2	ccast	0|Lcom/activision/game/FirebaseWrapper;
y1.k	b	public	3	inv	virtual|None|v0|Ljava/lang/Object;|getClass||Ljava/lang/Class;
y1.k	b	public	4	inv	virtual|None|v5|Ld4/i;|m||Z
y1.k	b	public	5	inv	virtual|None|v5|Ld4/i;|h||Ljava/lang/Exception;
y1.k	b	public	6	cstr	1|FirebaseWrapper
y1.k	b	public	7	cstr	2|Exception while fetching FCM token.
y1.k	b	public	8	inv	static|None|v1, v2, v5|Landroid/util/Log;|w|Landroid/app/NotificationChannel;La3/b;Landroid/app/NotificationChannel;|I
y1.k	b	public	9	cstr	5|
y1.k	b	public	10	inv	virtual|None|v5|Ld4/i;|i||Ljava/lang/Object;
y1.k	b	public	11	ccast	5|Ljava/lang/String;
y1.k	b	public	12	other	iput-object v5, v0, v4464, Lcom/activision/game/FirebaseWrapper;->a:Ljava/lang/String;
y1.k	b	public	13	inv	virtual|None|v0, v2, v3, v5, v1|Lcom/activision/game/FirebaseWrapper;|onTokenFetchedCallback|BBB|V
y1.l	<init>		0	other	.registers 3
y1.l	<init>		1	other	iput-object v1, v0, v17144, Ly1/l;->b:Ljava/lang/Object;
y1.l	<init>		2	other	iput-object v2, v0, v17145, Ly1/l;->c:Ljava/lang/Object;
y1.l	<init>		3	other	invoke-direct {v0}, Ljava/lang/Object;-><init>()V
y1.l	a	public	0	other	.registers 7
y1.l	a	public	1	other	iget-object v0, v6, v17144, Ly1/l;->b:Ljava/lang/Object;
y1.l	a	public	2	ccast	0|Lv2/k;
y1.l	a	public	3	other	iget-object v6, v6, v17145, Ly1/l;->c:Ljava/lang/Object;
y1.l	a	public	4	ccast	6|Ljava/util/Map;
y1.l	a	public	5	inv	virtual|None|v0|Ljava/lang/Object;|getClass||Ljava/lang/Class;
y1.l	a	public	6	inv	interface|None|v6|Ljava/util/Map;|entrySet||Ljava/util/Set;
y1.l	a	public	7	inv	interface|None|v6|Ljava/util/Set;|iterator||Ljava/util/Iterator;
y1.l	a	public	8	inv	interface|None|v6|Ljava/util/Iterator;|hasNext||Z
y1.l	a	public	9	inv	interface|None|v6|Ljava/util/Iterator;|next||Ljava/lang/Object;
y1.l	a	public	10	ccast	1|Ljava/util/Map$Entry;
y1.l	a	public	11	inv	interface|None|v1|Ljava/util/Map$Entry;|getValue||Ljava/lang/Object;
y1.l	a	public	12	ccast	2|Ljava/lang/Integer;
y1.l	a	public	13	inv	virtual|None|v2|Ljava/lang/Integer;|intValue||I
y1.l	a	public	14	sget	4|Ls2/c$a;|h|Ls2/c$a;
y1.l	a	public	15	inv	interface|None|v1|Ljava/util/Map$Entry;|getKey||Ljava/lang/Object;
y1.l	a	public	16	ccast	1|Ljava/lang/String;
y1.l	a	public	17	other	iget-object v5, v0, v16901, Lv2/k;->i:Lw2/c;
y1.l	a	public	18	inv	interface|None|v5, v2, v3, v4, v1|Lw2/c;|b|BBB|V
y1.l	apply	public	0	other	.registers 4
y1.l	apply	public	1	other	iget-object v0, v2, v17144, Ly1/l;->b:Ljava/lang/Object;
y1.l	apply	public	2	ccast	0|Lw2/n;
y1.l	apply	public	3	other	iget-object v2, v2, v17145, Ly1/l;->c:Ljava/lang/Object;
y1.l	apply	public	4	ccast	2|Lp2/s;
y1.l	apply	public	5	ccast	3|Landroid/database/sqlite/SQLiteDatabase;
y1.l	apply	public	6	sget	1|Lw2/n;|g|Lm2/c;
y1.l	apply	public	7	inv	virtual|None|v0|Ljava/lang/Object;|getClass||Ljava/lang/Class;
y1.l	apply	public	8	inv	static|None|v3, v2|Lw2/n;|i|Landroid/animation/Animator;Landroid/app/Notification$Action$Builder;|Ljava/lang/Long;
y1.l	apply	public	9	sget	2|Ljava/lang/Boolean;|FALSE|Ljava/lang/Boolean;
y1.l	apply	public	10	inv	virtual|None|v0|Lw2/n;|g||Landroid/database/sqlite/SQLiteDatabase;
y1.l	apply	public	11	inv	virtual|None|v2|Ljava/lang/Long;|toString||Ljava/lang/String;
y1.l	apply	public	12	cstr	2|SELECT 1 FROM events WHERE context_id = ? LIMIT 1
y1.l	apply	public	13	inv	virtual|None|v3, v2, v0|Landroid/database/sqlite/SQLiteDatabase;|rawQuery|Landroid/app/NotificationChannel;La3/b;|Landroid/database/Cursor;
y1.l	apply	public	14	new	3|Landroidx/core/view/n;
y1.l	apply	public	15	other	invoke-direct {v3, v0}, Landroidx/core/view/n;-><init>(I)V
y1.l	apply	public	16	inv	static|None|v2, v3|Lw2/n;|p|Landroid/accounts/Account;Landroid/adservices/measurement/MeasurementManager;|Ljava/lang/Object;
y1.l	apply	public	17	ccast	2|Ljava/lang/Boolean;
y1.l	b	public	0	other	.registers 3
y1.l	b	public	1	other	iget-object v0, v1, v17144, Ly1/l;->b:Ljava/lang/Object;
y1.l	b	public	2	ccast	0|Lcom/google/firebase/messaging/h;
y1.l	b	public	3	other	iget-object v1, v1, v17145, Ly1/l;->c:Ljava/lang/Object;
y1.l	b	public	4	ccast	1|Landroid/content/Intent;
y1.l	b	public	5	inv	static|None|v0, v1, v2|Lcom/google/firebase/messaging/h;|a|Lcom/android/billingclient/api/InAppMessageResponseListener;La0/b;Landroid/app/AlertDialog;|V
y1.l	onConsumeResponse	public	0	other	.registers 4
y1.l	onConsumeResponse	public	1	other	iget-object v0, v1, v17144, Ly1/l;->b:Ljava/lang/Object;
y1.l	onConsumeResponse	public	2	ccast	0|Lcom/activision/game/GooglePlayStore;
y1.l	onConsumeResponse	public	3	other	iget-object v1, v1, v17145, Ly1/l;->c:Ljava/lang/Object;
y1.l	onConsumeResponse	public	4	ccast	1|Ljava/lang/String;
y1.l	onConsumeResponse	public	5	inv	static|None|v0, v1, v2, v3|Lcom/activision/game/GooglePlayStore;|a|Landroid/animation/AnimatorInflater;La0/b$a;Landroid/app/NotificationChannel;La3/b;|V
y1.m	<init>		0	other	.registers 3
y1.m	<init>		1	other	iput-object v2, v0, v17146, Ly1/m;->b:Ljava/lang/Object;
y1.m	<init>		2	other	invoke-direct {v0}, Ljava/lang/Object;-><init>()V
y1.m	b	public	0	other	.registers 2
y1.m	b	public	1	other	iget-object v0, v0, v17146, Ly1/m;->b:Ljava/lang/Object;
y1.m	b	public	2	ccast	0|Ljava/util/concurrent/ScheduledFuture;
y1.m	b	public	3	inv	interface|None|v0, v1|Ljava/util/concurrent/Future;|cancel|Z|Z
y1.m	onQueryPurchasesResponse	public	0	other	.registers 3
y1.m	onQueryPurchasesResponse	public	1	other	iget-object v0, v0, v17146, Ly1/m;->b:Ljava/lang/Object;
y1.m	onQueryPurchasesResponse	public	2	ccast	0|Lcom/activision/game/GooglePlayStore;
y1.m	onQueryPurchasesResponse	public	3	inv	static|None|v0, v1, v2|Lcom/activision/game/GooglePlayStore;|b|Landroid/animation/AnimatorInflater;La0/b$a;Landroid/app/job/JobInfo;|V
y1.m	onRemoteConfigUpdateFinished	public	0	other	.registers 2
y1.m	onRemoteConfigUpdateFinished	public	1	other	iget-object v0, v0, v17146, Ly1/m;->b:Ljava/lang/Object;
y1.m	onRemoteConfigUpdateFinished	public	2	ccast	0|Lcom/appsflyer/internal/AFa1bSDK;
y1.m	onRemoteConfigUpdateFinished	public	3	inv	static|None|v0, v1|Lcom/appsflyer/internal/AFa1bSDK;|g|Landroid/app/AppComponentFactory;La0/b;|V
y1.m	onSuccess	public	0	other	.registers 2
y1.m	onSuccess	public	1	other	iget-object v0, v0, v17146, Ly1/m;->b:Ljava/lang/Object;
y1.m	onSuccess	public	2	ccast	0|Lcom/google/firebase/messaging/FirebaseMessaging;
y1.m	onSuccess	public	3	ccast	1|Lcom/google/firebase/messaging/f0;
y1.m	onSuccess	public	4	inv	static|None|v0, v1|Lcom/google/firebase/messaging/FirebaseMessaging;|e|Lcom/android/billingclient/api/BillingClientStateListener;Lcom/android/billingclient/api/ExternalOfferReportingDetails;|V
y1.n	<init>		0	other	.registers 3
y1.n	<init>		1	other	invoke-direct {v0}, Ljava/lang/Object;-><init>()V
y1.n	test	public	0	other	.registers 4
y1.n	test	public	1	ccast	3|Ly1/d;
y1.o	<init>		0	other	.registers 3
y1.o	<init>		1	other	iput-object v1, v0, v17149, Ly1/o;->c:Ly1/p;
y1.o	<init>		2	other	iput-object v2, v0, v17148, Ly1/o;->b:Landroidx/window/layout/x;
y1.o	<init>		3	other	invoke-direct {v0}, Ljava/lang/Object;-><init>()V
y1.o	run	public	0	other	.registers 3
y1.o	run	public	1	other	iget-object v0, v2, v17148, Ly1/o;->b:Landroidx/window/layout/x;
y1.o	run	public	2	other	iget-object v0, v0, v2442, Landroidx/window/layout/x;->a:Ljava/util/List;
y1.o	run	public	3	inv	interface|None|v0|Ljava/util/List;|iterator||Ljava/util/Iterator;
y1.o	run	public	4	inv	interface|None|v0|Ljava/util/Iterator;|hasNext||Z
y1.o	run	public	5	inv	interface|None|v0|Ljava/util/Iterator;|next||Ljava/lang/Object;
y1.o	run	public	6	ccast	1|Landroidx/window/layout/a;
y1.o	run	public	7	other	iget-object v2, v2, v17149, Ly1/o;->c:Ly1/p;
y1.p	<init>		0	other	.registers 2
y1.p	<init>		1	other	invoke-direct {v1}, Ljava/lang/Object;-><init>()V
y1.p	<init>		2	other	iput-object v0, v1, v17151, Ly1/p;->b:Landroid/app/Activity;
y1.p	a	public	0	other	.registers 7
y1.p	a	public	1	other	iget-object v0, v6, v17150, Ly1/p;->a:Li1/b;
y1.p	a	public	2	other	iget-object v1, v6, v17151, Ly1/p;->b:Landroid/app/Activity;
y1.p	a	public	3	new	2|Lr0/d;
y1.p	a	public	4	other	invoke-direct {v2, v3}, Lr0/d;-><init>(I)V
y1.p	a	public	5	cstr	3|activity
y1.p	a	public	6	inv	static|None|v1, v3|Lkotlin/jvm/internal/Intrinsics;|checkNotNullParameter|Landroid/app/KeyguardManager;La3/b;|V
y1.p	a	public	7	cstr	3|executor
y1.p	a	public	8	inv	static|None|v2, v3|Lkotlin/jvm/internal/Intrinsics;|checkNotNullParameter|Landroid/app/KeyguardManager;La3/b;|V
y1.p	a	public	9	cstr	3|consumer
y1.p	a	public	10	inv	static|None|v6, v3|Lkotlin/jvm/internal/Intrinsics;|checkNotNullParameter|Landroid/app/KeyguardManager;La3/b;|V
y1.p	a	public	11	other	iget-object v3, v0, v14564, Li1/b;->b:Landroidx/window/layout/u;
y1.p	a	public	12	inv	interface|None|v3, v1|Landroidx/window/layout/u;|a|Landroid/app/Activity;|Lg7/c;
y1.p	a	public	13	other	iget-object v3, v0, v14565, Li1/b;->c:Ljava/util/concurrent/locks/ReentrantLock;
y1.p	a	public	14	inv	virtual|None|v3|Ljava/util/concurrent/locks/ReentrantLock;|lock||V
y1.p	a	public	15	other	iget-object v0, v0, v14566, Li1/b;->d:Ljava/util/LinkedHashMap;
y1.p	a	public	16	inv	virtual|None|v0, v6|Ljava/util/LinkedHashMap;|get|Ljava/lang/Object;|Ljava/lang/Object;
y1.p	a	public	17	inv	static|None|v2|Ld7/e0;|a|Ljava/util/concurrent/Executor;|Ld7/b1;
y1.p	a	public	18	inv	static|None|v2|Ld7/c0;|a|Ld7/a1;|Li7/f;
y1.p	a	public	19	new	4|Li1/a;
y1.p	a	public	20	other	invoke-direct {v4, v1, v6, v5}, Li1/a;-><init>(Lcom/appsflyer/internal/AFb1mSDK;Lcom/android/billingclient/api/zzbs;Lcom/braze/configuration/CachedConfigurationProvider$e;)V
y1.p	a	public	21	inv	static|None|v2, v5, v4, v1|Ld7/e;|d|BBBLandroid/app/PendingIntent;|Ld7/y1;
y1.p	a	public	22	inv	interface|None|v0, v6, v1|Ljava/util/Map;|put|Landroid/app/KeyguardManager;La3/b;|Ljava/lang/Object;
y1.p	a	public	23	sget	6|Lkotlin/Unit;|a|Lkotlin/Unit;
y1.p	a	public	24	inv	virtual|None|v3|Ljava/util/concurrent/locks/ReentrantLock;|unlock||V
y1.p	a	public	25	inv	virtual|None|v3|Ljava/util/concurrent/locks/ReentrantLock;|unlock||V
y1.p	accept	public	0	other	.registers 4
y1.p	accept	public	1	ccast	3|Landroidx/window/layout/x;
y1.p	accept	public	2	other	iget-object v0, v2, v17151, Ly1/p;->b:Landroid/app/Activity;
y1.p	accept	public	3	new	1|Ly1/o;
y1.p	accept	public	4	other	invoke-direct {v1, v2, v3}, Ly1/o;-><init>(Lcom/braze/push/BrazePushReceiver$Companion$handleAdmRegistrationIntent$2;Landroidx/activity/result/h;)V
y1.p	accept	public	5	inv	virtual|None|v0, v1|Landroid/app/Activity;|runOnUiThread|Ljava/lang/Runnable;|V
y1.p	andThen	public	0	other	.registers 2
y1.p	andThen	public	1	inv	super|None|v0, v1|Ljava/util/function/Consumer;|andThen|Ljava/util/function/Consumer;|Ljava/util/function/Consumer;
y1.p	b	public	0	other	.registers 10
y1.p	b	public	1	other	iput-object v9, v8, v17151, Ly1/p;->b:Landroid/app/Activity;
y1.p	b	public	2	new	0|Li1/b;
y1.p	b	public	3	sget	1|Landroidx/window/layout/u;|a|Landroidx/window/layout/u$a;
y1.p	b	public	4	inv	virtual|None|v1|Ljava/lang/Object;|getClass||Ljava/lang/Class;
y1.p	b	public	5	cstr	1|context
y1.p	b	public	6	inv	static|None|v9, v1|Lkotlin/jvm/internal/Intrinsics;|checkNotNullParameter|Landroid/app/KeyguardManager;La3/b;|V
y1.p	b	public	7	new	2|Landroidx/window/layout/w;
y1.p	b	public	8	sget	3|Landroidx/window/layout/a0;|b|Landroidx/window/layout/a0;
y1.p	b	public	9	inv	static|None|v9, v1|Lkotlin/jvm/internal/Intrinsics;|checkNotNullParameter|Landroid/app/KeyguardManager;La3/b;|V
y1.p	b	public	10	sget	5|Landroidx/window/layout/l;|a|Landroidx/window/layout/l;
y1.p	b	public	11	inv	virtual|None|v5|Ljava/lang/Object;|getClass||Ljava/lang/Class;
y1.p	b	public	12	inv	static|None||Landroidx/window/layout/l;|d||Landroidx/window/extensions/layout/WindowLayoutComponent;
y1.p	b	public	13	new	6|Landroidx/window/layout/d;
y1.p	b	public	14	other	invoke-direct {v6, v5}, Landroidx/window/layout/d;-><init>(Landroidx/window/extensions/layout/WindowLayoutComponent;)V
y1.p	b	public	15	sget	5|Landroidx/window/layout/s;|c|Landroidx/window/layout/s;
y1.p	b	public	16	inv	static|None|v9, v1|Lkotlin/jvm/internal/Intrinsics;|checkNotNullParameter|Landroid/app/KeyguardManager;La3/b;|V
y1.p	b	public	17	sget	5|Landroidx/window/layout/s;|c|Landroidx/window/layout/s;
y1.p	b	public	18	sget	5|Landroidx/window/layout/s;|d|Ljava/util/concurrent/locks/ReentrantLock;
y1.p	b	public	19	inv	virtual|None|v5|Ljava/util/concurrent/locks/ReentrantLock;|lock||V
y1.p	b	public	20	sget	6|Landroidx/window/layout/s;|c|Landroidx/window/layout/s;
y1.p	b	public	21	inv	static|None|v9, v1|Lkotlin/jvm/internal/Intrinsics;|checkNotNullParameter|Landroid/app/KeyguardManager;La3/b;|V
y1.p	b	public	22	inv	static|None||Landroidx/window/layout/SidecarCompat$a;|c||Lh1/g;
y1.p	b	public	23	sget	6|Lh1/g;|g|Lh1/g;
y1.p	b	public	24	cstr	7|other
y1.p	b	public	25	inv	static|None|v6, v7|Lkotlin/jvm/internal/Intrinsics;|checkNotNullParameter|Landroid/app/KeyguardManager;La3/b;|V
y1.p	b	public	26	other	iget-object v1, v1, v14244, Lh1/g;->f:Ll6/d;
y1.p	b	public	27	inv	interface|None|v1|Ll6/d;|getValue||Ljava/lang/Object;
y1.p	b	public	28	cstr	7|<get-bigInteger>(...)
y1.p	b	public	29	inv	static|None|v1, v7|Lkotlin/jvm/internal/Intrinsics;|checkNotNullExpressionValue|Landroid/app/KeyguardManager;La3/b;|V
y1.p	b	public	30	ccast	1|Ljava/math/BigInteger;
y1.p	b	public	31	other	iget-object v6, v6, v14244, Lh1/g;->f:Ll6/d;
y1.p	b	public	32	inv	interface|None|v6|Ll6/d;|getValue||Ljava/lang/Object;
y1.p	b	public	33	inv	static|None|v6, v7|Lkotlin/jvm/internal/Intrinsics;|checkNotNullExpressionValue|Landroid/app/KeyguardManager;La3/b;|V
y1.p	b	public	34	ccast	6|Ljava/math/BigInteger;
y1.p	b	public	35	inv	virtual|None|v1, v6|Ljava/math/BigInteger;|compareTo|Ljava/math/BigInteger;|I
y1.p	b	public	36	new	1|Landroidx/window/layout/SidecarCompat;
y1.p	b	public	37	other	invoke-direct {v1, v9}, Landroidx/window/layout/SidecarCompat;-><init>(Landroid/content/Context;)V
y1.p	b	public	38	inv	virtual|None|v1|Landroidx/window/layout/SidecarCompat;|j||Z
y1.p	b	public	39	new	9|Landroidx/window/layout/s;
y1.p	b	public	40	other	invoke-direct {v9, v4}, Landroidx/window/layout/s;-><init>(Landroidx/window/layout/SidecarCompat;)V
y1.p	b	public	41	other	sput-object v9, Landroidx/window/layout/s;->c:Landroidx/window/layout/s;
y1.p	b	public	42	sget	9|Lkotlin/Unit;|a|Lkotlin/Unit;
y1.p	b	public	43	inv	virtual|None|v5|Ljava/util/concurrent/locks/ReentrantLock;|unlock||V
y1.p	b	public	44	inv	virtual|None|v5|Ljava/util/concurrent/locks/ReentrantLock;|unlock||V
y1.p	b	public	45	sget	6|Landroidx/window/layout/s;|c|Landroidx/window/layout/s;
y1.p	b	public	46	inv	static|None|v6|Lkotlin/jvm/internal/Intrinsics;|b|Ljava/lang/Object;|V
y1.p	b	public	47	other	invoke-direct {v2, v3, v6}, Landroidx/window/layout/w;-><init>(Landroid/widget/ToggleButton;Landroidx/activity/result/e;)V
y1.p	b	public	48	sget	9|Landroidx/window/layout/u$a;|b|Landroidx/window/layout/b;
y1.p	b	public	49	inv	virtual|None|v9|Ljava/lang/Object;|getClass||Ljava/lang/Class;
y1.p	b	public	50	cstr	9|tracker
y1.p	b	public	51	inv	static|None|v2, v9|Lkotlin/jvm/internal/Intrinsics;|checkNotNullParameter|Landroid/app/KeyguardManager;La3/b;|V
y1.p	b	public	52	other	invoke-direct {v0, v2}, Li1/b;-><init>(Landroidx/window/layout/w;)V
y1.p	b	public	53	other	iput-object v0, v8, v17150, Ly1/p;->a:Li1/b;
y1.p	b	public	54	inv	virtual|None|v8|Ly1/p;|a||V
y1.q	<init>		0	other	.registers 1
y1.q	<init>		1	other	invoke-direct {v0}, Ljava/lang/Object;-><init>()V
y1.q	onClick	public	0	other	.registers 3
y1.q	onClick	public	1	inv	static|None||Lcom/activision/game/MainActivity;|j||V
y1.r	<init>		0	other	.registers 1
y1.r	<init>		1	other	invoke-direct {v0}, Ljava/lang/Object;-><init>()V
y1.r	onThermalStatusChanged	public	0	other	.registers 2
y1.r	onThermalStatusChanged	public	1	inv	static|None|v1|Lcom/activision/game/MainActivity;|i|I|V
y1.s	<init>		0	other	.registers 3
y1.s	<init>		1	other	iput-object v1, v0, v17154, Ly1/s;->c:Lcom/activision/game/MainActivity;
y1.s	<init>		2	other	invoke-direct {v0}, Ljava/lang/Object;-><init>()V
y1.s	run	public	0	other	.registers 3
y1.s	run	public	1	other	iget-object v2, v2, v17154, Ly1/s;->c:Lcom/activision/game/MainActivity;
y1.s	run	public	2	sget	0|Lcom/activision/game/MainActivity;|F|Ljava/util/HashMap;
y1.s	run	public	3	inv	virtual|None|v2|Ljava/lang/Object;|getClass||Ljava/lang/Class;
y1.s	run	public	4	new	0|Landroid/content/IntentFilter;
y1.s	run	public	5	other	invoke-direct {v0}, Landroid/content/IntentFilter;-><init>()V
y1.s	run	public	6	cstr	1|android.intent.action.BATTERY_CHANGED
y1.s	run	public	7	inv	virtual|None|v0, v1|Landroid/content/IntentFilter;|addAction|Ljava/lang/String;|V
y1.s	run	public	8	cstr	1|android.intent.action.BATTERY_LOW
y1.s	run	public	9	inv	virtual|None|v0, v1|Landroid/content/IntentFilter;|addAction|Ljava/lang/String;|V
y1.s	run	public	10	cstr	1|android.intent.action.BATTERY_OKAY
y1.s	run	public	11	inv	virtual|None|v0, v1|Landroid/content/IntentFilter;|addAction|Ljava/lang/String;|V
y1.s	run	public	12	cstr	1|android.os.action.POWER_SAVE_MODE_CHANGED
y1.s	run	public	13	inv	virtual|None|v0, v1|Landroid/content/IntentFilter;|addAction|Ljava/lang/String;|V
y1.s	run	public	14	new	1|Lcom/activision/game/BatteryLevelReceiver;
y1.s	run	public	15	other	invoke-direct {v1}, Lcom/activision/game/BatteryLevelReceiver;-><init>()V
y1.s	run	public	16	other	iput-object v1, v2, v4503, Lcom/activision/game/MainActivity;->h:Lcom/activision/game/BatteryLevelReceiver;
y1.s	run	public	17	inv	virtual|None|v2, v1, v0|Landroid/content/Context;|registerReceiver|BB|Landroid/content/Intent;
y1.s	run	public	18	new	0|Landroid/os/Handler;
y1.s	run	public	19	inv	static|None||Landroid/os/Looper;|getMainLooper||Landroid/os/Looper;
y1.s	run	public	20	other	invoke-direct {v0, v1}, Landroid/os/Handler;-><init>(Landroid/os/Looper;)V
y1.s	run	public	21	other	iput-object v0, v2, v4502, Lcom/activision/game/MainActivity;->g:Landroid/os/Handler;
y1.s	run	public	22	other	iget-object v0, v2, v4486, Lcom/activision/game/MainActivity;->C:Lcom/activision/game/MainActivity$c;
y1.s	run	public	23	inv	virtual|None|v0|Lcom/activision/game/MainActivity$c;|run||V
y1.s	run	public	24	inv	static|None|v2|Lcom/activision/game/AdvertisingId;|init|Landroid/content/Context;|V
y1.s	run	public	25	other	iget-object v0, v2, v4505, Lcom/activision/game/MainActivity;->j:Ly1/c;
y1.s	run	public	26	new	0|Ly1/c;
y1.s	run	public	27	other	invoke-direct {v0, v2}, Ly1/c;-><init>(Lcom/activision/game/MainActivity;)V
y1.s	run	public	28	other	iput-object v0, v2, v4505, Lcom/activision/game/MainActivity;->j:Ly1/c;
y1.s	run	public	29	inv	virtual|None|v0|Ly1/c;|show||V
y1.s	run	public	30	inv	static|None|v2|Lcom/activision/game/MainActivity;|d|Lcom/activision/game/MainActivity;|V
y1.s	run	public	31	inv	static|None|v2|Lcom/activision/game/MainActivity;|e|Lcom/activision/game/MainActivity;|V
y1.t	<init>		0	other	.registers 4
y1.t	<init>		1	other	iput-object v1, v0, v17156, Ly1/t;->c:Lcom/activision/game/MainActivity;
y1.t	<init>		2	other	iput-object v2, v0, v17157, Ly1/t;->d:Ljava/lang/String;
y1.t	<init>		3	other	invoke-direct {v0}, Ljava/lang/Object;-><init>()V
y1.t	run	public	0	other	.registers 5
y1.t	run	public	1	other	iget-object v1, v4, v17157, Ly1/t;->d:Ljava/lang/String;
y1.t	run	public	2	other	iget-object v4, v4, v17156, Ly1/t;->c:Lcom/activision/game/MainActivity;
y1.t	run	public	3	sget	0|Lcom/activision/game/MainActivity;|F|Ljava/util/HashMap;
y1.t	run	public	4	inv	virtual|None|v4, v1|Lcom/activision/game/MainActivity;|q|Ljava/lang/String;|Z
y1.t	run	public	5	inv	virtual|None|v4|Landroid/content/Context;|getPackageName||Ljava/lang/String;
y1.t	run	public	6	new	2|Ljava/lang/StringBuilder;
y1.t	run	public	7	cstr	3|market://details?id=
y1.t	run	public	8	other	invoke-direct {v2, v3}, Ljava/lang/StringBuilder;-><init>(Ljava/lang/String;)V
y1.t	run	public	9	inv	virtual|None|v2, v0|Ljava/lang/StringBuilder;|append|Ljava/lang/String;|Ljava/lang/StringBuilder;
y1.t	run	public	10	inv	virtual|None|v2|Ljava/lang/StringBuilder;|toString||Ljava/lang/String;
y1.t	run	public	11	inv	virtual|None|v4, v2|Lcom/activision/game/MainActivity;|q|Ljava/lang/String;|Z
y1.t	run	public	12	new	2|Ljava/lang/StringBuilder;
y1.t	run	public	13	cstr	3|https://play.google.com/store/apps/details?id=
y1.t	run	public	14	other	invoke-direct {v2, v3}, Ljava/lang/StringBuilder;-><init>(Ljava/lang/String;)V
y1.t	run	public	15	inv	virtual|None|v2, v0|Ljava/lang/StringBuilder;|append|Ljava/lang/String;|Ljava/lang/StringBuilder;
y1.t	run	public	16	inv	virtual|None|v2|Ljava/lang/StringBuilder;|toString||Ljava/lang/String;
y1.t	run	public	17	inv	virtual|None|v4, v0|Lcom/activision/game/MainActivity;|q|Ljava/lang/String;|Z
y1.t	run	public	18	new	4|Ljava/lang/StringBuilder;
y1.t	run	public	19	cstr	0|Unable to open appstore URL: 
y1.t	run	public	20	other	invoke-direct {v4, v0}, Ljava/lang/StringBuilder;-><init>(Ljava/lang/String;)V
y1.t	run	public	21	inv	virtual|None|v4, v1|Ljava/lang/StringBuilder;|append|Ljava/lang/String;|Ljava/lang/StringBuilder;
y1.t	run	public	22	inv	virtual|None|v4|Ljava/lang/StringBuilder;|toString||Ljava/lang/String;
y1.t	run	public	23	inv	static|None|v4|Lcom/activision/game/GameApplication;|c|Ljava/lang/String;|V
y1.t	run	public	24	other	iget-object v4, v4, v4497, Lcom/activision/game/MainActivity;->b:Lcom/activision/game/WebViewDialog;
y1.t	run	public	25	inv	virtual|None|v4, v1|Lcom/activision/game/WebViewDialog;|b|Ljava/lang/String;|V
y1.t	run	public	26	other	iget-object v0, v4, v4505, Lcom/activision/game/MainActivity;->j:Ly1/c;
y1.t	run	public	27	other	iget-object v0, v0, v17121, Ly1/c;->b:Landroid/widget/TextView;
y1.t	run	public	28	inv	virtual|None|v0, v1|Landroid/widget/TextView;|setText|Ljava/lang/CharSequence;|V
y1.u	<init>		0	other	.registers 5
y1.u	<init>		1	other	iput-object v1, v0, v17159, Ly1/u;->c:Lcom/activision/game/MainActivity;
y1.u	<init>		2	other	iput-object v2, v0, v17160, Ly1/u;->d:Ljava/lang/String;
y1.u	<init>		3	other	iput-object v3, v0, v17161, Ly1/u;->e:Ljava/lang/String;
y1.u	<init>		4	other	invoke-direct {v0}, Ljava/lang/Object;-><init>()V
y1.u	run	public	0	other	.registers 4
y1.u	run	public	1	other	iget-object v1, v3, v17160, Ly1/u;->d:Ljava/lang/String;
y1.u	run	public	2	other	iget-object v2, v3, v17161, Ly1/u;->e:Ljava/lang/String;
y1.u	run	public	3	other	iget-object v3, v3, v17159, Ly1/u;->c:Lcom/activision/game/MainActivity;
y1.u	run	public	4	sget	0|Lcom/activision/game/MainActivity;|F|Ljava/util/HashMap;
y1.u	run	public	5	inv	virtual|None|v3|Lcom/activision/game/MainActivity;|n||Lcom/activision/game/WebViewDialog;
y1.u	run	public	6	inv	static|None||Lcom/activision/game/WebViewDialog;|c||Z
y1.u	run	public	7	cstr	0|WebViewDialog.loadUrl called from non-main thread
y1.u	run	public	8	inv	static|None|v0|Lcom/activision/game/GameApplication;|c|Ljava/lang/String;|V
y1.u	run	public	9	inv	virtual|None|v2|Ljava/lang/String;|isEmpty||Z
y1.u	run	public	10	other	iput-object v2, v3, v4530, Lcom/activision/game/WebViewDialog;->d:Ljava/lang/String;
y1.u	run	public	11	other	iget-object v3, v3, v4528, Lcom/activision/game/WebViewDialog;->b:Landroid/webkit/WebView;
y1.u	run	public	12	inv	virtual|None|v3, v1|Landroid/webkit/WebView;|loadUrl|Ljava/lang/String;|V
y1.u	run	public	13	cstr	3|WebViewDialog.view is null
y1.u	run	public	14	inv	static|None|v3|Lcom/activision/game/GameApplication;|c|Ljava/lang/String;|V
y1.u	run	public	15	sget	0|Lcom/activision/game/MainActivity;|F|Ljava/util/HashMap;
y1.u	run	public	16	inv	virtual|None|v3|Ljava/lang/Object;|getClass||Ljava/lang/Class;
y1.u	run	public	17	new	0|Landroid/app/AlertDialog$Builder;
y1.u	run	public	18	other	invoke-direct {v0, v3}, Landroid/app/AlertDialog$Builder;-><init>(Landroid/content/Context;)V
y1.u	run	public	19	inv	virtual|None|v0, v1|Landroid/app/AlertDialog$Builder;|setTitle|Ljava/lang/CharSequence;|Landroid/app/AlertDialog$Builder;
y1.u	run	public	20	inv	virtual|None|v3, v2|Landroid/app/AlertDialog$Builder;|setMessage|Ljava/lang/CharSequence;|Landroid/app/AlertDialog$Builder;
y1.u	run	public	21	inv	virtual|None|v3, v0|Landroid/app/AlertDialog$Builder;|setCancelable|Z|Landroid/app/AlertDialog$Builder;
y1.u	run	public	22	inv	virtual|None|v3|Landroid/app/AlertDialog$Builder;|create||Landroid/app/AlertDialog;
y1.u	run	public	23	inv	virtual|None|v3|Landroid/app/Dialog;|show||V
y1.v	<init>		0	other	.registers 3
y1.v	<init>		1	other	iput-object v1, v0, v17163, Ly1/v;->c:Lcom/activision/game/MainActivity;
y1.v	<init>		2	other	invoke-direct {v0}, Ljava/lang/Object;-><init>()V
y1.v	run	public	0	other	.registers 2
y1.v	run	public	1	other	iget-object v1, v1, v17163, Ly1/v;->c:Lcom/activision/game/MainActivity;
y1.v	run	public	2	sget	0|Lcom/activision/game/MainActivity;|F|Ljava/util/HashMap;
y1.v	run	public	3	inv	virtual|None|v1|Lcom/activision/game/MainActivity;|n||Lcom/activision/game/WebViewDialog;
y1.v	run	public	4	inv	virtual|None|v1|Lcom/activision/game/WebViewDialog;|show||V
y1.v	run	public	5	inv	static|None|v1|Lcom/activision/game/MainActivity;|g|Lcom/activision/game/MainActivity;|V
y1.v	run	public	6	inv	static|None|v1|Lcom/activision/game/MainActivity;|f|Lcom/activision/game/MainActivity;|V
y1.w	<init>		0	other	.registers 3
y1.w	<init>		1	other	iput-object v1, v0, v17165, Ly1/w;->c:Lcom/activision/game/MainActivity;
y1.w	<init>		2	other	invoke-direct {v0}, Ljava/lang/Object;-><init>()V
y1.w	run	public	0	other	.registers 4
y1.w	run	public	1	other	iget-object v3, v3, v17165, Ly1/w;->c:Lcom/activision/game/MainActivity;
y1.w	run	public	2	other	iget-object v0, v3, v4497, Lcom/activision/game/MainActivity;->b:Lcom/activision/game/WebViewDialog;
y1.w	run	public	3	inv	static|None||Lcom/activision/game/WebViewDialog;|c||Z
y1.w	run	public	4	cstr	2|WebViewDialog.onWebViewClosed called from non-main thread
y1.w	run	public	5	inv	static|None|v2|Lcom/activision/game/GameApplication;|c|Ljava/lang/String;|V
y1.w	run	public	6	other	iput-object v1, v0, v4531, Lcom/activision/game/WebViewDialog;->e:Lcom/activision/game/WebViewDialog$d;
y1.w	run	public	7	other	iput-object v1, v0, v4532, Lcom/activision/game/WebViewDialog;->f:Lcom/activision/game/WebViewDialog$c;
y1.w	run	public	8	other	iget-object v0, v0, v4529, Lcom/activision/game/WebViewDialog;->c:Lcom/activision/game/JsBridge;
y1.w	run	public	9	inv	virtual|None|v0|Lcom/activision/game/JsBridge;|a||V
y1.w	run	public	10	cstr	2|onWebViewClosed
y1.w	run	public	11	inv	virtual|None|v0, v2|Lcom/activision/game/JsBridge;|post|Ljava/lang/String;|V
y1.w	run	public	12	other	iget-object v0, v3, v4497, Lcom/activision/game/MainActivity;->b:Lcom/activision/game/WebViewDialog;
y1.w	run	public	13	inv	virtual|None|v0|Lcom/activision/game/WebViewDialog;|dismiss||V
y1.w	run	public	14	other	iput-object v1, v3, v4497, Lcom/activision/game/MainActivity;->b:Lcom/activision/game/WebViewDialog;
y1.w	run	public	15	sget	0|Lcom/activision/game/MainActivity;|F|Ljava/util/HashMap;
y1.w	run	public	16	inv	virtual|None|v3|Landroidx/activity/ComponentActivity;|onBackPressed||V
y1.w	run	public	17	other	iget-object v0, v3, v4505, Lcom/activision/game/MainActivity;->j:Ly1/c;
y1.w	run	public	18	inv	virtual|None|v0|Landroid/app/Dialog;|dismiss||V
y1.w	run	public	19	other	iput-object v1, v3, v4505, Lcom/activision/game/MainActivity;->j:Ly1/c;
y1.x	<init>		0	other	.registers 6
y1.x	<init>		1	other	invoke-direct {v0}, Ljava/lang/Object;-><init>()V
y1.x	<init>		2	other	iput-object v1, v0, v17166, Ly1/x;->b:Lcom/activision/game/MainActivity;
y1.x	<init>		3	other	iput-object v2, v0, v17167, Ly1/x;->c:Ljava/lang/String;
y1.x	run	public	0	other	.registers 10
y1.x	run	public	1	sget	0|Lcom/activision/game/MainActivity;|F|Ljava/util/HashMap;
y1.x	run	public	2	other	iget-object v0, v9, v17166, Ly1/x;->b:Lcom/activision/game/MainActivity;
y1.x	run	public	3	inv	virtual|None|v0|Ljava/lang/Object;|getClass||Ljava/lang/Class;
y1.x	run	public	4	new	1|Lcom/activision/game/b;
y1.x	run	public	5	other	invoke-direct {v1, v0}, Lcom/activision/game/b;-><init>(Lcom/activision/game/MainActivity;)V
y1.x	run	public	6	other	iput-object v1, v0, v4516, Lcom/activision/game/MainActivity;->u:Lcom/activision/game/b;
y1.x	run	public	7	new	2|Landroidx/core/app/c;
y1.x	run	public	8	other	invoke-direct {v2, v3, v0}, Landroidx/core/app/c;-><init>(BB)V
y1.x	run	public	9	other	iput-object v2, v1, v4540, Lcom/activision/game/b;->c:Lcom/activision/game/b$b;
y1.x	run	public	10	other	iget-object v1, v1, v4539, Lcom/activision/game/b;->b:Lcom/activision/game/b$a;
y1.x	run	public	11	inv	virtual|None|v1, v2|Landroid/view/View;|setBackgroundColor|I|V
y1.x	run	public	12	new	4|Landroid/widget/LinearLayout$LayoutParams;
y1.x	run	public	13	other	invoke-direct {v4, v2, v5}, Landroid/widget/LinearLayout$LayoutParams;-><init>(BB)V
y1.x	run	public	14	inv	virtual|None|v1, v4|Landroid/view/View;|setLayoutParams|Landroid/view/ViewGroup$LayoutParams;|V
y1.x	run	public	15	inv	static|None||Landroidx/fragment/app/z0;|_values||[I
y1.x	run	public	16	inv	virtual|None|v1, v5|Landroid/widget/TextView;|setImeOptions|I|V
y1.x	run	public	17	other	iget-object v6, v9, v17167, Ly1/x;->c:Ljava/lang/String;
y1.x	run	public	18	inv	virtual|None|v1, v6|Landroid/widget/TextView;|setText|Ljava/lang/CharSequence;|V
y1.x	run	public	19	inv	static|None|v2|Lq/g;|c|I|I
y1.x	run	public	20	inv	virtual|None|v1, v7|Landroid/widget/TextView;|setInputType|I|V
y1.x	run	public	21	inv	virtual|None|v1, v3|Landroid/widget/TextView;|setImeOptions|I|V
y1.x	run	public	22	inv	virtual|None|v1, v3|Landroid/widget/TextView;|setInputType|I|V
y1.x	run	public	23	inv	virtual|None|v1, v3|Landroid/widget/TextView;|setInputType|I|V
y1.x	run	public	24	inv	static|None||Landroid/text/method/PasswordTransformationMethod;|getInstance||Landroid/text/method/PasswordTransformationMethod;
y1.x	run	public	25	inv	virtual|None|v1, v3|Landroid/widget/TextView;|setTransformationMethod|Landroid/text/method/TransformationMethod;|V
y1.x	run	public	26	cstr	3|password
y1.x	run	public	27	inv	virtual|None|v1, v3|Landroid/view/View;|setAutofillHints|[Ljava/lang/String;|V
y1.x	run	public	28	inv	virtual|None|v1, v3|Landroid/widget/TextView;|setInputType|I|V
y1.x	run	public	29	cstr	3|emailAddress
y1.x	run	public	30	inv	virtual|None|v1, v3|Landroid/view/View;|setAutofillHints|[Ljava/lang/String;|V
y1.x	run	public	31	inv	virtual|None|v1, v2|Landroid/widget/TextView;|setInputType|I|V
y1.x	run	public	32	new	4|Landroid/text/InputFilter$LengthFilter;
y1.x	run	public	33	other	invoke-direct {v4, v2}, Landroid/text/InputFilter$LengthFilter;-><init>(I)V
y1.x	run	public	34	inv	virtual|None|v1, v3|Landroid/widget/TextView;|setFilters|[Landroid/text/InputFilter;|V
y1.x	run	public	35	new	2|Lcom/activision/game/a;
y1.x	run	public	36	other	invoke-direct {v2, v1, v9}, Lcom/activision/game/a;-><init>(BB)V
y1.x	run	public	37	inv	virtual|None|v1, v2|Landroid/widget/TextView;|addTextChangedListener|Landroid/text/TextWatcher;|V
y1.x	run	public	38	other	iget-object v9, v0, v4516, Lcom/activision/game/MainActivity;->u:Lcom/activision/game/b;
y1.x	run	public	39	inv	virtual|None|v9|Lcom/activision/game/b;|show||V
y1.y	<init>		0	other	.registers 5
y1.y	<init>		1	other	invoke-direct {v1}, Ljava/lang/Object;-><init>()V
y1.y	<init>		2	other	iput-object v2, v1, v17172, Ly1/y;->c:Ljava/lang/Object;
y1.y	<init>		3	other	iput-object v3, v1, v17174, Ly1/y;->e:Ljava/lang/Object;
y1.y	<init>		4	other	iput-object v4, v1, v17173, Ly1/y;->d:Ljava/lang/Object;
y1.y	<init>		0	other	.registers 5
y1.y	<init>		1	other	iput-object v1, v0, v17172, Ly1/y;->c:Ljava/lang/Object;
y1.y	<init>		2	other	iput-object v2, v0, v17173, Ly1/y;->d:Ljava/lang/Object;
y1.y	<init>		3	other	iput-object v3, v0, v17174, Ly1/y;->e:Ljava/lang/Object;
y1.y	<init>		4	other	invoke-direct {v0}, Ljava/lang/Object;-><init>()V
y1.y	run	public	0	other	.registers 5
y1.y	run	public	1	other	iget-object v1, v4, v17174, Ly1/y;->e:Ljava/lang/Object;
y1.y	run	public	2	other	iget-object v2, v4, v17173, Ly1/y;->d:Ljava/lang/Object;
y1.y	run	public	3	other	iget-object v4, v4, v17172, Ly1/y;->c:Ljava/lang/Object;
y1.y	run	public	4	ccast	4|Lu4/g;
y1.y	run	public	5	ccast	2|Ljava/lang/Runnable;
y1.y	run	public	6	ccast	1|Lu4/h$b;
y1.y	run	public	7	inv	virtual|None|v4|Ljava/lang/Object;|getClass||Ljava/lang/Class;
y1.y	run	public	8	new	0|Lw/b;
y1.y	run	public	9	other	invoke-direct {v0, v2, v3, v1}, Lw/b;-><init>(BBB)V
y1.y	run	public	10	other	iget-object v4, v4, v16805, Lu4/g;->b:Ljava/util/concurrent/ExecutorService;
y1.y	run	public	11	inv	interface|None|v4, v0|Ljava/util/concurrent/Executor;|execute|Ljava/lang/Runnable;|V
y1.y	run	public	12	ccast	4|Lcom/appsflyer/internal/AFc1wSDK;
y1.y	run	public	13	ccast	1|Ljava/lang/Throwable;
y1.y	run	public	14	ccast	2|Ljava/lang/String;
y1.y	run	public	15	inv	static|None|v4, v1, v2|Lcom/appsflyer/internal/AFc1wSDK;|d|Landroidx/work/impl/workers/DiagnosticsWorker;Landroid/app/RemoteInput;La3/b;|V
y1.y	run	public	16	ccast	4|Lcom/activision/game/MainActivity;
y1.y	run	public	17	ccast	2|Ljava/lang/StringBuffer;
y1.y	run	public	18	ccast	1|Ljava/util/concurrent/Semaphore;
y1.y	run	public	19	other	iget-object v4, v4, v4497, Lcom/activision/game/MainActivity;->b:Lcom/activision/game/WebViewDialog;
y1.y	run	public	20	other	iget-object v4, v4, v4528, Lcom/activision/game/WebViewDialog;->b:Landroid/webkit/WebView;
y1.y	run	public	21	inv	virtual|None|v4|Landroid/webkit/WebView;|getSettings||Landroid/webkit/WebSettings;
y1.y	run	public	22	inv	virtual|None|v4|Landroid/webkit/WebSettings;|getUserAgentString||Ljava/lang/String;
y1.y	run	public	23	inv	virtual|None|v2, v0|Ljava/lang/StringBuffer;|setLength|I|V
y1.y	run	public	24	inv	virtual|None|v2, v4|Ljava/lang/StringBuffer;|append|Ljava/lang/String;|Ljava/lang/StringBuffer;
y1.y	run	public	25	inv	virtual|None|v1|Ljava/util/concurrent/Semaphore;|release||V
y1.y	run	public	26	ccast	4|Lcom/activision/game/MainActivity;
y1.y	run	public	27	ccast	2|Ljava/lang/String;
y1.y	run	public	28	ccast	1|Ljava/lang/String;
y1.y	run	public	29	sget	0|Lcom/activision/game/MainActivity;|F|Ljava/util/HashMap;
y1.y	run	public	30	inv	virtual|None|v4|Ljava/lang/Object;|getClass||Ljava/lang/Class;
y1.y	run	public	31	new	0|Landroid/content/Intent;
y1.y	run	public	32	cstr	3|android.intent.action.SEND
y1.y	run	public	33	other	invoke-direct {v0, v3}, Landroid/content/Intent;-><init>(Ljava/lang/String;)V
y1.y	run	public	34	cstr	3|android.intent.extra.TITLE
y1.y	run	public	35	inv	virtual|None|v0, v3, v2|Landroid/content/Intent;|putExtra|Landroid/app/NotificationChannel;La3/b;|Landroid/content/Intent;
y1.y	run	public	36	cstr	2|android.intent.extra.TEXT
y1.y	run	public	37	inv	virtual|None|v0, v2, v1|Landroid/content/Intent;|putExtra|Landroid/app/NotificationChannel;La3/b;|Landroid/content/Intent;
y1.y	run	public	38	cstr	1|text/plain
y1.y	run	public	39	inv	virtual|None|v0, v1|Landroid/content/Intent;|setType|Ljava/lang/String;|Landroid/content/Intent;
y1.y	run	public	40	inv	static|None|v0, v1|Landroid/content/Intent;|createChooser|La0/b;Landroid/accounts/AccountManagerFuture;|Landroid/content/Intent;
y1.y	run	public	41	inv	virtual|None|v4, v0|Landroid/content/Context;|startActivity|Landroid/content/Intent;|V
y1.y	run	public	42	ccast	4|Lcom/google/firebase/messaging/h;
y1.y	run	public	43	ccast	2|Landroid/content/Intent;
y1.y	run	public	44	ccast	1|Ld4/j;
y1.y	run	public	45	inv	static|None|v4, v2, v1|Lcom/google/firebase/messaging/h;|b|Lcom/android/billingclient/api/InAppMessageResponseListener;La0/b;Landroid/app/AppComponentFactory;|V
y1.z	<init>		0	other	.registers 7
y1.z	<init>		1	other	invoke-direct {v0}, Ljava/lang/Object;-><init>()V
y1.z	<init>		2	other	iput-object v1, v0, v17175, Ly1/z;->b:Lcom/activision/game/MainActivity;
y1.z	<init>		3	other	iput-object v2, v0, v17176, Ly1/z;->c:Ljava/lang/String;
y1.z	<init>		4	other	iput-object v5, v0, v17178, Ly1/z;->e:Ljava/lang/String;
y1.z	<init>		5	other	iput-object v6, v0, v17179, Ly1/z;->f:Ljava/lang/String;
y1.z	run	public	0	other	.registers 9
y1.z	run	public	1	sget	0|Lcom/activision/game/MainActivity;|F|Ljava/util/HashMap;
y1.z	run	public	2	other	iget-object v0, v8, v17175, Ly1/z;->b:Lcom/activision/game/MainActivity;
y1.z	run	public	3	inv	virtual|None|v0|Ljava/lang/Object;|getClass||Ljava/lang/Class;
y1.z	run	public	4	new	1|Ljava/util/HashMap;
y1.z	run	public	5	other	invoke-direct {v1}, Ljava/util/HashMap;-><init>()V
y1.z	run	public	6	cstr	2|NOTIFICATION_TITLE
y1.z	run	public	7	other	iget-object v3, v8, v17178, Ly1/z;->e:Ljava/lang/String;
y1.z	run	public	8	inv	virtual|None|v1, v2, v3|Ljava/util/HashMap;|put|Landroid/app/KeyguardManager;La3/b;|Ljava/lang/Object;
y1.z	run	public	9	cstr	2|NOTIFICATION_BODY
y1.z	run	public	10	other	iget-object v3, v8, v17179, Ly1/z;->f:Ljava/lang/String;
y1.z	run	public	11	inv	virtual|None|v1, v2, v3|Ljava/util/HashMap;|put|Landroid/app/KeyguardManager;La3/b;|Ljava/lang/Object;
y1.z	run	public	12	new	2|Landroidx/work/b;
y1.z	run	public	13	other	invoke-direct {v2, v1}, Landroidx/work/b;-><init>(Ljava/util/HashMap;)V
y1.z	run	public	14	inv	static|None|v2|Landroidx/work/b;|b|Landroidx/work/b;|[B
y1.z	run	public	15	new	1|Lj1/k$a;
y1.z	run	public	16	ccls	3|Lcom/activision/game/LocalNotification;
y1.z	run	public	17	other	invoke-direct {v1, v3}, Lj1/k$a;-><init>(Ljava/lang/Class;)V
y1.z	run	public	18	sget	3|Ljava/util/concurrent/TimeUnit;|SECONDS|Ljava/util/concurrent/TimeUnit;
y1.z	run	public	19	other	iget-object v4, v1, v14731, Lj1/o$a;->b:Ls1/o;
y1.z	run	public	20	inv	virtual|None|v3, v5, v6|Ljava/util/concurrent/TimeUnit;|toMillis|B|J
y1.z	run	public	21	inv	static|None||Ljava/lang/System;|currentTimeMillis||J
y1.z	run	public	22	other	iget-object v5, v1, v14731, Lj1/o$a;->b:Ls1/o;
y1.z	run	public	23	other	iput-object v2, v5, v16395, Ls1/o;->e:Landroidx/work/b;
y1.z	run	public	24	inv	virtual|None|v1|Lj1/o$a;|a||Lj1/k;
y1.z	run	public	25	inv	static|None|v0|Lk1/k;|c|Landroid/content/Context;|Lk1/k;
y1.z	run	public	26	inv	virtual|None|v0|Ljava/lang/Object;|getClass||Ljava/lang/Class;
y1.z	run	public	27	inv	static|None|v1|Ljava/util/Collections;|singletonList|Ljava/lang/Object;|Ljava/util/List;
y1.z	run	public	28	other	iget-object v8, v8, v17176, Ly1/z;->c:Ljava/lang/String;
y1.z	run	public	29	inv	virtual|None|v0, v8, v1|Lk1/k;|b|Landroid/app/NotificationChannel;La3/b;|Lj1/l;
y1.z	run	public	30	new	8|Ljava/lang/IllegalArgumentException;
y1.z	run	public	31	cstr	0|The given initial delay is too large and will cause an overflow!
y1.z	run	public	32	other	invoke-direct {v8, v0}, Ljava/lang/IllegalArgumentException;-><init>(Ljava/lang/String;)V
